STATE,STATENAME,ST_CASE,VEH_NO,TRAILER_NO,VEHICLEDESCRIPTOR,VINDECODEDON,VINDECODEERROR,VEHICLETYPEID,VEHICLETYPE,MANUFACTURERFULLNAMEID,MANUFACTURERFULLNAME,MAKEID,MAKE,MODELID,MODEL,MODELYEAR,SERIES,TRIM,PLANTCOUNTRYID,PLANTCOUNTRY,PLANTSTATE,PLANTCITY,PLANTCOMPANYNAME,NONLANDUSEID,NONLANDUSE,NOTE,BODYCLASSID,BODYCLASS,GROSSVEHICLEWEIGHTRATINGFROMID,GROSSVEHICLEWEIGHTRATINGFROM,GROSSVEHICLEWEIGHTRATINGTOID,GROSSVEHICLEWEIGHTRATINGTO,TRAILERBODYTYPEID,TRAILERBODYTYPE,TRAILERTYPECONNECTIONID,TRAILERTYPECONNECTION,TRAILERLENGTHFT,OTHERTRAILERINFO,AXLESCOUNT,AXLECONFIGURATIONID,AXLECONFIGURATION
4,Arizona,40011,2,1,1UYVS248*AM******,2024-03-15 02:12:38,0,6,TRAILER,10289,UTILITY TRAILER MANUFACTURING COMPANY,10138,UTILITY TRAILER MANUFACTURER,26222,Utility Trailer Manufacturer,2010,,,6,UNITED STATES (USA),VIRGINIA,MARION,,,,,61,Trailer,,,,,36,Van Trailer,4,Straight Semi/Semi Trailer,48.000,,2,,
4,Arizona,40193,2,1,3H3V532C*8T******,2024-03-15 02:12:38,0,6,TRAILER,14282,"HYUNDAI DE MEXICO, S.A. DE C.V.",4876,HYUNDAI TRANSLEAD TRAILERS,11496,Hyundai Translead Trailers,2008,,,12,MEXICO,BAJA CALIFORNIA,TIJUANA,,,,,61,Trailer,,,,,36,Van Trailer,,,53.000,Material: Aluminum/Steel,2,,
4,Arizona,40198,2,1,1UYVS253*EU******,2024-03-15 02:12:38,0,6,TRAILER,10289,UTILITY TRAILER MANUFACTURING COMPANY,10138,UTILITY TRAILER MANUFACTURER,26222,Utility Trailer Manufacturer,2014,,,6,UNITED STATES (USA),UTAH,CLEARFIELD,,,,,61,Trailer,,,,,36,Van Trailer,4,Straight Semi/Semi Trailer,53.000,,2,,
4,Arizona,40267,2,1,1PT011AH*W9******,2024-03-15 02:12:38,0,6,TRAILER,3233,TRAILMOBILE (PULLMAN INCORPORATED),6072,TRAILMOBILE,15904,Trailmobile Trailer,1998,Optimum,,6,UNITED STATES (USA),ILLINOIS,CHARLESTON,,,,,61,Trailer,,,,,,,,,,Straight Frame,,3,Tandem
4,Arizona,40362,2,1,1GRAP561*GK******,2024-03-15 02:12:38,0,6,TRAILER,1073,GREAT DANE TRAILERS,520,GREAT DANE TRAILERS,13436,Great Dane Trailers,2016,,,6,UNITED STATES (USA),ILLINOIS,KEWANEE,,,,,61,Trailer,,,,,,,4,Straight Semi/Semi Trailer,28.000,Dry Freight Van / Reefer Van / Insulated Van,1,,
4,Arizona,40362,2,2,1JJV281D*NL******,2024-03-15 02:12:38,0,6,TRAILER,14508,WABASH NATIONAL CORPORATION,12319,WABASH VANS,10942,Dry Van Duraplate,2022,,,6,UNITED STATES (USA),INDIANA,LAFAYETTE,,,,,61,Trailer,,,,,36,Van Trailer,6,Kingpin,28.000,,1,,
4,Arizona,40378,2,1,1RZ19F2C*E2******,2024-03-15 02:12:38,0,6,TRAILER,6992,"CON-WAY MANUFACTURING, INC.",1881,CON-WAY MANUFACTURING,5385,CON-WAY MANUFACTURING,2014,,,6,UNITED STATES (USA),ARIZONA,SEARCY,,,,Body Construction = other,61,Trailer,,,,,131,Truck Campers,,,51.000,Length = greater than 50,2,,
4,Arizona,40383,2,1,1UYVS253*J3******,2024-03-15 02:12:38,0,6,TRAILER,10289,UTILITY TRAILER MANUFACTURING COMPANY,10138,UTILITY TRAILER MANUFACTURER,26222,Utility Trailer Manufacturer,2018,,,6,UNITED STATES (USA),ARKANSAS,PARAGOULD,,,,,61,Trailer,,,,,36,Van Trailer,4,Straight Semi/Semi Trailer,53.000,,2,,
4,Arizona,40392,1,1,3H3V281C*GT******,2024-03-15 02:12:38,0,6,TRAILER,14282,"HYUNDAI DE MEXICO, S.A. DE C.V.",4876,HYUNDAI TRANSLEAD TRAILERS,11496,Hyundai Translead Trailers,2016,,,12,MEXICO,BAJA CALIFORNIA,TIJUANA,,,,,61,Trailer,,,,,36,Van Trailer,,,28.000,Material: Aluminum/Steel,1,,
4,Arizona,40392,1,2,3H3V281C*JT******,2024-03-15 02:12:38,0,6,TRAILER,14282,"HYUNDAI DE MEXICO, S.A. DE C.V.",4876,HYUNDAI TRANSLEAD TRAILERS,11496,Hyundai Translead Trailers,2018,,,12,MEXICO,BAJA CALIFORNIA,TIJUANA,,,,,61,Trailer,,,,,36,Van Trailer,,,28.000,Material: Aluminum/Steel,1,,
4,Arizona,40392,2,1,3H3V281C*JT******,2024-03-15 02:12:38,0,6,TRAILER,14282,"HYUNDAI DE MEXICO, S.A. DE C.V.",4876,HYUNDAI TRANSLEAD TRAILERS,11496,Hyundai Translead Trailers,2018,,,12,MEXICO,BAJA CALIFORNIA,TIJUANA,,,,,61,Trailer,,,,,36,Van Trailer,,,28.000,Material: Aluminum/Steel,1,,
4,Arizona,40396,2,1,1DW1A532*1S******,2024-03-15 02:12:38,0,6,TRAILER,13506,"STOUGHTON TRAILERS, INC.",3414,STOUGHTON TRAILERS,7701,Stoughton trailers,2001,,,6,UNITED STATES (USA),WISCONSIN,STOUGHTON,"Stoughton Trailers, INC",,,,61,Trailer,,,,,36,Van Trailer,4,Straight Semi/Semi Trailer,53.000,,2,,
4,Arizona,40450,2,1,1UYVS253*J2******,2024-03-15 02:12:38,0,6,TRAILER,10289,UTILITY TRAILER MANUFACTURING COMPANY,10138,UTILITY TRAILER MANUFACTURER,26222,Utility Trailer Manufacturer,2018,,,6,UNITED STATES (USA),UTAH,CLEARFIELD,,,,,61,Trailer,,,,,36,Van Trailer,4,Straight Semi/Semi Trailer,53.000,,2,,
4,Arizona,40464,2,1,1UYVS253*K2******,2024-03-15 02:12:38,0,6,TRAILER,10289,UTILITY TRAILER MANUFACTURING COMPANY,10138,UTILITY TRAILER MANUFACTURER,26222,Utility Trailer Manufacturer,2019,,,6,UNITED STATES (USA),UTAH,CLEARFIELD,,,,,61,Trailer,,,,,36,Van Trailer,4,Straight Semi/Semi Trailer,53.000,,2,,
4,Arizona,40534,1,1,1UYVS253*DP******,2024-03-15 02:12:38,0,6,TRAILER,10289,UTILITY TRAILER MANUFACTURING COMPANY,10138,UTILITY TRAILER MANUFACTURER,26222,Utility Trailer Manufacturer,2013,,,6,UNITED STATES (USA),ARKANSAS,PARAGOULD,,,,,61,Trailer,,,,,36,Van Trailer,4,Straight Semi/Semi Trailer,53.000,,2,,
4,Arizona,40536,2,1,5V8VC532*JM******,2024-03-15 02:12:38,0,6,TRAILER,16522,VANGUARD NATIONAL TRAILER CORPORTATION,6474,VANGUARD NATIONAL TRAILER CORPORATION (VNTC),17782,VANGUARD NATIONAL TRAILER CORPORATION (VNTC),2018,,,6,UNITED STATES (USA),INDIANA,MONON,,,,,61,Trailer,,,,,186,Dry Freight,6,Kingpin,53.000,Composite Plate Semitrailer (VXP),,3,Tandem
4,Arizona,40536,3,1,1GRAP062*ND******,2024-03-15 02:12:38,0,6,TRAILER,1073,GREAT DANE TRAILERS,520,GREAT DANE TRAILERS,13436,Great Dane Trailers,2022,,,6,UNITED STATES (USA),PENNSYLVANIA,DANVILLE,,,,,61,Trailer,,,,,36,Van Trailer,4,Straight Semi/Semi Trailer,53.000,"Semitrailer - Dry Freight Van, Reefer Van, Insulated Van",2,,
4,Arizona,40583,3,1,1GR1A062*NW******,2024-03-15 02:12:38,0,6,TRAILER,1073,GREAT DANE TRAILERS,520,GREAT DANE TRAILERS,13436,Great Dane Trailers,2022,,,6,UNITED STATES (USA),NEBRASKA,WAYNE,,,,,61,Trailer,,,,,,,6,Kingpin,53.000,"Semitrailer - dry freight, reefer, or insulated van",2,,
4,Arizona,40591,2,1,3H3V281C*DT******,2024-03-15 02:12:38,0,6,TRAILER,14282,"HYUNDAI DE MEXICO, S.A. DE C.V.",4876,HYUNDAI TRANSLEAD TRAILERS,11496,Hyundai Translead Trailers,2013,,,12,MEXICO,BAJA CALIFORNIA,TIJUANA,,,,,61,Trailer,,,,,36,Van Trailer,,,28.000,Material: Aluminum/Steel,1,,
4,Arizona,40591,2,2,1DW1A281*XS******,2024-03-15 02:12:38,0,6,TRAILER,13506,"STOUGHTON TRAILERS, INC.",3414,STOUGHTON TRAILERS,7701,Stoughton trailers,1999,,,6,UNITED STATES (USA),WISCONSIN,STOUGHTON,"Stoughton Trailers, INC",,,,61,Trailer,,,,,36,Van Trailer,4,Straight Semi/Semi Trailer,28.000,,1,,
4,Arizona,40593,2,1,1TTF4820*V1******,2024-03-15 02:12:38,0,6,TRAILER,8231,TRANSCRAFT CORPORATION,10511,TRANSCRAFT,28401,Transcraft,1997,,,6,UNITED STATES (USA),ILLINOIS,ANNA,,,,,61,Trailer,,,,,6,Flat Bed Trailer/Platform Trailer,6,Kingpin,48.000,Platform,2,,
4,Arizona,40600,2,1,5V8VC532*NT******,2024-03-15 02:12:38,0,6,TRAILER,16522,VANGUARD NATIONAL TRAILER CORPORTATION,6474,VANGUARD NATIONAL TRAILER CORPORATION (VNTC),17782,VANGUARD NATIONAL TRAILER CORPORATION (VNTC),2022,,,6,UNITED STATES (USA),GEORGIA,TRENTON,,,,,61,Trailer,,,,,186,Dry Freight,6,Kingpin,53.000,Composite Plate Semitrailer (VXP),,3,Tandem
4,Arizona,40609,1,1,1UYVS253*K2******,2024-03-15 02:12:38,0,6,TRAILER,10289,UTILITY TRAILER MANUFACTURING COMPANY,10138,UTILITY TRAILER MANUFACTURER,26222,Utility Trailer Manufacturer,2019,,,6,UNITED STATES (USA),UTAH,CLEARFIELD,,,,,61,Trailer,,,,,36,Van Trailer,4,Straight Semi/Semi Trailer,53.000,,2,,
4,Arizona,40622,2,1,1JJV532D*HL******,2024-03-15 02:12:38,0,6,TRAILER,14508,WABASH NATIONAL CORPORATION,12319,WABASH VANS,10942,Dry Van Duraplate,2017,,,6,UNITED STATES (USA),INDIANA,LAFAYETTE,,,,,61,Trailer,,,,,36,Van Trailer,,,53.000,,2,,
4,Arizona,40625,2,1,1JJV532W*YL******,2024-03-15 02:12:38,0,6,TRAILER,14508,WABASH NATIONAL CORPORATION,4847,WABASH,13327,Wabash National Corporation,2000,,,6,UNITED STATES (USA),INDIANA,LAFAYETTE,,,,,61,Trailer,,,,,36,Van Trailer,,,53.000,,2,,
4,Arizona,40641,2,1,4LF4G482*X3******,2024-03-15 02:12:38,0,6,TRAILER,13015,FONTAINE SPECIALIZED,7461,FONTAINE SPECIALIZED INC,19891,Fontaine Specialized Inc,1999,,,6,UNITED STATES (USA),ALABAMA,SPRINGVILLE,,,,Gooseneck -pin on removable,61,Trailer,,,,,101,Other,,,48.000,Lowbed or Drop Deck Trailer,2,,
4,Arizona,40645,1,1,1UYVS253*7P******,2024-03-15 02:12:38,0,6,TRAILER,10289,UTILITY TRAILER MANUFACTURING COMPANY,10138,UTILITY TRAILER MANUFACTURER,26222,Utility Trailer Manufacturer,2007,,,6,UNITED STATES (USA),ARKANSAS,PARAGOULD,,,,,61,Trailer,,,,,36,Van Trailer,4,Straight Semi/Semi Trailer,53.000,,2,,
4,Arizona,40655,2,1,1GRAA062*CT******,2024-03-15 02:12:38,0,6,TRAILER,1073,GREAT DANE TRAILERS,520,GREAT DANE TRAILERS,13436,Great Dane Trailers,2012,,,6,UNITED STATES (USA),INDIANA,TERRE HAUTE,,,,,61,Trailer,,,,,,,4,Straight Semi/Semi Trailer,53.000,Dry Freight Van / Reefer Van / Insulated Van,2,,
4,Arizona,40697,3,1,1UYVS253*H6******,2024-03-15 02:12:38,0,6,TRAILER,10289,UTILITY TRAILER MANUFACTURING COMPANY,10138,UTILITY TRAILER MANUFACTURER,26222,Utility Trailer Manufacturer,2017,,,6,UNITED STATES (USA),VIRGINIA,MARION,,,,,61,Trailer,,,,,36,Van Trailer,4,Straight Semi/Semi Trailer,53.000,,2,,
4,Arizona,40702,1,1,1GRAP062*EJ******,2024-03-15 02:12:38,0,6,TRAILER,1073,GREAT DANE TRAILERS,520,GREAT DANE TRAILERS,13436,Great Dane Trailers,2014,,,6,UNITED STATES (USA),ARKANSAS,JONESBORO,,,,"Jacksonville Florida (ended 02/1988); Jonesboro, Arkansas (effective 09/03/02)",61,Trailer,,,,,,,4,Straight Semi/Semi Trailer,53.000,Dry Freight Van / Reefer Van / Insulated Van,2,,
4,Arizona,40758,1,1,1JJV532D*ML******,2024-03-15 02:12:38,0,6,TRAILER,14508,WABASH NATIONAL CORPORATION,12319,WABASH VANS,10942,Dry Van Duraplate,2021,,,6,UNITED STATES (USA),INDIANA,LAFAYETTE,,,,,61,Trailer,,,,,36,Van Trailer,,,53.000,,2,,
4,Arizona,40758,2,1,1GR1P062*LK******,2024-03-15 02:12:38,0,6,TRAILER,1073,GREAT DANE TRAILERS,520,GREAT DANE TRAILERS,13436,Great Dane Trailers,2020,,,6,UNITED STATES (USA),ILLINOIS,KEWANEE,,,,,61,Trailer,,,,,,,6,Kingpin,53.000,"Semitrailer - dry freight, reefer, or insulated van",2,,
4,Arizona,40770,2,1,1TTF4820*62******,2024-03-15 02:12:38,0,6,TRAILER,8231,TRANSCRAFT CORPORATION,10511,TRANSCRAFT,28401,Transcraft,2006,,,6,UNITED STATES (USA),KENTUCKY,MOUNT STERLING,,,,,61,Trailer,,,,,6,Flat Bed Trailer/Platform Trailer,6,Kingpin,48.000,Platform,2,,
4,Arizona,40792,2,1,1GRAA062*KE******,2024-03-15 02:12:38,0,6,TRAILER,1073,GREAT DANE TRAILERS,520,GREAT DANE TRAILERS,13436,Great Dane Trailers,2019,,,6,UNITED STATES (USA),GEORGIA,STATESBORO,,,,,61,Trailer,,,,,36,Van Trailer,4,Straight Semi/Semi Trailer,53.000,"Semitrailer - Dry Freight Van, Reefer Van, Insulated Van",2,,
4,Arizona,40792,3,1,1JJV281W*6L******,2024-03-15 02:12:38,0,6,TRAILER,14508,WABASH NATIONAL CORPORATION,4847,WABASH,13327,Wabash National Corporation,2006,,,6,UNITED STATES (USA),INDIANA,LAFAYETTE,,,,,61,Trailer,,,,,36,Van Trailer,,,28.000,,1,,
4,Arizona,40792,3,2,1GRAP561*CK******,2024-03-15 02:12:38,0,6,TRAILER,1073,GREAT DANE TRAILERS,520,GREAT DANE TRAILERS,13436,Great Dane Trailers,2012,,,6,UNITED STATES (USA),ILLINOIS,KEWANEE,,,,,61,Trailer,,,,,,,4,Straight Semi/Semi Trailer,28.000,Dry Freight Van / Reefer Van / Insulated Van,1,,
4,Arizona,40802,1,1,1UYVS253*L6******,2024-03-15 02:12:38,0,6,TRAILER,10289,UTILITY TRAILER MANUFACTURING COMPANY,10138,UTILITY TRAILER MANUFACTURER,26222,Utility Trailer Manufacturer,2020,,,6,UNITED STATES (USA),VIRGINIA,MARION,,,,,61,Trailer,,,,,36,Van Trailer,4,Straight Semi/Semi Trailer,53.000,,2,,
4,Arizona,40809,1,1,3H3V532C*KR******,2024-03-15 02:12:38,0,6,TRAILER,14282,"HYUNDAI DE MEXICO, S.A. DE C.V.",4876,HYUNDAI TRANSLEAD TRAILERS,11496,Hyundai Translead Trailers,2019,,,12,MEXICO,BAJA CALIFORNIA,ROSARITO,,,,,61,Trailer,,,,,36,Van Trailer,,,53.000,Material: Aluminum/Steel,2,,
4,Arizona,40834,3,1,7KB1E101*PT******,2024-03-15 02:12:38,0,6,TRAILER,18721,"HAULMARK TRAILERS OF TX, INC.",9817,"HAULMARK TRAILERS OF TX, INC.",25194,"Haulmark Trailers of TX, Inc.",2023,,,6,UNITED STATES (USA),TEXAS,WACO,,,,,61,Trailer,,,,,5,Enclosed Trailer,14,Bumper Pull,10.000,,1,,
4,Arizona,41098,1,1,1UYVS253*J2******,2024-03-15 02:12:38,0,6,TRAILER,10289,UTILITY TRAILER MANUFACTURING COMPANY,10138,UTILITY TRAILER MANUFACTURER,26222,Utility Trailer Manufacturer,2018,,,6,UNITED STATES (USA),UTAH,CLEARFIELD,,,,,61,Trailer,,,,,36,Van Trailer,4,Straight Semi/Semi Trailer,53.000,,2,,
4,Arizona,41098,2,1,1UYVS253*AP******,2024-03-15 02:12:38,0,6,TRAILER,10289,UTILITY TRAILER MANUFACTURING COMPANY,10138,UTILITY TRAILER MANUFACTURER,26222,Utility Trailer Manufacturer,2010,,,6,UNITED STATES (USA),ARKANSAS,PARAGOULD,,,,,61,Trailer,,,,,36,Van Trailer,4,Straight Semi/Semi Trailer,53.000,,2,,
4,Arizona,41098,3,1,3H3V532K*NJ******,2024-03-15 02:12:38,0,6,TRAILER,14282,"HYUNDAI DE MEXICO, S.A. DE C.V.",4876,HYUNDAI TRANSLEAD TRAILERS,11496,Hyundai Translead Trailers,2022,,,12,MEXICO,BAJA CALIFORNIA,TIJUANA,,,,Body Type: SEMITRAILER,61,Trailer,,,,,36,Van Trailer,6,Kingpin,53.000,,2,,
4,Arizona,41113,1,1,3UTVS253*P8******,2024-03-15 02:12:38,0,6,TRAILER,10289,UTILITY TRAILER MANUFACTURING COMPANY,10138,UTILITY TRAILER MANUFACTURER,26222,Utility Trailer Manufacturer,2023,,,12,MEXICO,,PIEDRAS NEGRAS,,,,,61,Trailer,,,,,36,Van Trailer,4,Straight Semi/Semi Trailer,53.000,,2,,
5,Arkansas,50005,2,1,5NYGU202*HN******,2024-03-15 02:12:38,0,6,TRAILER,8050,RANDY MYERS STAGECOACH TRAILERS,4408,STAGECOACH TRAILERS,9208,Stagecoach Trailers,2017,,,6,UNITED STATES (USA),TEXAS,NAPLES,,,,,61,Trailer,,,,,16,Utility Trailer,3,Gooseneck,20.000,,2,,
5,Arkansas,50022,1,1,1TDH4222*7B******,2024-03-15 02:12:38,0,6,TRAILER,8330,TIMPTE INC.,5331,"TIMPTE, INC",13636,Timpte,2007,,,6,UNITED STATES (USA),NEBRASKA,DAVID CITY,,,,"Seventh VIN position indicates the additional length of the trailer to the nearest inch up to 9 inches. If the additional length is 10 inches or more the seventh character is zero (0) and the sixth character will be increased to the next foot. For example : a 42ft 9in trailer will be represent in VIN position 5, 6 & 7 as ""429"" and a 42ft 10in. trailer will be represented in VIN position 5 , 6 & 7 as ""430"" respectively.",61,Trailer,,,,,174,Dry Bulk Trailer,,,42.000,Dry Bulk-Bottom Hopper,2,,
5,Arkansas,50076,2,1,1M9BA402*G1435***,2024-03-15 02:12:38,0,6,TRAILER,22478,"MAGNOLIA TRAILERS, INC.",12332,"MAGNOLIA TRAILERS, INC.",32132,"MAGNOLIA TRAILERS, INC.",2016,,,6,UNITED STATES (USA),MISSISSIPPI,LUCEDALE,,,,,61,Trailer,,,,,101,Other,5,Fifth Wheel,40.000,Bolster Trailer,2,,
5,Arkansas,50156,1,1,1DW1A281*LS******,2024-03-15 02:12:38,0,6,TRAILER,13506,"STOUGHTON TRAILERS, INC.",3414,STOUGHTON TRAILERS,7701,Stoughton trailers,2020,,,6,UNITED STATES (USA),WISCONSIN,STOUGHTON,"Stoughton Trailers, INC",,,,61,Trailer,,,,,36,Van Trailer,4,Straight Semi/Semi Trailer,28.000,,1,,
5,Arkansas,50156,1,2,1GRAA561*8K******,2024-03-15 02:12:38,0,6,TRAILER,1073,GREAT DANE TRAILERS,520,GREAT DANE TRAILERS,13436,Great Dane Trailers,2008,,,6,UNITED STATES (USA),ILLINOIS,KEWANEE,,,,Effective 01/01/00,61,Trailer,,,,,36,Van Trailer,4,Straight Semi/Semi Trailer,28.000,Trailer Type = Dry Freight/ Reefer/ Insulated Van,1,,
5,Arkansas,50192,2,1,1L9AC32C*HL033***,2024-03-15 02:12:38,0,6,TRAILER,2705,"LEDWELL & SON ENTERPRISES, INC.",9834,"LEDWELL & SONS ENTERPRISES, INC.",25224,"Ledwell & Sons Enterprises, Inc.",2017,Drag Chain,,6,UNITED STATES (USA),TEXAS,TEXARKANA,,,,,61,Trailer,,,,,,,,,40.000,Type of Vehicle: Drag Chain,2,,
5,Arkansas,50209,1,1,5WSABB23*LN******,2024-03-15 02:12:38,0,6,TRAILER,10142,WALKER STAINLESS EQUIPMENT CO,6978,WALKER,32634,NON-DOT/TC Spec,2020,3A/Foodgrade/Water/Fertilizer/Septic/Dry Bulk/Etc.,,6,UNITED STATES (USA),WISCONSIN,NEW LISBON,,,,,61,Trailer,,,,,15,Tank Trailer,4,Straight Semi/Semi Trailer,,Length of Trailer: 40-49 feet,2,,
5,Arkansas,50345,1,1,1TTF5320*81******,2024-03-15 02:12:38,0,6,TRAILER,8231,TRANSCRAFT CORPORATION,10511,TRANSCRAFT,28401,Transcraft,2008,,,6,UNITED STATES (USA),ILLINOIS,ANNA,,,,,61,Trailer,,,,,6,Flat Bed Trailer/Platform Trailer,6,Kingpin,53.000,Platform,2,,
5,Arkansas,50359,2,1,4WW4412A*H7******,2024-03-15 02:12:38,0,6,TRAILER,11681,WILSON TRAILER CO.,3855,WILSON TRAILER CO.,8390,Wilson Trailer Co.,2017,,,6,UNITED STATES (USA),SOUTH DAKOTA,LENNOX,,,,Type of suspension: Air Ride,61,Trailer,,,,,101,Other,,,41.000,Grain Trailer,2,,
5,Arkansas,50494,1,1,1UYVS253*EM******,2024-03-15 02:12:38,0,6,TRAILER,10289,UTILITY TRAILER MANUFACTURING COMPANY,10138,UTILITY TRAILER MANUFACTURER,26222,Utility Trailer Manufacturer,2014,,,6,UNITED STATES (USA),VIRGINIA,MARION,,,,,61,Trailer,,,,,36,Van Trailer,4,Straight Semi/Semi Trailer,53.000,,2,,
5,Arkansas,50580,2,1,1TTF4820*42******,2024-03-15 02:12:38,0,6,TRAILER,8231,TRANSCRAFT CORPORATION,10511,TRANSCRAFT,28401,Transcraft,2004,,,6,UNITED STATES (USA),KENTUCKY,MOUNT STERLING,,,,,61,Trailer,,,,,6,Flat Bed Trailer/Platform Trailer,6,Kingpin,48.000,Platform,2,,
6,California,60018,2,1,1UYFS244*4A******,2024-03-20 00:50:50,0,6,TRAILER,10289,UTILITY TRAILER MANUFACTURING COMPANY,10138,UTILITY TRAILER MANUFACTURER,26222,Utility Trailer Manufacturer,2004,,,6,UNITED STATES (USA),ALABAMA,ENTERPRISE,,,,,61,Trailer,,,,,6,Flat Bed Trailer/Platform Trailer,4,Straight Semi/Semi Trailer,44.000,,2,,
6,California,60028,2,1,5DN15442*KB******,2024-03-20 00:50:50,0,6,TRAILER,8543,WESTERN TRAILER COMPANY,3808,WESTERN TRAILER COMPANY,8295,Western Trailer Company,2019,,,6,UNITED STATES (USA),IDAHO,BOISE,Western Trailer Company,,,,61,Trailer,,,,,,,4,Straight Semi/Semi Trailer,44.000,Transfer (Express Belt),2,,
6,California,60042,3,1,1R9BD122*LF600***,2024-03-20 00:50:50,0,6,TRAILER,10468,R & J TRAILERS COMPANY,2651,R & J TRAILERS,6506,R & J Trailers,2020,,,6,UNITED STATES (USA),CALIFORNIA,FRESNO,,,,,61,Trailer,,,,,4,Dump Trailer/Dumping Trailer,1,Ball Type Pull,12.000,,2,,
6,California,60064,2,1,3H3V532C*JT******,2024-03-20 00:50:50,0,6,TRAILER,14282,"HYUNDAI DE MEXICO, S.A. DE C.V.",4876,HYUNDAI TRANSLEAD TRAILERS,11496,Hyundai Translead Trailers,2018,,,12,MEXICO,BAJA CALIFORNIA,TIJUANA,,,,,61,Trailer,,,,,36,Van Trailer,,,53.000,Material: Aluminum/Steel,2,,
6,California,60088,1,1,1GRAA062*7D******,2024-03-20 00:50:50,0,6,TRAILER,1073,GREAT DANE TRAILERS,520,GREAT DANE TRAILERS,13436,Great Dane Trailers,2007,,,6,UNITED STATES (USA),PENNSYLVANIA,DANVILLE,,,,Effective 12/01/01,61,Trailer,,,,,36,Van Trailer,4,Straight Semi/Semi Trailer,6.000,Trailer Type = Dry Freight/ Reefer/ Insulated Van,2,,
6,California,60099,2,1,1UYFS248*7A******,2024-03-20 00:50:50,0,6,TRAILER,10289,UTILITY TRAILER MANUFACTURING COMPANY,10138,UTILITY TRAILER MANUFACTURER,26222,Utility Trailer Manufacturer,2007,,,6,UNITED STATES (USA),ALABAMA,ENTERPRISE,,,,,61,Trailer,,,,,6,Flat Bed Trailer/Platform Trailer,4,Straight Semi/Semi Trailer,48.000,,2,,
6,California,60105,2,1,1C9FA382*G1257***,2024-03-20 00:50:50,0,6,TRAILER,1787,C.E.I. EQUIPMENT COMPANY INC.,1717,"CEI EQUIPMENT COMPANY, INC.",5153,"CEI Equipment Company, Inc.",2016,Pacer AT35,,6,UNITED STATES (USA),IOWA,CEDAR RAPIDS,"CEI Equipment Company, Inc.",,,,61,Trailer,9,"Class 8: 33,001 lb and above (14,969 kg and above)",,,103,Bulk,,,38.000,,2,,
6,California,60123,2,1,1TTE4820*31******,2024-03-20 00:50:50,0,6,TRAILER,8231,TRANSCRAFT CORPORATION,10511,TRANSCRAFT,28401,Transcraft,2003,,,6,UNITED STATES (USA),ILLINOIS,ANNA,,,,,61,Trailer,,,,,61,Drop Deck Trailer,6,Kingpin,48.000,,2,,
6,California,60126,2,1,3H3V532S*NJ******,2024-03-20 00:50:50,0,6,TRAILER,14282,"HYUNDAI DE MEXICO, S.A. DE C.V.",4876,HYUNDAI TRANSLEAD TRAILERS,11496,Hyundai Translead Trailers,2022,,,12,MEXICO,BAJA CALIFORNIA,TIJUANA,,,,Material: Steel,61,Trailer,,,,,36,Van Trailer,,,53.000,,2,,
6,California,60147,2,1,1GRAP062*HJ******,2024-03-20 00:50:50,0,6,TRAILER,1073,GREAT DANE TRAILERS,520,GREAT DANE TRAILERS,13436,Great Dane Trailers,2017,,,6,UNITED STATES (USA),ARKANSAS,JONESBORO,,,,"Jacksonville Florida (ended 02/1988); Jonesboro, Arkansas (effective 09/03/02)",61,Trailer,,,,,,,4,Straight Semi/Semi Trailer,53.000,Dry Freight Van / Reefer Van / Insulated Van,2,,
6,California,60156,1,1,1GRAP062*JD******,2024-03-20 00:50:50,0,6,TRAILER,1073,GREAT DANE TRAILERS,520,GREAT DANE TRAILERS,13436,Great Dane Trailers,2018,,,6,UNITED STATES (USA),PENNSYLVANIA,DANVILLE,,,,,61,Trailer,,,,,36,Van Trailer,4,Straight Semi/Semi Trailer,53.000,"Semitrailer - Dry Freight Van, Reefer Van, Insulated Van",2,,
6,California,60177,2,1,1UYFS248*DA******,2024-03-20 00:50:50,0,6,TRAILER,10289,UTILITY TRAILER MANUFACTURING COMPANY,10138,UTILITY TRAILER MANUFACTURER,26222,Utility Trailer Manufacturer,2013,,,6,UNITED STATES (USA),ALABAMA,ENTERPRISE,,,,,61,Trailer,,,,,6,Flat Bed Trailer/Platform Trailer,4,Straight Semi/Semi Trailer,48.000,,2,,
6,California,60184,2,1,3H3V532C*JR******,2024-03-20 00:50:50,0,6,TRAILER,14282,"HYUNDAI DE MEXICO, S.A. DE C.V.",4876,HYUNDAI TRANSLEAD TRAILERS,11496,Hyundai Translead Trailers,2018,,,12,MEXICO,BAJA CALIFORNIA,ROSARITO,,,,,61,Trailer,,,,,36,Van Trailer,,,53.000,Material: Aluminum/Steel,2,,
6,California,60200,2,1,1JJV532B*JL******,2024-03-20 00:50:50,0,6,TRAILER,14508,WABASH NATIONAL CORPORATION,12319,WABASH VANS,10945,Refrigerated Van,2018,,,6,UNITED STATES (USA),INDIANA,LAFAYETTE,,,,,61,Trailer,,,,,36,Van Trailer,,,53.000,,2,,
6,California,60213,2,1,1A9A4432*MH939***,2024-03-20 00:50:50,0,6,TRAILER,7368,APPLIED CRYO TECHNOLOGIES,843,APPLIED CRYO TECHNOLOGIES,4018,Applied Cryo Technologies,2021,,,6,UNITED STATES (USA),TEXAS,HOUSTON,,,,,61,Trailer,,,,,15,Tank Trailer,,,43.000,,2,,
6,California,60224,1,1,1GRAA062*FT******,2024-03-20 00:50:50,0,6,TRAILER,1073,GREAT DANE TRAILERS,520,GREAT DANE TRAILERS,13436,Great Dane Trailers,2015,,,6,UNITED STATES (USA),INDIANA,TERRE HAUTE,,,,,61,Trailer,,,,,,,4,Straight Semi/Semi Trailer,53.000,Dry Freight Van / Reefer Van / Insulated Van,2,,
6,California,60229,3,1,1JJV532W*5L******,2024-03-20 00:50:50,0,6,TRAILER,14508,WABASH NATIONAL CORPORATION,4847,WABASH,13327,Wabash National Corporation,2005,,,6,UNITED STATES (USA),INDIANA,LAFAYETTE,,,,,61,Trailer,,,,,36,Van Trailer,,,53.000,,2,,
6,California,60245,3,1,4WW5482A*G6******,2024-03-20 00:50:50,0,6,TRAILER,11681,WILSON TRAILER CO.,3855,WILSON TRAILER CO.,8390,Wilson Trailer Co.,2016,,,6,UNITED STATES (USA),MISSOURI,MOBERLY,,,,Type of suspension: Air Ride,61,Trailer,,,,,6,Flat Bed Trailer/Platform Trailer,,,48.000,,2,,
6,California,60257,1,1,1S12GC40*RG******,2024-03-20 00:50:50,0,6,TRAILER,14956,"STRICK TRAILERS, LLC",4977,STRICK COMMERCIAL TRAILER,12176,Strick Commercial Trailer,2024,,,6,UNITED STATES (USA),ARIZONA,CASA GRANDE,,,,,61,Trailer,,,,,,,,,40.000,Semi-Trailer/Gooseneck Chassis,2,3,Tandem
6,California,60311,2,1,1JJV532W*7L******,2024-03-20 00:50:50,0,6,TRAILER,14508,WABASH NATIONAL CORPORATION,4847,WABASH,13327,Wabash National Corporation,2007,,,6,UNITED STATES (USA),INDIANA,LAFAYETTE,,,,,61,Trailer,,,,,36,Van Trailer,,,53.000,,2,,
6,California,60333,1,1,LCAA830T*GT******,2024-03-20 00:50:50,0,6,TRAILER,9721,"LONG CHIH INDUSTRIAL CO., LTD.",2166,LONG CHIH INDUSTRIAL,5943,Long Chih Industrial,1986,,,4,TAIWAN,TAIPEI,SHU-LIN,,,,,61,Trailer,10,"Class 1A: 3,000 lb or less (1,360 kg or less)",,,,,,,,,,,
6,California,60352,2,1,1UYVS253*DP******,2024-03-20 00:50:50,0,6,TRAILER,10289,UTILITY TRAILER MANUFACTURING COMPANY,10138,UTILITY TRAILER MANUFACTURER,26222,Utility Trailer Manufacturer,2013,,,6,UNITED STATES (USA),ARKANSAS,PARAGOULD,,,,,61,Trailer,,,,,36,Van Trailer,4,Straight Semi/Semi Trailer,53.000,,2,,
6,California,60355,2,1,1S12E953*KG******,2024-03-20 00:50:50,0,6,TRAILER,14956,"STRICK TRAILERS, LLC",4977,STRICK COMMERCIAL TRAILER,12176,Strick Commercial Trailer,2019,Smooth Side,,6,UNITED STATES (USA),ARIZONA,CASA GRANDE,,,,,61,Trailer,,,,,,,,,53.000,Semi-Trailer/Dry Freight Van,2,3,Tandem
6,California,60369,2,1,51W12312*J1******,2024-03-20 00:50:50,0,6,TRAILER,6409,OUTDOORS RV MNUFACTURING INC.,2412,OUTDOORS RV,6196,TimberRidge,2018,,,6,UNITED STATES (USA),OREGON,LAGRANDE,,,,,61,Trailer,,,,,21,Travel Trailer,1,Ball Type Pull,31.000,Pull Travel Trailer,2,,
6,California,60379,3,1,3H3V532C*JR******,2024-03-20 00:50:50,0,6,TRAILER,14282,"HYUNDAI DE MEXICO, S.A. DE C.V.",4876,HYUNDAI TRANSLEAD TRAILERS,11496,Hyundai Translead Trailers,2018,,,12,MEXICO,BAJA CALIFORNIA,ROSARITO,,,,,61,Trailer,,,,,36,Van Trailer,,,53.000,Material: Aluminum/Steel,2,,
6,California,60380,3,1,1W16482A*D5******,2024-03-20 00:50:50,0,6,TRAILER,11681,WILSON TRAILER CO.,10450,WILSON,27561,Wilson,2013,,,6,UNITED STATES (USA),SOUTH DAKOTA,YANKTON,,,,,61,Trailer,,,,,53,Livestock - Cattle Trailer,,,48.000,Type of suspension: Air Ride,2,,
6,California,60394,1,1,LJRC4126*G1******,2024-03-20 00:50:50,0,6,TRAILER,9950,"CIMC VEHICLES GROUP CO., LTD.",4101,CIMC VEHICLES GROUP CO,8811,CIMC VEHICLES GROUP CO,2016,,,8,CHINA,,SHENZHEN,,,,"GVWR = 30,000-34,990kg",61,Trailer,9,"Class 8: 33,001 lb and above (14,969 kg and above)",,,109,Container Chassis/Container Trailer,,,41.000,,2,,
6,California,60439,2,1,1UYFS248*WA******,2024-03-20 00:50:50,0,6,TRAILER,10289,UTILITY TRAILER MANUFACTURING COMPANY,10138,UTILITY TRAILER MANUFACTURER,26222,Utility Trailer Manufacturer,1998,,,6,UNITED STATES (USA),ALABAMA,ENTERPRISE,,,,,61,Trailer,,,,,6,Flat Bed Trailer/Platform Trailer,4,Straight Semi/Semi Trailer,48.000,,2,,
6,California,60449,2,1,1JJV532D*EL******,2024-03-20 00:50:50,0,6,TRAILER,14508,WABASH NATIONAL CORPORATION,12319,WABASH VANS,10942,Dry Van Duraplate,2014,,,6,UNITED STATES (USA),INDIANA,LAFAYETTE,,,,,61,Trailer,,,,,36,Van Trailer,,,53.000,,2,,
6,California,60456,2,1,1UYVS253*XM******,2024-03-20 00:50:50,0,6,TRAILER,10289,UTILITY TRAILER MANUFACTURING COMPANY,10138,UTILITY TRAILER MANUFACTURER,26222,Utility Trailer Manufacturer,1999,,,6,UNITED STATES (USA),VIRGINIA,MARION,,,,,61,Trailer,,,,,36,Van Trailer,4,Straight Semi/Semi Trailer,53.000,,2,,
6,California,60470,2,1,1UYVS128*CU******,2024-03-20 00:50:50,0,6,TRAILER,10289,UTILITY TRAILER MANUFACTURING COMPANY,10138,UTILITY TRAILER MANUFACTURER,26222,Utility Trailer Manufacturer,2012,,,6,UNITED STATES (USA),UTAH,CLEARFIELD,,,,,61,Trailer,,,,,36,Van Trailer,4,Straight Semi/Semi Trailer,28.000,,1,,
6,California,60481,1,1,1JJV532D*ML******,2024-03-20 00:50:50,0,6,TRAILER,14508,WABASH NATIONAL CORPORATION,12319,WABASH VANS,10942,Dry Van Duraplate,2021,,,6,UNITED STATES (USA),INDIANA,LAFAYETTE,,,,,61,Trailer,,,,,36,Van Trailer,,,53.000,,2,,
6,California,60485,3,1,3H3V532C*KR******,2024-03-20 00:50:50,0,6,TRAILER,14282,"HYUNDAI DE MEXICO, S.A. DE C.V.",4876,HYUNDAI TRANSLEAD TRAILERS,11496,Hyundai Translead Trailers,2019,,,12,MEXICO,BAJA CALIFORNIA,ROSARITO,,,,,61,Trailer,,,,,36,Van Trailer,,,53.000,Material: Aluminum/Steel,2,,
6,California,60556,2,1,1GR1A062*NW******,2024-03-20 00:50:50,0,6,TRAILER,1073,GREAT DANE TRAILERS,520,GREAT DANE TRAILERS,13436,Great Dane Trailers,2022,,,6,UNITED STATES (USA),NEBRASKA,WAYNE,,,,,61,Trailer,,,,,,,6,Kingpin,53.000,"Semitrailer - dry freight, reefer, or insulated van",2,,
6,California,60595,3,1,4FGA1142*9C******,2024-03-20 00:50:50,0,6,TRAILER,13341,"FEATHERLITE TRAILER MANUFACTURING, LLC",997,FEATHERLITE TRAILERS,4226,Featherlite Trailers,2009,,,6,UNITED STATES (USA),IOWA,CRESCO,,,,,61,Trailer,,,,,14,Horse Trailer,14,Bumper Pull,14.000,Aluminum,2,,
6,California,60660,2,1,1UNST422*7L******,2024-03-20 00:50:50,0,6,TRAILER,1739,"DRAGON PRODUCTS, LLC",956,DRAGON PRODUCTS,4976,Dragon Products,2007,,,6,UNITED STATES (USA),TEXAS,LAPORTE,,,,,61,Trailer,,,,,15,Tank Trailer,4,Straight Semi/Semi Trailer,42.000,,2,,
6,California,60669,2,1,3H3V532C*LR******,2024-03-20 00:50:50,0,6,TRAILER,14282,"HYUNDAI DE MEXICO, S.A. DE C.V.",4876,HYUNDAI TRANSLEAD TRAILERS,11496,Hyundai Translead Trailers,2020,,,12,MEXICO,BAJA CALIFORNIA,ROSARITO,,,,,61,Trailer,,,,,36,Van Trailer,,,53.000,Material: Aluminum/Steel,2,,
6,California,60692,2,1,13N25320*F1******,2024-03-20 00:50:50,0,6,TRAILER,12268,FONTAINE COMMERCIAL PLATFORM,1128,FONTAINE TRAILER CO.,4416,Fontaine Trailer Co.,1985,,,6,UNITED STATES (USA),ALABAMA,HALEYVILLE,,,,,61,Trailer,,,,,6,Flat Bed Trailer/Platform Trailer,,,53.000,Optional Features: none,2,,
6,California,60741,2,1,1JJV532W*6L******,2024-03-20 00:50:50,0,6,TRAILER,14508,WABASH NATIONAL CORPORATION,4847,WABASH,13327,Wabash National Corporation,2006,,,6,UNITED STATES (USA),INDIANA,LAFAYETTE,,,,,61,Trailer,,,,,36,Van Trailer,,,53.000,,2,,
6,California,60742,2,1,4ZETD222*N1******,2024-03-20 00:50:50,0,6,TRAILER,3684,LOAD TRAIL LLC,2111,LOAD TRAIL,5874,Load Trail,2022,,,6,UNITED STATES (USA),TEXAS,SUMNER,,,,,61,Trailer,,,,,102,Standard,,,22.000,Type of Trailer = Standard Tilt Deck,2,,
6,California,60755,3,1,1E9EB392*6L185***,2024-03-20 00:50:50,0,6,TRAILER,17082,"EVERLITE, INC",7438,"EVERLITE, INC",29822,"EverLite, Inc",2006,,,6,UNITED STATES (USA),TEXAS,LONGVIEW,,,,"Side Ht = 57""",61,Trailer,,,,,101,Other,,,39.000,End Dump,2,,
6,California,60764,2,1,1UYVS253*7U******,2024-03-20 00:50:50,0,6,TRAILER,10289,UTILITY TRAILER MANUFACTURING COMPANY,10138,UTILITY TRAILER MANUFACTURER,26222,Utility Trailer Manufacturer,2007,,,6,UNITED STATES (USA),UTAH,CLEARFIELD,,,,,61,Trailer,,,,,36,Van Trailer,4,Straight Semi/Semi Trailer,53.000,,2,,
6,California,60778,2,1,1JJV532W*1L******,2024-03-20 00:50:50,0,6,TRAILER,14508,WABASH NATIONAL CORPORATION,4847,WABASH,13327,Wabash National Corporation,2001,,,6,UNITED STATES (USA),INDIANA,LAFAYETTE,,,,,61,Trailer,,,,,36,Van Trailer,,,53.000,,2,,
6,California,60786,2,1,1UYVS253*FU******,2024-03-20 00:50:50,0,6,TRAILER,10289,UTILITY TRAILER MANUFACTURING COMPANY,10138,UTILITY TRAILER MANUFACTURER,26222,Utility Trailer Manufacturer,2015,,,6,UNITED STATES (USA),UTAH,CLEARFIELD,,,,,61,Trailer,,,,,36,Van Trailer,4,Straight Semi/Semi Trailer,53.000,,2,,
6,California,60811,1,1,5EF2GC40*HB******,2024-03-20 00:50:50,0,6,TRAILER,4094,CHEETAH CHASSIS CORPORATION,4029,CHEETAH CHASSIS,8699,CHEETAH CHASSIS,2017,,,6,UNITED STATES (USA),PENNSYLVANIA,BERWICK,,,,,61,Trailer,,,,,46,Chassis,4,Straight Semi/Semi Trailer,40.000,Gooseneck Chassis,2,3,Tandem
6,California,60838,1,1,1DW1A281*NS******,2024-03-20 00:50:50,0,6,TRAILER,13506,"STOUGHTON TRAILERS, INC.",3414,STOUGHTON TRAILERS,7701,Stoughton trailers,2022,,,6,UNITED STATES (USA),WISCONSIN,STOUGHTON,"Stoughton Trailers, INC",,,,61,Trailer,,,,,36,Van Trailer,4,Straight Semi/Semi Trailer,28.000,,1,,
6,California,60838,1,2,1GR1A561*MD******,2024-03-20 00:50:50,0,6,TRAILER,1073,GREAT DANE TRAILERS,520,GREAT DANE TRAILERS,13436,Great Dane Trailers,2021,,,6,UNITED STATES (USA),PENNSYLVANIA,DANVILLE,,,,,61,Trailer,,,,,,,6,Kingpin,28.000,"Semitrailer - dry freight, reefer, or insulated van",1,,
6,California,60845,2,1,3H3V532C*DT******,2024-03-20 00:50:50,0,6,TRAILER,14282,"HYUNDAI DE MEXICO, S.A. DE C.V.",4876,HYUNDAI TRANSLEAD TRAILERS,11496,Hyundai Translead Trailers,2013,,,12,MEXICO,BAJA CALIFORNIA,TIJUANA,,,,,61,Trailer,,,,,36,Van Trailer,,,53.000,Material: Aluminum/Steel,2,,
6,California,60850,2,1,3H3V482K*NJ******,2024-03-20 00:50:50,0,6,TRAILER,14282,"HYUNDAI DE MEXICO, S.A. DE C.V.",4876,HYUNDAI TRANSLEAD TRAILERS,11496,Hyundai Translead Trailers,2022,,,12,MEXICO,BAJA CALIFORNIA,TIJUANA,,,,Body Type: SEMITRAILER,61,Trailer,,,,,36,Van Trailer,6,Kingpin,48.000,,2,,
6,California,60886,2,1,1GRAA062*KW******,2024-03-20 00:50:50,0,6,TRAILER,1073,GREAT DANE TRAILERS,520,GREAT DANE TRAILERS,13436,Great Dane Trailers,2019,,,6,UNITED STATES (USA),NEBRASKA,WAYNE,,,,,61,Trailer,,,,,36,Van Trailer,4,Straight Semi/Semi Trailer,53.000,"Semitrailer - Dry Freight Van, Reefer Van, Insulated Van",2,,
6,California,60902,2,1,1GRAA062*DW******,2024-03-20 00:50:50,0,6,TRAILER,1073,GREAT DANE TRAILERS,520,GREAT DANE TRAILERS,13436,Great Dane Trailers,2013,,,6,UNITED STATES (USA),NEBRASKA,WAYNE,,,,,61,Trailer,,,,,,,4,Straight Semi/Semi Trailer,53.000,Dry Freight Van / Reefer Van / Insulated Van,2,,
6,California,60906,1,1,4RACS101*8K******,2024-03-20 00:50:50,0,6,TRAILER,16586,"INTERSTATE GROUP, LLC",7701,INTERSTATE WEST CORP,20698,Interstate West Corp,2008,,,6,UNITED STATES (USA),ARIZONA,KINGMAN,,,,,61,Trailer,,,,,160,Cargo Trailer,2,Pintle Hitch/Hook,10.000,,1,,
6,California,60910,2,1,1W9T2326*7L010***,2024-03-20 00:50:50,0,6,TRAILER,9773,WELD-IT COMPANY,3629,WELD-IT COMPANY,29540,Weld-It Company,2007,,,6,UNITED STATES (USA),CALIFORNIA,LOS ANGELES,,,,Last digit M.C. Code in 8th VIN position,61,Trailer,8,"Class 7: 26,001 - 33,000 lb (11,794 - 14,969 kg)",9,"Class 8: 33,001 lb and above (14,969 kg and above)",15,Tank Trailer,,,23.000,Cargo tank trailer,2,,
6,California,60916,2,1,5HTAM452*V7******,2024-03-20 00:50:50,0,6,TRAILER,5564,"HEIL TRAILER INTERNATIONAL, CO",2365,"HEIL TRAILER INTERNATIONAL, CO.",6142,"Heil Trailer International, Co.",1997,,,6,UNITED STATES (USA),TENNESSEE,ATHENS,,,,,61,Trailer,,,,,15,Tank Trailer,,,45.000,AL 306/406,2,,
6,California,60924,2,1,3H3C492S*NT******,2024-03-20 00:50:50,0,6,TRAILER,14282,"HYUNDAI DE MEXICO, S.A. DE C.V.",4876,HYUNDAI TRANSLEAD TRAILERS,11496,Hyundai Translead Trailers,1992,,,12,MEXICO,BAJA CALIFORNIA,TIJUANA,,,,,61,Trailer,,,,,109,Container Chassis/Container Trailer,,,49.000,Material: Steel,2,,
6,California,60926,1,1,1P91452A*8A509***,2024-03-20 00:50:50,0,6,TRAILER,11260,PROGRESS TANK,6429,PROGRESS TANK,17688,Progress Tank,2008,,,6,UNITED STATES (USA),ILLINOIS,ARTHUR,,,,,61,Trailer,,,,,,,4,Straight Semi/Semi Trailer,45.000,Aluminum,2,,
6,California,60950,2,1,1W910322*TW172***,2024-03-20 00:50:50,0,6,TRAILER,17168,WESTERN CONSTRUCTION COMPONENTS INC.,7642,WESTERN CONSTRUCTION COMPONENTS,20584,Western Construction Components,1996,,,6,UNITED STATES (USA),CALIFORNIA,SANTEE,,,,,61,Trailer,,,,,4,Dump Trailer/Dumping Trailer,,,32.000,End Dump Trailer,2,,
6,California,60996,2,1,10BBAA21*MP******,2024-03-20 00:50:50,0,6,TRAILER,5083,BRENNER TANK LLC,8089,BRENNER,32631,DOT/TC Specification,2021,406/407/412/331/338/ETM,,6,UNITED STATES (USA),OREGON,PORTLAND,,,,,61,Trailer,,,,,15,Tank Trailer,,,,Type of Trailer: Full Trailer,2,,
6,California,61001,3,1,1S12GC40*NB******,2024-03-20 00:50:50,0,6,TRAILER,14956,"STRICK TRAILERS, LLC",4977,STRICK COMMERCIAL TRAILER,12176,Strick Commercial Trailer,1992,,,6,UNITED STATES (USA),,BERWICK,,,,,61,Trailer,,,,,46,Chassis,3,Gooseneck,40.000,,2,3,Tandem
6,California,61022,3,1,4HXRC142*5C******,2024-03-20 00:50:50,0,6,TRAILER,6639,"CARSON TRAILER, INC.",6799,CARSON TRAILER,18243,Carson Trailer,2005,,,6,UNITED STATES (USA),CALIFORNIA,GARDENA,,,,,61,Trailer,,,,,160,Cargo Trailer,,,14.000,,2,,
6,California,61022,5,1,53BLTEB2*JF******,2024-03-20 00:50:50,0,6,TRAILER,6339,"LGS INDUSTRIES, INC.",1919,LGS INDUSTRIES,5447,LOOK,2018,,,6,UNITED STATES (USA),ARIZONA,,,,,,61,Trailer,,,,,5,Enclosed Trailer,1,Ball Type Pull,,Length of Trailer: 20' to 29',2,,
6,California,61083,1,1,1UYVS248*J2******,2024-03-20 00:50:50,0,6,TRAILER,10289,UTILITY TRAILER MANUFACTURING COMPANY,10138,UTILITY TRAILER MANUFACTURER,26222,Utility Trailer Manufacturer,2018,,,6,UNITED STATES (USA),UTAH,CLEARFIELD,,,,,61,Trailer,,,,,36,Van Trailer,4,Straight Semi/Semi Trailer,48.000,,2,,
6,California,61114,1,1,1GRAA062*AT******,2024-03-20 00:50:50,0,6,TRAILER,1073,GREAT DANE TRAILERS,520,GREAT DANE TRAILERS,13436,Great Dane Trailers,2010,,,6,UNITED STATES (USA),INDIANA,TERRE HAUTE,,,,Effective 03/01/00,61,Trailer,,,,,36,Van Trailer,4,Straight Semi/Semi Trailer,53.000,Trailer Type = Dry Freight/ Reefer/ Insulated Van,2,,
6,California,61122,1,1,1GR1A062*NE******,2024-03-20 00:50:50,0,6,TRAILER,1073,GREAT DANE TRAILERS,520,GREAT DANE TRAILERS,13436,Great Dane Trailers,2022,,,6,UNITED STATES (USA),GEORGIA,STATESBORO,,,,,61,Trailer,,,,,,,6,Kingpin,53.000,"Semitrailer - dry freight, reefer, or insulated van",2,,
6,California,61125,1,1,3CV1C202*N2******,2024-03-20 00:50:50,0,6,TRAILER,20774,"PJ TRAILERS COMPANY, S.A. DE C.V.",11137,"PJ TRAILERS COMPANY, S.A. DE C.V.",29057,"PJ TRAILERS COMPANY, S.A. DE C.V.",2022,,,12,MEXICO,CHIHUAHUA,CUAUHTEMOC,,,,,61,Trailer,,,,,3,Car Hauler Trailer,14,Bumper Pull,20.000,,2,,
6,California,61128,1,1,3H3V532C*JR******,2024-03-20 00:50:50,0,6,TRAILER,14282,"HYUNDAI DE MEXICO, S.A. DE C.V.",4876,HYUNDAI TRANSLEAD TRAILERS,11496,Hyundai Translead Trailers,2018,,,12,MEXICO,BAJA CALIFORNIA,ROSARITO,,,,,61,Trailer,,,,,36,Van Trailer,,,53.000,Material: Aluminum/Steel,2,,
6,California,61131,2,1,1JJV281D*LL******,2024-03-20 00:50:50,0,6,TRAILER,14508,WABASH NATIONAL CORPORATION,12319,WABASH VANS,10942,Dry Van Duraplate,2020,,,6,UNITED STATES (USA),INDIANA,LAFAYETTE,,,,,61,Trailer,,,,,36,Van Trailer,,,28.000,,1,,
6,California,61160,2,1,1WRFH328*VW******,2024-03-20 00:50:50,0,6,TRAILER,11666,WESCO TRAILER SALES,8897,WESCO TRAILER SALES,23004,Wesco Trailer Sales,1997,,,6,UNITED STATES (USA),CALIFORNIA,WOODLAND,,,,,61,Trailer,9,"Class 8: 33,001 lb and above (14,969 kg and above)",,,46,Chassis,,,,Type: Full Trailer (Pull),2,,
6,California,61183,1,1,1UYVS253*GU******,2024-03-20 00:50:50,0,6,TRAILER,10289,UTILITY TRAILER MANUFACTURING COMPANY,10138,UTILITY TRAILER MANUFACTURER,26222,Utility Trailer Manufacturer,2016,,,6,UNITED STATES (USA),UTAH,CLEARFIELD,,,,,61,Trailer,,,,,36,Van Trailer,4,Straight Semi/Semi Trailer,53.000,,2,,
6,California,61183,3,1,3H6KS211*M3******,2024-03-20 00:50:50,0,6,TRAILER,6179,"POLAR TANK TRAILER, LLC",2921,POLAR TANK TRAILER,6874,Polar Tank Trailer,2021,AL PNEUMATIC,,12,MEXICO,CHIHUAHUA,,,,,,61,Trailer,,,,,174,Dry Bulk Trailer,4,Straight Semi/Semi Trailer,21.000,,1,,
6,California,61183,3,2,3H6HS282*M3******,2024-03-20 00:50:50,0,6,TRAILER,6179,"POLAR TANK TRAILER, LLC",2921,POLAR TANK TRAILER,6874,Polar Tank Trailer,2021,AL PNEUMATIC,,12,MEXICO,CHIHUAHUA,,,,,,61,Trailer,,,,,174,Dry Bulk Trailer,2,Pintle Hitch/Hook,28.000,,2,,
6,California,61227,2,1,1PMKA442*M7******,2024-03-20 00:50:50,0,6,TRAILER,6179,"POLAR TANK TRAILER, LLC",2921,POLAR TANK TRAILER,6874,Polar Tank Trailer,2021,AL 306/406,,6,UNITED STATES (USA),TENNESSEE,ATHENS,,,,,61,Trailer,,,,,15,Tank Trailer,4,Straight Semi/Semi Trailer,44.000,,2,,
6,California,61231,2,1,10BABA13*LP******,2024-03-20 00:50:50,0,6,TRAILER,5083,BRENNER TANK LLC,8089,BRENNER,32632,NON-DOT/TC Spec,2020,,,6,UNITED STATES (USA),OREGON,PORTLAND,,,,,61,Trailer,,,,,15,Tank Trailer,4,Straight Semi/Semi Trailer,,Length of Trailer: 40-50 feet,1,,
6,California,61231,2,2,10BBBA20*LP******,2024-03-20 00:50:50,0,6,TRAILER,5083,BRENNER TANK LLC,8089,BRENNER,32632,NON-DOT/TC Spec,2020,,,6,UNITED STATES (USA),OREGON,PORTLAND,,,,,61,Trailer,,,,,15,Tank Trailer,,,,Type of Trailer: Full Trailer,2,,
6,California,61237,2,1,3H3V532C*KT******,2024-03-20 00:50:50,0,6,TRAILER,14282,"HYUNDAI DE MEXICO, S.A. DE C.V.",4876,HYUNDAI TRANSLEAD TRAILERS,11496,Hyundai Translead Trailers,2019,,,12,MEXICO,BAJA CALIFORNIA,TIJUANA,,,,,61,Trailer,,,,,36,Van Trailer,,,53.000,Material: Aluminum/Steel,2,,
6,California,61243,2,1,1JJV532W*YL******,2024-03-20 00:50:50,0,6,TRAILER,14508,WABASH NATIONAL CORPORATION,4847,WABASH,13327,Wabash National Corporation,2000,,,6,UNITED STATES (USA),INDIANA,LAFAYETTE,,,,,61,Trailer,,,,,36,Van Trailer,,,53.000,,2,,
6,California,61261,2,1,1JJV532W*5L******,2024-03-20 00:50:50,0,6,TRAILER,14508,WABASH NATIONAL CORPORATION,4847,WABASH,13327,Wabash National Corporation,2005,,,6,UNITED STATES (USA),INDIANA,LAFAYETTE,,,,,61,Trailer,,,,,36,Van Trailer,,,53.000,,2,,
6,California,61293,2,1,3H3V532C*MT******,2024-03-20 00:50:50,0,6,TRAILER,14282,"HYUNDAI DE MEXICO, S.A. DE C.V.",4876,HYUNDAI TRANSLEAD TRAILERS,11496,Hyundai Translead Trailers,2021,,,12,MEXICO,BAJA CALIFORNIA,TIJUANA,,,,Trailer Type: SEMITRAILER,61,Trailer,,,,,36,Van Trailer,6,Kingpin,53.000,Material: ALUMINUM/STEEL,2,,
6,California,61333,2,1,1UYVS253*GU******,2024-03-20 00:50:50,0,6,TRAILER,10289,UTILITY TRAILER MANUFACTURING COMPANY,10138,UTILITY TRAILER MANUFACTURER,26222,Utility Trailer Manufacturer,2016,,,6,UNITED STATES (USA),UTAH,CLEARFIELD,,,,,61,Trailer,,,,,36,Van Trailer,4,Straight Semi/Semi Trailer,53.000,,2,,
6,California,61338,2,1,7HN1FER2*NP******,2024-03-20 00:50:50,0,6,TRAILER,16534,"GENESIS SUPREME RV, INC.",6840,"GENESIS SUPREME RV, INC",18326,Genesis Supreme,2022,,,6,UNITED STATES (USA),CALIFORNIA,PERRIS,,,,,61,Trailer,,,,,5,Enclosed Trailer,5,Fifth Wheel,37.000,,2,,
6,California,61351,2,1,1UYVS253*GU******,2024-03-20 00:50:50,0,6,TRAILER,10289,UTILITY TRAILER MANUFACTURING COMPANY,10138,UTILITY TRAILER MANUFACTURER,26222,Utility Trailer Manufacturer,2016,,,6,UNITED STATES (USA),UTAH,CLEARFIELD,,,,,61,Trailer,,,,,36,Van Trailer,4,Straight Semi/Semi Trailer,53.000,,2,,
6,California,61394,2,1,5V8VC532*LT******,2024-03-20 00:50:50,0,6,TRAILER,16522,VANGUARD NATIONAL TRAILER CORPORTATION,6474,VANGUARD NATIONAL TRAILER CORPORATION (VNTC),17782,VANGUARD NATIONAL TRAILER CORPORATION (VNTC),2020,,,6,UNITED STATES (USA),GEORGIA,TRENTON,,,,,61,Trailer,,,,,186,Dry Freight,6,Kingpin,53.000,Composite Plate Semitrailer (VXP),,3,Tandem
6,California,61398,2,1,1JJV532W*5L******,2024-03-20 00:50:50,0,6,TRAILER,14508,WABASH NATIONAL CORPORATION,4847,WABASH,13327,Wabash National Corporation,2005,,,6,UNITED STATES (USA),INDIANA,LAFAYETTE,,,,,61,Trailer,,,,,36,Van Trailer,,,53.000,,2,,
6,California,61409,2,1,4AGAU232*7C******,2024-03-20 00:50:50,1,6,TRAILER,2794,"MIGHTYMOVER TRAILERS, INC.",8114,MIGHTYMOVER TRAILERS INC,21649,MightyMover Trailers Inc,2007,,,6,UNITED STATES (USA),CALIFORNIA,CORONA,,,,,61,Trailer,10,"Class 1A: 3,000 lb or less (1,360 kg or less)",,,16,Utility Trailer,,,23.000,,2,,
6,California,61477,2,1,1UYVS253*CU******,2024-03-20 00:50:50,0,6,TRAILER,10289,UTILITY TRAILER MANUFACTURING COMPANY,10138,UTILITY TRAILER MANUFACTURER,26222,Utility Trailer Manufacturer,2012,,,6,UNITED STATES (USA),UTAH,CLEARFIELD,,,,,61,Trailer,,,,,36,Van Trailer,4,Straight Semi/Semi Trailer,53.000,,2,,
6,California,61480,2,1,16WTE402*8A******,2024-03-20 00:50:50,0,6,TRAILER,2208,CERTIFIED STAINLESS SERVICES INC DBA WESTMARK,1771,WEST-MARK,5206,"Certified Stainless Services, Inc dba West-Mark",2008,,,6,UNITED STATES (USA),CALIFORNIA,ATWATER,,,,,61,Trailer,,,,,15,Tank Trailer,,,40.000,NON-SPEC,2,,
6,California,61483,2,1,1PMA1231*E5******,2024-03-20 00:50:50,0,6,TRAILER,6179,"POLAR TANK TRAILER, LLC",2921,POLAR TANK TRAILER,6874,Polar Tank Trailer,2014,,,6,UNITED STATES (USA),MISSOURI,SPRINGFIELD,,,,,61,Trailer,,,,,15,Tank Trailer,30,Other,23.000,Vessel Code: Non-Code,1,,
6,California,61483,2,2,1JJD1017*PL******,2024-03-20 00:50:50,0,6,TRAILER,14508,WABASH NATIONAL CORPORATION,4847,WABASH,22490,"102"" Wide",1993,,,6,UNITED STATES (USA),INDIANA,LAFAYETTE,,,,,61,Trailer,,,,,45,Dolly,,,10.000,,1,,
6,California,61494,2,1,1DW1A281*8S******,2024-03-20 00:50:50,0,6,TRAILER,13506,"STOUGHTON TRAILERS, INC.",3414,STOUGHTON TRAILERS,7701,Stoughton trailers,2008,,,6,UNITED STATES (USA),WISCONSIN,STOUGHTON,"Stoughton Trailers, INC",,,,61,Trailer,,,,,36,Van Trailer,4,Straight Semi/Semi Trailer,28.000,,1,,
6,California,61496,2,1,5V8VA532*DM******,2024-03-20 00:50:50,0,6,TRAILER,16522,VANGUARD NATIONAL TRAILER CORPORTATION,6474,VANGUARD NATIONAL TRAILER CORPORATION (VNTC),17782,VANGUARD NATIONAL TRAILER CORPORATION (VNTC),2013,,,6,UNITED STATES (USA),INDIANA,MONON,,,,,61,Trailer,,,,,,,,,53.000,Interior Post Aluminum Semi Trailer,2,3,Tandem
6,California,61502,1,1,LJRC5426*B1******,2024-03-20 00:50:50,0,6,TRAILER,9950,"CIMC VEHICLES GROUP CO., LTD.",4101,CIMC VEHICLES GROUP CO,8811,CIMC VEHICLES GROUP CO,2011,,,8,CHINA,,SHENZHEN,,,,"GVWR = 30,000-34,990kg",61,Trailer,9,"Class 8: 33,001 lb and above (14,969 kg and above)",,,109,Container Chassis/Container Trailer,,,54.000,,2,,
6,California,61509,2,1,1UYFS248*5A******,2024-03-20 00:50:50,0,6,TRAILER,10289,UTILITY TRAILER MANUFACTURING COMPANY,10138,UTILITY TRAILER MANUFACTURER,26222,Utility Trailer Manufacturer,2005,,,6,UNITED STATES (USA),ALABAMA,ENTERPRISE,,,,,61,Trailer,,,,,6,Flat Bed Trailer/Platform Trailer,4,Straight Semi/Semi Trailer,48.000,,2,,
6,California,61510,1,1,3H3V532C*MR******,2024-03-20 00:50:50,0,6,TRAILER,14282,"HYUNDAI DE MEXICO, S.A. DE C.V.",4876,HYUNDAI TRANSLEAD TRAILERS,11496,Hyundai Translead Trailers,2021,,,12,MEXICO,BAJA CALIFORNIA,ROSARITO,,,,Trailer Type: SEMITRAILER,61,Trailer,,,,,36,Van Trailer,6,Kingpin,53.000,Material: ALUMINUM/STEEL,2,,
6,California,61510,2,1,1UYVS253*EU******,2024-03-20 00:50:50,0,6,TRAILER,10289,UTILITY TRAILER MANUFACTURING COMPANY,10138,UTILITY TRAILER MANUFACTURER,26222,Utility Trailer Manufacturer,2014,,,6,UNITED STATES (USA),UTAH,CLEARFIELD,,,,,61,Trailer,,,,,36,Van Trailer,4,Straight Semi/Semi Trailer,53.000,,2,,
6,California,61510,4,1,1GR1P062*LJ******,2024-03-20 00:50:50,0,6,TRAILER,1073,GREAT DANE TRAILERS,520,GREAT DANE TRAILERS,13436,Great Dane Trailers,2020,,,6,UNITED STATES (USA),ARKANSAS,JONESBORO,,,,,61,Trailer,,,,,,,6,Kingpin,53.000,"Semitrailer - dry freight, reefer, or insulated van",2,,
6,California,61578,2,1,1UYVS253*6U******,2024-03-20 00:50:50,0,6,TRAILER,10289,UTILITY TRAILER MANUFACTURING COMPANY,10138,UTILITY TRAILER MANUFACTURER,26222,Utility Trailer Manufacturer,2006,,,6,UNITED STATES (USA),UTAH,CLEARFIELD,,,,,61,Trailer,,,,,36,Van Trailer,4,Straight Semi/Semi Trailer,53.000,,2,,
6,California,61581,1,1,5WWGF322*N6******,2024-03-20 00:50:50,0,6,TRAILER,7833,DELCO TRAILERS,758,DELCO TRAILERS,3926,Delco Trailers,2022,,,6,UNITED STATES (USA),TEXAS,SUMNER,,,,,61,Trailer,,,,,6,Flat Bed Trailer/Platform Trailer,3,Gooseneck,32.000,,2,,
6,California,61631,1,1,1JJV532W*YL******,2024-03-20 00:50:50,0,6,TRAILER,14508,WABASH NATIONAL CORPORATION,4847,WABASH,13327,Wabash National Corporation,2000,,,6,UNITED STATES (USA),INDIANA,LAFAYETTE,,,,,61,Trailer,,,,,36,Van Trailer,,,53.000,,2,,
6,California,61655,2,1,5R8BD102*MM******,2024-03-20 00:50:50,0,6,TRAILER,10758,"MAXEY TRAILERS MFG., INC.",8628,MAXEY TRAILERS MFG,22643,Maxey Trailers MFG,2021,,,6,UNITED STATES (USA),TEXAS,MAXEY,,,,,61,Trailer,,,,,4,Dump Trailer/Dumping Trailer,14,Bumper Pull,10.000,,2,,
6,California,61704,1,1,1UYVS253*P2******,2024-03-20 00:50:50,0,6,TRAILER,10289,UTILITY TRAILER MANUFACTURING COMPANY,10138,UTILITY TRAILER MANUFACTURER,26222,Utility Trailer Manufacturer,2023,,,6,UNITED STATES (USA),UTAH,CLEARFIELD,,,,,61,Trailer,,,,,36,Van Trailer,4,Straight Semi/Semi Trailer,53.000,,2,,
6,California,61711,2,1,3CV1C312*N2******,2024-03-20 00:50:50,0,6,TRAILER,20774,"PJ TRAILERS COMPANY, S.A. DE C.V.",11137,"PJ TRAILERS COMPANY, S.A. DE C.V.",29057,"PJ TRAILERS COMPANY, S.A. DE C.V.",2022,,,12,MEXICO,CHIHUAHUA,CUAUHTEMOC,,,,,61,Trailer,,,,,3,Car Hauler Trailer,14,Bumper Pull,31.000,,2,,
6,California,61725,3,1,1UNST442*DS******,2024-03-20 00:50:50,0,6,TRAILER,1739,"DRAGON PRODUCTS, LLC",956,DRAGON PRODUCTS,4976,Dragon Products,2013,,,6,UNITED STATES (USA),TEXAS,SILSBEE,,,,,61,Trailer,,,,,15,Tank Trailer,4,Straight Semi/Semi Trailer,44.000,,2,,
6,California,61734,1,1,1GRAP062*KT******,2024-03-20 00:50:50,0,6,TRAILER,1073,GREAT DANE TRAILERS,520,GREAT DANE TRAILERS,13436,Great Dane Trailers,2019,,,6,UNITED STATES (USA),INDIANA,TERRE HAUTE,,,,,61,Trailer,,,,,36,Van Trailer,4,Straight Semi/Semi Trailer,53.000,"Semitrailer - Dry Freight Van, Reefer Van, Insulated Van",2,,
6,California,61760,1,1,1JJV532D*LL******,2024-03-20 00:50:50,0,6,TRAILER,14508,WABASH NATIONAL CORPORATION,12319,WABASH VANS,10942,Dry Van Duraplate,2020,,,6,UNITED STATES (USA),INDIANA,LAFAYETTE,,,,,61,Trailer,,,,,36,Van Trailer,,,53.000,,2,,
6,California,61778,2,1,1PTF73TH*J9******,2024-03-20 00:50:50,0,6,TRAILER,3233,TRAILMOBILE (PULLMAN INCORPORATED),6072,TRAILMOBILE,15904,Trailmobile Trailer,2018,Eastern Series Platforms,,6,UNITED STATES (USA),ILLINOIS,CHARLESTON,,,,,61,Trailer,,,,,,,,,,Standard Center Rail,,3,Tandem
6,California,61785,3,1,1TTF4820*32******,2024-03-20 00:50:50,0,6,TRAILER,8231,TRANSCRAFT CORPORATION,10511,TRANSCRAFT,28401,Transcraft,2003,,,6,UNITED STATES (USA),KENTUCKY,MOUNT STERLING,,,,,61,Trailer,,,,,6,Flat Bed Trailer/Platform Trailer,6,Kingpin,48.000,Platform,2,,
6,California,61813,3,1,1UYVS253*M2******,2024-03-20 00:50:50,0,6,TRAILER,10289,UTILITY TRAILER MANUFACTURING COMPANY,10138,UTILITY TRAILER MANUFACTURER,26222,Utility Trailer Manufacturer,2021,,,6,UNITED STATES (USA),UTAH,CLEARFIELD,,,,,61,Trailer,,,,,36,Van Trailer,4,Straight Semi/Semi Trailer,53.000,,2,,
6,California,61838,1,1,1RZ1KC1A*R2******,2024-03-20 00:50:50,0,6,TRAILER,6992,"CON-WAY MANUFACTURING, INC.",1881,CON-WAY MANUFACTURING,5385,CON-WAY MANUFACTURING,2024,,,6,UNITED STATES (USA),ARIZONA,SEARCY,,,,Body Construction = Smooth-side Aluminum,61,Trailer,,,,,131,Truck Campers,,,28.000,Length = less than 29 but at least 28,1,,
6,California,61838,1,2,7F21A281*H2******,2024-03-20 00:50:50,0,6,TRAILER,13986,"XPO MANUFACTURING, LLC",4823,XPO,10709,XPO,2017,,,6,UNITED STATES (USA),ARKANSAS,SEARCY,,,,,61,Trailer,,,,,,,6,Kingpin,28.000,Body Type: New Wedge Dry Freight Van,1,,
6,California,61846,2,1,1JJV532B*FL******,2024-03-20 00:50:50,0,6,TRAILER,14508,WABASH NATIONAL CORPORATION,12319,WABASH VANS,10945,Refrigerated Van,2015,,,6,UNITED STATES (USA),INDIANA,LAFAYETTE,,,,,61,Trailer,,,,,36,Van Trailer,,,53.000,,2,,
6,California,61909,3,1,5DN11452*LB******,2024-03-20 00:50:50,0,6,TRAILER,8543,WESTERN TRAILER COMPANY,3808,WESTERN TRAILER COMPANY,8295,Western Trailer Company,2020,,,6,UNITED STATES (USA),IDAHO,BOISE,Western Trailer Company,,,,61,Trailer,,,,,6,Flat Bed Trailer/Platform Trailer,4,Straight Semi/Semi Trailer,45.000,,2,,
6,California,61921,2,1,5R8BF302*MM******,2024-03-20 00:50:50,0,6,TRAILER,10758,"MAXEY TRAILERS MFG., INC.",8628,MAXEY TRAILERS MFG,22643,Maxey Trailers MFG,2021,,,6,UNITED STATES (USA),TEXAS,MAXEY,,,,,61,Trailer,,,,,6,Flat Bed Trailer/Platform Trailer,14,Bumper Pull,30.000,,2,,
6,California,61971,3,1,1UYVS253*J3******,2024-03-20 00:50:50,0,6,TRAILER,10289,UTILITY TRAILER MANUFACTURING COMPANY,10138,UTILITY TRAILER MANUFACTURER,26222,Utility Trailer Manufacturer,2018,,,6,UNITED STATES (USA),ARKANSAS,PARAGOULD,,,,,61,Trailer,,,,,36,Van Trailer,4,Straight Semi/Semi Trailer,53.000,,2,,
6,California,61972,2,1,1GRDM962*DH******,2024-03-20 00:50:50,0,6,TRAILER,1073,GREAT DANE TRAILERS,520,GREAT DANE TRAILERS,13436,Great Dane Trailers,2013,,,6,UNITED STATES (USA),TENNESSEE,HUNTSVILLE,,,,,61,Trailer,,,,,,,4,Straight Semi/Semi Trailer,48.000,Platform,2,,
6,California,61988,2,1,5DN11532*DB******,2024-03-20 00:50:50,0,6,TRAILER,8543,WESTERN TRAILER COMPANY,3808,WESTERN TRAILER COMPANY,8295,Western Trailer Company,2013,,,6,UNITED STATES (USA),IDAHO,BOISE,Western Trailer Company,,,,61,Trailer,,,,,6,Flat Bed Trailer/Platform Trailer,4,Straight Semi/Semi Trailer,53.000,,2,,
6,California,62004,2,1,4P5T8222*K1******,2024-03-20 00:50:50,0,6,TRAILER,16013,"PJ TRAILERS MANUFACTURING, INC.",6060,PJ,28324,PJ,2019,,,6,UNITED STATES (USA),TEXAS,SUMNER,,,,,61,Trailer,,,,,55,Deckover Trailer,30,Other,22.000,Variable HITCH based on Size/Type of Trailer,2,,
6,California,62036,1,1,1DW1C532*YS******,2024-03-20 00:50:50,1,6,TRAILER,13506,"STOUGHTON TRAILERS, INC.",3414,STOUGHTON TRAILERS,7701,Stoughton trailers,2000,,,6,UNITED STATES (USA),WISCONSIN,STOUGHTON,"Stoughton Trailers, INC",,,,61,Trailer,,,,,46,Chassis,4,Straight Semi/Semi Trailer,53.000,,2,,
6,California,62040,2,1,3CXLC532*NM******,2024-03-20 00:50:50,0,6,TRAILER,11589,"TALLERES LOZANO, S.A. DE C.V.",9988,LOZANO TRAILER,25840,Lozano Trailer,2022,,,12,MEXICO,NUEVO LEON,CIUDAD BENITO JUAREZ,,,,,61,Trailer,,,,,36,Van Trailer,6,Kingpin,53.000,Dry Van and/or Refrigerated,2,,
6,California,62105,2,1,4ZEDT142*G1******,2024-03-20 00:50:50,0,6,TRAILER,3684,LOAD TRAIL LLC,2111,LOAD TRAIL,5874,Load Trail,2016,,,6,UNITED STATES (USA),TEXAS,SUMNER,,,,,61,Trailer,,,,,4,Dump Trailer/Dumping Trailer,,,14.000,,2,,
6,California,62119,2,1,4P5D8142*D1******,2024-03-20 00:50:50,0,6,TRAILER,16013,"PJ TRAILERS MANUFACTURING, INC.",6060,PJ,28324,PJ,2013,,,6,UNITED STATES (USA),TEXAS,SUMNER,,,,,61,Trailer,,,,,4,Dump Trailer/Dumping Trailer,30,Other,14.000,Variable HITCH based on Size/Type of Trailer,2,,
6,California,62122,2,1,1T92P452*KB072***,2024-03-20 00:50:50,0,6,TRAILER,2767,"THE TRAILER COMPANY, INC.",10260,TTC,27056,TTC,2019,,,6,UNITED STATES (USA),CALIFORNIA,BAKERSFIELD,,,,,61,Trailer,,,,,101,Other,4,Straight Semi/Semi Trailer,45.000,Belt Trailer,2,,
6,California,62134,1,1,1JJV482W*1L******,2024-03-20 00:50:50,0,6,TRAILER,14508,WABASH NATIONAL CORPORATION,4847,WABASH,13327,Wabash National Corporation,2001,,,6,UNITED STATES (USA),INDIANA,LAFAYETTE,,,,,61,Trailer,,,,,36,Van Trailer,,,48.000,,2,,
6,California,62135,2,1,1W1K5452*P6******,2024-03-20 00:50:50,0,6,TRAILER,11681,WILSON TRAILER CO.,10450,WILSON,27561,Wilson,2023,,,6,UNITED STATES (USA),MISSOURI,MOBERLY,,,,,61,Trailer,,,,,6,Flat Bed Trailer/Platform Trailer,6,Kingpin,45.000,,2,,
6,California,62174,1,1,1JJV532D*JL******,2024-03-20 00:50:50,0,6,TRAILER,14508,WABASH NATIONAL CORPORATION,12319,WABASH VANS,10942,Dry Van Duraplate,2018,,,6,UNITED STATES (USA),INDIANA,LAFAYETTE,,,,,61,Trailer,,,,,36,Van Trailer,,,53.000,,2,,
6,California,62237,4,1,5V8VA532*MM******,2024-03-20 00:50:50,0,6,TRAILER,16522,VANGUARD NATIONAL TRAILER CORPORTATION,6474,VANGUARD NATIONAL TRAILER CORPORATION (VNTC),17782,VANGUARD NATIONAL TRAILER CORPORATION (VNTC),2021,,,6,UNITED STATES (USA),INDIANA,MONON,,,,,61,Trailer,,,,,186,Dry Freight,6,Kingpin,53.000,"Interior Post Aluminum Sheet Trailer (VIP, MaxCube)",,3,Tandem
6,California,62250,1,1,4TM11BD1*VB******,2024-03-20 00:50:50,0,6,TRAILER,15828,WHITE RIVER MARINE GROUP LLC,5446,TRAIL STAR TRAILER,14163,Trail Star,1997,LAKER16,,6,UNITED STATES (USA),MISSOURI,OZARK,,,,,61,Trailer,,,,,2,Boat Trailer,1,Ball Type Pull,16.000,,1,,
6,California,62358,2,1,1GRDM062*DH******,2024-03-20 00:50:50,0,6,TRAILER,1073,GREAT DANE TRAILERS,520,GREAT DANE TRAILERS,13436,Great Dane Trailers,2013,,,6,UNITED STATES (USA),TENNESSEE,HUNTSVILLE,,,,,61,Trailer,,,,,,,4,Straight Semi/Semi Trailer,53.000,Platform,2,,
6,California,62366,1,1,1JJV532D*GL******,2024-03-20 00:50:50,0,6,TRAILER,14508,WABASH NATIONAL CORPORATION,12319,WABASH VANS,10942,Dry Van Duraplate,2016,,,6,UNITED STATES (USA),INDIANA,LAFAYETTE,,,,,61,Trailer,,,,,36,Van Trailer,,,53.000,,2,,
6,California,62373,1,1,1UYFS124*SA******,2024-03-20 00:50:50,0,6,TRAILER,10289,UTILITY TRAILER MANUFACTURING COMPANY,10138,UTILITY TRAILER MANUFACTURER,26222,Utility Trailer Manufacturer,2025,,,6,UNITED STATES (USA),ALABAMA,ENTERPRISE,,,,,61,Trailer,,,,,6,Flat Bed Trailer/Platform Trailer,4,Straight Semi/Semi Trailer,24.000,,1,,
6,California,62496,1,1,1JJV532W*1L******,2024-03-20 00:50:50,0,6,TRAILER,14508,WABASH NATIONAL CORPORATION,4847,WABASH,13327,Wabash National Corporation,2001,,,6,UNITED STATES (USA),INDIANA,LAFAYETTE,,,,,61,Trailer,,,,,36,Van Trailer,,,53.000,,2,,
6,California,62498,2,1,LJRC4126*H1******,2024-03-20 00:50:50,0,6,TRAILER,9950,"CIMC VEHICLES GROUP CO., LTD.",4101,CIMC VEHICLES GROUP CO,8811,CIMC VEHICLES GROUP CO,2017,,,8,CHINA,,SHENZHEN,,,,"GVWR = 30,000-34,990kg",61,Trailer,9,"Class 8: 33,001 lb and above (14,969 kg and above)",,,109,Container Chassis/Container Trailer,,,41.000,,2,,
6,California,62513,2,1,16VGX352*F6******,2024-03-20 00:50:50,0,6,TRAILER,9132,"BIG TEX TRAILER MANUFACTURING, LLC",1136,BIG TEX,5625,Big Tex,2015,,,6,UNITED STATES (USA),TEXAS,WILLS POINT,"Big Tex Trailer Manufacturing, Inc.",,,,61,Trailer,,,,,16,Utility Trailer,3,Gooseneck,35.000,,2,,
6,California,62523,1,1,1GRAA062*CW******,2024-03-20 00:50:50,0,6,TRAILER,1073,GREAT DANE TRAILERS,520,GREAT DANE TRAILERS,13436,Great Dane Trailers,2012,,,6,UNITED STATES (USA),NEBRASKA,WAYNE,,,,,61,Trailer,,,,,,,4,Straight Semi/Semi Trailer,53.000,Dry Freight Van / Reefer Van / Insulated Van,2,,
6,California,62524,1,1,1UYVS129*J2******,2024-03-20 00:50:50,0,6,TRAILER,10289,UTILITY TRAILER MANUFACTURING COMPANY,10138,UTILITY TRAILER MANUFACTURER,26222,Utility Trailer Manufacturer,2018,,,6,UNITED STATES (USA),UTAH,CLEARFIELD,,,,,61,Trailer,,,,,36,Van Trailer,4,Straight Semi/Semi Trailer,29.000,,1,,
6,California,62550,1,1,1UYVS253*HU******,2024-03-20 00:50:50,0,6,TRAILER,10289,UTILITY TRAILER MANUFACTURING COMPANY,10138,UTILITY TRAILER MANUFACTURER,26222,Utility Trailer Manufacturer,2017,,,6,UNITED STATES (USA),UTAH,CLEARFIELD,,,,,61,Trailer,,,,,36,Van Trailer,4,Straight Semi/Semi Trailer,53.000,,2,,
6,California,62558,1,1,1JJV532D*KL******,2024-03-20 00:50:50,0,6,TRAILER,14508,WABASH NATIONAL CORPORATION,12319,WABASH VANS,10942,Dry Van Duraplate,2019,,,6,UNITED STATES (USA),INDIANA,LAFAYETTE,,,,,61,Trailer,,,,,36,Van Trailer,,,53.000,,2,,
6,California,62576,2,1,3CVTH222*J2******,2024-03-20 00:50:50,0,6,TRAILER,20774,"PJ TRAILERS COMPANY, S.A. DE C.V.",11137,"PJ TRAILERS COMPANY, S.A. DE C.V.",29067,"83"" Hydraulic Quick Tilt",2018,,,12,MEXICO,CHIHUAHUA,CUAUHTEMOC,,,,,61,Trailer,,,,,8,Hydraulic Trailer,,,22.000,,2,,
6,California,62591,2,1,1GRAA962*8B******,2024-03-20 00:50:50,0,6,TRAILER,1073,GREAT DANE TRAILERS,520,GREAT DANE TRAILERS,13436,Great Dane Trailers,2008,,,6,UNITED STATES (USA),INDIANA,BRAZIL,,,,,61,Trailer,,,,,36,Van Trailer,4,Straight Semi/Semi Trailer,48.000,Trailer Type = Dry Freight/ Reefer/ Insulated Van,2,,
6,California,62602,2,1,5V8VC532*AM******,2024-03-20 00:50:50,0,6,TRAILER,16522,VANGUARD NATIONAL TRAILER CORPORTATION,6474,VANGUARD NATIONAL TRAILER CORPORATION (VNTC),17782,VANGUARD NATIONAL TRAILER CORPORATION (VNTC),2010,,,6,UNITED STATES (USA),INDIANA,MONON,,,,,61,Trailer,,,,,,,,,53.000,Dry Freight Van,2,3,Tandem
6,California,62614,2,1,5EF2GC40*NB******,2024-03-20 00:50:50,0,6,TRAILER,4094,CHEETAH CHASSIS CORPORATION,4029,CHEETAH CHASSIS,8699,CHEETAH CHASSIS,2022,,,6,UNITED STATES (USA),PENNSYLVANIA,BERWICK,,,,,61,Trailer,,,,,46,Chassis,4,Straight Semi/Semi Trailer,40.000,Gooseneck Chassis,2,,
6,California,62625,1,1,1GR1A062*LW******,2024-03-20 00:50:50,0,6,TRAILER,1073,GREAT DANE TRAILERS,520,GREAT DANE TRAILERS,13436,Great Dane Trailers,2020,,,6,UNITED STATES (USA),NEBRASKA,WAYNE,,,,,61,Trailer,,,,,,,6,Kingpin,53.000,"Semitrailer - dry freight, reefer, or insulated van",2,,
6,California,62646,2,1,1UYVS253*EU******,2024-03-20 00:50:50,0,6,TRAILER,10289,UTILITY TRAILER MANUFACTURING COMPANY,10138,UTILITY TRAILER MANUFACTURER,26222,Utility Trailer Manufacturer,2014,,,6,UNITED STATES (USA),UTAH,CLEARFIELD,,,,,61,Trailer,,,,,36,Van Trailer,4,Straight Semi/Semi Trailer,53.000,,2,,
6,California,62662,3,1,1GRAP062*CT******,2024-03-20 00:50:50,0,6,TRAILER,1073,GREAT DANE TRAILERS,520,GREAT DANE TRAILERS,13436,Great Dane Trailers,2012,,,6,UNITED STATES (USA),INDIANA,TERRE HAUTE,,,,,61,Trailer,,,,,,,4,Straight Semi/Semi Trailer,53.000,Dry Freight Van / Reefer Van / Insulated Van,2,,
6,California,62671,2,1,1G9PDAL1*TA008***,2024-03-20 00:50:50,0,6,TRAILER,9652,"GENERAL TRAILER COMPANY, INC.",8978,GENERAL TRAILER,23105,General Trailer,1996,,,6,UNITED STATES (USA),OREGON,SPRINGFIELD,,,,,61,Trailer,,,,,19,Logging Trailer,,,10.000,Peerless,2,,
6,California,62708,1,1,3H3V532C*CT******,2024-03-20 00:50:50,0,6,TRAILER,14282,"HYUNDAI DE MEXICO, S.A. DE C.V.",4876,HYUNDAI TRANSLEAD TRAILERS,11496,Hyundai Translead Trailers,2012,,,12,MEXICO,BAJA CALIFORNIA,TIJUANA,,,,,61,Trailer,,,,,36,Van Trailer,,,53.000,Material: Aluminum/Steel,2,,
6,California,62713,2,1,1JJV532D*LL******,2024-03-20 00:50:50,0,6,TRAILER,14508,WABASH NATIONAL CORPORATION,12319,WABASH VANS,10942,Dry Van Duraplate,2020,,,6,UNITED STATES (USA),INDIANA,LAFAYETTE,,,,,61,Trailer,,,,,36,Van Trailer,,,53.000,,2,,
6,California,62756,2,1,1PTF71TJ*L9******,2024-03-20 00:50:50,0,6,TRAILER,3233,TRAILMOBILE (PULLMAN INCORPORATED),6072,TRAILMOBILE,15904,Trailmobile Trailer,2020,Eastern Series Platforms,,6,UNITED STATES (USA),ILLINOIS,CHARLESTON,,,,,61,Trailer,,,,,,,,,,Straight Frame,,3,Tandem
6,California,62771,2,1,1GR1P062*NJ******,2024-03-20 00:50:50,0,6,TRAILER,1073,GREAT DANE TRAILERS,520,GREAT DANE TRAILERS,13436,Great Dane Trailers,2022,,,6,UNITED STATES (USA),ARKANSAS,JONESBORO,,,,,61,Trailer,,,,,,,6,Kingpin,53.000,"Semitrailer - dry freight, reefer, or insulated van",2,,
6,California,62881,2,1,3H3V532C*5T******,2024-03-20 00:50:50,0,6,TRAILER,14282,"HYUNDAI DE MEXICO, S.A. DE C.V.",4876,HYUNDAI TRANSLEAD TRAILERS,11496,Hyundai Translead Trailers,2005,,,12,MEXICO,BAJA CALIFORNIA,TIJUANA,,,,,61,Trailer,,,,,36,Van Trailer,,,53.000,Material: Aluminum/Steel,2,,
6,California,62941,2,1,4HXBS162*MC******,2024-03-20 00:50:50,0,6,TRAILER,6639,"CARSON TRAILER, INC.",6799,CARSON TRAILER,18243,Carson Trailer,2021,,,6,UNITED STATES (USA),CALIFORNIA,GARDENA,,,,,61,Trailer,,,,,3,Car Hauler Trailer,14,Bumper Pull,16.000,Standard / Flatbed - Heavy Duty,2,,
6,California,62942,2,1,5E0AA164*NG******,2024-03-20 00:50:50,0,6,TRAILER,20895,"COTTRELL, INC.",12482,COTTRELL,32567,"C-09, C-11, CS-10, CS-12M3, CX-09, CX-5LSCH, CX-AK7, CX-LSFA-TRI",2022,,,6,UNITED STATES (USA),GEORGIA,GAINESVILLE,,,,,61,Trailer,,,,,3,Car Hauler Trailer,5,Fifth Wheel,,Trailer Length (feet): 48-50,2,3,Tandem
6,California,62969,2,1,3H3V281C*KT******,2024-03-20 00:50:50,0,6,TRAILER,14282,"HYUNDAI DE MEXICO, S.A. DE C.V.",4876,HYUNDAI TRANSLEAD TRAILERS,11496,Hyundai Translead Trailers,2019,,,12,MEXICO,BAJA CALIFORNIA,TIJUANA,,,,,61,Trailer,,,,,36,Van Trailer,,,28.000,Material: Aluminum/Steel,1,,
6,California,62981,2,1,3H3V532K*NJ******,2024-03-20 00:50:50,0,6,TRAILER,14282,"HYUNDAI DE MEXICO, S.A. DE C.V.",4876,HYUNDAI TRANSLEAD TRAILERS,11496,Hyundai Translead Trailers,2022,,,12,MEXICO,BAJA CALIFORNIA,TIJUANA,,,,Body Type: SEMITRAILER,61,Trailer,,,,,36,Van Trailer,6,Kingpin,53.000,,2,,
6,California,62994,2,1,1UYVS248*DU******,2024-03-20 00:50:50,0,6,TRAILER,10289,UTILITY TRAILER MANUFACTURING COMPANY,10138,UTILITY TRAILER MANUFACTURER,26222,Utility Trailer Manufacturer,2013,,,6,UNITED STATES (USA),UTAH,CLEARFIELD,,,,,61,Trailer,,,,,36,Van Trailer,4,Straight Semi/Semi Trailer,48.000,,2,,
6,California,62995,2,1,1DW1A532*XS******,2024-03-20 00:50:50,0,6,TRAILER,13506,"STOUGHTON TRAILERS, INC.",3414,STOUGHTON TRAILERS,7701,Stoughton trailers,1999,,,6,UNITED STATES (USA),WISCONSIN,STOUGHTON,"Stoughton Trailers, INC",,,,61,Trailer,,,,,36,Van Trailer,4,Straight Semi/Semi Trailer,53.000,,2,,
6,California,63026,2,1,1UYVS253*DP******,2024-03-20 00:50:50,0,6,TRAILER,10289,UTILITY TRAILER MANUFACTURING COMPANY,10138,UTILITY TRAILER MANUFACTURER,26222,Utility Trailer Manufacturer,2013,,,6,UNITED STATES (USA),ARKANSAS,PARAGOULD,,,,,61,Trailer,,,,,36,Van Trailer,4,Straight Semi/Semi Trailer,53.000,,2,,
6,California,63032,5,1,1JJV532D*KL******,2024-03-20 00:50:50,0,6,TRAILER,14508,WABASH NATIONAL CORPORATION,12319,WABASH VANS,10942,Dry Van Duraplate,2019,,,6,UNITED STATES (USA),INDIANA,LAFAYETTE,,,,,61,Trailer,,,,,36,Van Trailer,,,53.000,,2,,
6,California,63060,1,1,591SH482*HC******,2024-03-20 00:50:50,0,6,TRAILER,7719,"DRAGON ESP, LTD",1415,DRAGON ESP,4763,Dragon ESP,2017,,,6,UNITED STATES (USA),CALIFORNIA,LATHROP,,,,,61,Trailer,,,,,101,Other,4,Straight Semi/Semi Trailer,48.000,Hoist Trailer,2,,
6,California,63064,2,1,13N1482C*J1******,2024-03-20 00:50:50,0,6,TRAILER,12268,FONTAINE COMMERCIAL PLATFORM,1128,FONTAINE TRAILER CO.,4416,Fontaine Trailer Co.,2018,,,6,UNITED STATES (USA),ALABAMA,HALEYVILLE,,,,Optional Features: Sliding Suspension,61,Trailer,,,,,6,Flat Bed Trailer/Platform Trailer,,,48.000,,2,,
6,California,63073,2,1,1GR1P062*LJ******,2024-03-20 00:50:50,0,6,TRAILER,1073,GREAT DANE TRAILERS,520,GREAT DANE TRAILERS,13436,Great Dane Trailers,2020,,,6,UNITED STATES (USA),ARKANSAS,JONESBORO,,,,,61,Trailer,,,,,,,6,Kingpin,53.000,"Semitrailer - dry freight, reefer, or insulated van",2,,
6,California,63076,1,1,5KTUS232*MF******,2024-03-20 00:50:50,0,6,TRAILER,10097,KARAVAN TRAILERS INC.,5044,KARAVAN TRAILER,12425,Karavan Trailer,2021,,,6,UNITED STATES (USA),WISCONSIN,FOX LAKE,,,,,61,Trailer,,,,,16,Utility Trailer,31,Ball Hitch,23.000,FRAME TYPE: Sq. Tube,2,,
6,California,63084,2,1,4HXEN081*CC******,2024-03-20 00:50:50,0,6,TRAILER,6639,"CARSON TRAILER, INC.",6799,CARSON TRAILER,18243,Carson Trailer,2012,,,6,UNITED STATES (USA),CALIFORNIA,GARDENA,,,,,61,Trailer,,,,,160,Cargo Trailer,,,8.000,,1,,
6,California,63091,2,1,1UYVS250*7U******,2024-03-20 00:50:50,0,6,TRAILER,10289,UTILITY TRAILER MANUFACTURING COMPANY,10138,UTILITY TRAILER MANUFACTURER,26222,Utility Trailer Manufacturer,2007,,,6,UNITED STATES (USA),UTAH,CLEARFIELD,,,,,61,Trailer,,,,,36,Van Trailer,4,Straight Semi/Semi Trailer,50.000,,2,,
6,California,63101,2,1,3H3V482C*JT******,2024-03-20 00:50:50,0,6,TRAILER,14282,"HYUNDAI DE MEXICO, S.A. DE C.V.",4876,HYUNDAI TRANSLEAD TRAILERS,11496,Hyundai Translead Trailers,2018,,,12,MEXICO,BAJA CALIFORNIA,TIJUANA,,,,,61,Trailer,,,,,36,Van Trailer,,,48.000,Material: Aluminum/Steel,2,,
6,California,63128,2,1,5DN15442*FB******,2024-03-20 00:50:50,0,6,TRAILER,8543,WESTERN TRAILER COMPANY,3808,WESTERN TRAILER COMPANY,8295,Western Trailer Company,2015,,,6,UNITED STATES (USA),IDAHO,BOISE,Western Trailer Company,,,,61,Trailer,,,,,,,4,Straight Semi/Semi Trailer,44.000,Transfer (Express Belt),2,,
6,California,63272,1,1,1JJV532D*GL******,2024-03-20 00:50:50,0,6,TRAILER,14508,WABASH NATIONAL CORPORATION,12319,WABASH VANS,10942,Dry Van Duraplate,2016,,,6,UNITED STATES (USA),INDIANA,LAFAYETTE,,,,,61,Trailer,,,,,36,Van Trailer,,,53.000,,2,,
6,California,63292,3,1,1S12E953*VD******,2024-03-20 00:50:50,0,6,TRAILER,14956,"STRICK TRAILERS, LLC",4977,STRICK COMMERCIAL TRAILER,12176,Strick Commercial Trailer,1997,Smooth Side,,6,UNITED STATES (USA),,DANVILLE,,,,,61,Trailer,,,,,,,4,Straight Semi/Semi Trailer,53.000,Dry Freight Van,2,3,Tandem
6,California,63400,1,1,1UYVS248*AP******,2024-03-20 00:50:50,0,6,TRAILER,10289,UTILITY TRAILER MANUFACTURING COMPANY,10138,UTILITY TRAILER MANUFACTURER,26222,Utility Trailer Manufacturer,2010,,,6,UNITED STATES (USA),ARKANSAS,PARAGOULD,,,,,61,Trailer,,,,,36,Van Trailer,4,Straight Semi/Semi Trailer,48.000,,2,,
6,California,63496,4,1,LJRC5426*B1******,2024-03-20 00:50:50,0,6,TRAILER,9950,"CIMC VEHICLES GROUP CO., LTD.",4101,CIMC VEHICLES GROUP CO,8811,CIMC VEHICLES GROUP CO,2011,,,8,CHINA,,SHENZHEN,,,,"GVWR = 30,000-34,990kg",61,Trailer,9,"Class 8: 33,001 lb and above (14,969 kg and above)",,,109,Container Chassis/Container Trailer,,,54.000,,2,,
6,California,63507,2,1,3H3V532C*MT******,2024-03-20 00:50:50,0,6,TRAILER,14282,"HYUNDAI DE MEXICO, S.A. DE C.V.",4876,HYUNDAI TRANSLEAD TRAILERS,11496,Hyundai Translead Trailers,2021,,,12,MEXICO,BAJA CALIFORNIA,TIJUANA,,,,Trailer Type: SEMITRAILER,61,Trailer,,,,,36,Van Trailer,6,Kingpin,53.000,Material: ALUMINUM/STEEL,2,,
6,California,63542,2,1,3H3V532C*7T******,2024-03-20 00:50:50,0,6,TRAILER,14282,"HYUNDAI DE MEXICO, S.A. DE C.V.",4876,HYUNDAI TRANSLEAD TRAILERS,11496,Hyundai Translead Trailers,2007,,,12,MEXICO,BAJA CALIFORNIA,TIJUANA,,,,,61,Trailer,,,,,36,Van Trailer,,,53.000,Material: Aluminum/Steel,2,,
6,California,63591,1,1,1PMA1432*91******,2024-03-20 00:50:50,0,6,TRAILER,6179,"POLAR TANK TRAILER, LLC",2921,POLAR TANK TRAILER,6874,Polar Tank Trailer,2009,,,6,UNITED STATES (USA),MINNESOTA,OPOLE,,,,,61,Trailer,,,,,15,Tank Trailer,30,Other,43.000,Vessel Code: Non-Code,2,,
6,California,63611,1,1,1JJV532B*JL******,2024-03-20 00:50:50,0,6,TRAILER,14508,WABASH NATIONAL CORPORATION,12319,WABASH VANS,10945,Refrigerated Van,2018,,,6,UNITED STATES (USA),INDIANA,LAFAYETTE,,,,,61,Trailer,,,,,36,Van Trailer,,,53.000,,2,,
6,California,63672,2,1,4J8T0442*HT******,2024-03-20 00:50:50,0,6,TRAILER,2695,"LBT, INC.",7990,LBT INC,21385,LBT INC TRAILER,2017,,,6,UNITED STATES (USA),NEBRASKA,OMAHA,,,,,61,Trailer,,,,,15,Tank Trailer,,,44.000,,2,,
6,California,63768,2,1,1JJV532W*9L******,2024-03-20 00:50:50,0,6,TRAILER,14508,WABASH NATIONAL CORPORATION,4847,WABASH,13327,Wabash National Corporation,2009,,,6,UNITED STATES (USA),INDIANA,LAFAYETTE,,,,,61,Trailer,,,,,36,Van Trailer,,,53.000,,2,,
6,California,63841,1,1,1JJV532D*KL******,2024-03-20 00:50:50,0,6,TRAILER,14508,WABASH NATIONAL CORPORATION,12319,WABASH VANS,10942,Dry Van Duraplate,2019,,,6,UNITED STATES (USA),INDIANA,LAFAYETTE,,,,,61,Trailer,,,,,36,Van Trailer,,,53.000,,2,,
6,California,64090,2,1,3H3V532C*AT******,2024-03-20 00:50:50,0,6,TRAILER,14282,"HYUNDAI DE MEXICO, S.A. DE C.V.",4876,HYUNDAI TRANSLEAD TRAILERS,11496,Hyundai Translead Trailers,2010,,,12,MEXICO,BAJA CALIFORNIA,TIJUANA,,,,,61,Trailer,,,,,36,Van Trailer,,,53.000,Material: Aluminum/Steel,2,,
6,California,64140,2,1,5F1BS121*CA******,2024-03-20 00:50:50,0,6,TRAILER,10326,"WANCO, INC.",8140,"WANCO, INC",21689,"Wanco, Inc Trailer",2012,,,6,UNITED STATES (USA),COLORADO,ARVADA,,,,,61,Trailer,,,,,101,Other,14,Bumper Pull,12.000,Solar,1,,
6,California,64146,3,1,3H6KR422*N3******,2024-03-20 00:50:50,0,6,TRAILER,6179,"POLAR TANK TRAILER, LLC",2921,POLAR TANK TRAILER,6874,Polar Tank Trailer,2022,SS NON SPEC.,,12,MEXICO,CHIHUAHUA,,,,,,61,Trailer,,,,,15,Tank Trailer,4,Straight Semi/Semi Trailer,42.000,,2,,
6,California,64210,2,1,3H3C532S*FT******,2024-03-20 00:50:50,0,6,TRAILER,14282,"HYUNDAI DE MEXICO, S.A. DE C.V.",4876,HYUNDAI TRANSLEAD TRAILERS,11496,Hyundai Translead Trailers,2015,,,12,MEXICO,BAJA CALIFORNIA,TIJUANA,,,,,61,Trailer,,,,,109,Container Chassis/Container Trailer,,,53.000,Material: Steel,2,,
6,California,64231,2,1,4WW5512A*F6******,2024-03-20 00:50:50,0,6,TRAILER,11681,WILSON TRAILER CO.,3855,WILSON TRAILER CO.,8390,Wilson Trailer Co.,2015,,,6,UNITED STATES (USA),MISSOURI,MOBERLY,,,,Type of suspension: Air Ride,61,Trailer,,,,,6,Flat Bed Trailer/Platform Trailer,,,51.000,,2,,
8,Colorado,80030,3,1,1RZ1KC1A*R2******,2024-03-15 02:12:38,0,6,TRAILER,6992,"CON-WAY MANUFACTURING, INC.",1881,CON-WAY MANUFACTURING,5385,CON-WAY MANUFACTURING,2024,,,6,UNITED STATES (USA),ARIZONA,SEARCY,,,,Body Construction = Smooth-side Aluminum,61,Trailer,,,,,131,Truck Campers,,,28.000,Length = less than 29 but at least 28,1,,
8,Colorado,80030,3,2,1RZ1KC1A*R2******,2024-03-15 02:12:38,0,6,TRAILER,6992,"CON-WAY MANUFACTURING, INC.",1881,CON-WAY MANUFACTURING,5385,CON-WAY MANUFACTURING,2024,,,6,UNITED STATES (USA),ARIZONA,SEARCY,,,,Body Construction = Smooth-side Aluminum,61,Trailer,,,,,131,Truck Campers,,,28.000,Length = less than 29 but at least 28,1,,
8,Colorado,80031,2,1,1KKVD281*KL******,2024-03-15 02:12:38,0,6,TRAILER,2340,KENTUCKY MANUFACTURING CO.,2048,KENTUCKY,30821,Drop Trailer,2019,,,6,UNITED STATES (USA),KENTUCKY,LOUISVILLE,Kentucky Manufacturing Co.,,,,61,Trailer,,,,,36,Van Trailer,,,28.000,,1,,
8,Colorado,80041,2,1,1JJV482U*SL******,2024-03-15 02:12:38,0,6,TRAILER,14508,WABASH NATIONAL CORPORATION,4847,WABASH,22472,Smooth Side Can,1995,,,6,UNITED STATES (USA),INDIANA,LAFAYETTE,,,,,61,Trailer,,,,,36,Van Trailer,,,48.000,,2,,
8,Colorado,80044,2,1,1JJV532W*4L******,2024-03-15 02:12:38,0,6,TRAILER,14508,WABASH NATIONAL CORPORATION,4847,WABASH,13327,Wabash National Corporation,2004,,,6,UNITED STATES (USA),INDIANA,LAFAYETTE,,,,,61,Trailer,,,,,36,Van Trailer,,,53.000,,2,,
8,Colorado,80045,2,1,1UNST534*KL******,2024-03-15 02:12:38,0,6,TRAILER,1739,"DRAGON PRODUCTS, LLC",1415,DRAGON ESP,4763,Dragon ESP,2019,,,6,UNITED STATES (USA),TEXAS,LA PORTE,,,,,61,Trailer,,,,,15,Tank Trailer,4,Straight Semi/Semi Trailer,53.000,,4,,
8,Colorado,80071,2,1,1JJV281D*GL******,2024-03-15 02:12:38,0,6,TRAILER,14508,WABASH NATIONAL CORPORATION,12319,WABASH VANS,10942,Dry Van Duraplate,2016,,,6,UNITED STATES (USA),INDIANA,LAFAYETTE,,,,,61,Trailer,,,,,36,Van Trailer,,,28.000,,1,,
8,Colorado,80071,2,2,1JJV281W*7L******,2024-03-15 02:12:38,0,6,TRAILER,14508,WABASH NATIONAL CORPORATION,4847,WABASH,13327,Wabash National Corporation,2007,,,6,UNITED STATES (USA),INDIANA,LAFAYETTE,,,,,61,Trailer,,,,,36,Van Trailer,,,28.000,,1,,
8,Colorado,80074,2,1,4ZEDT102*81******,2024-03-15 02:12:38,0,6,TRAILER,3684,LOAD TRAIL LLC,2111,LOAD TRAIL,5874,Load Trail,2008,,,6,UNITED STATES (USA),TEXAS,SUMMER,,,,,61,Trailer,,,,,4,Dump Trailer/Dumping Trailer,,,10.000,,2,,
8,Colorado,80083,2,1,1GRAA062*CB******,2024-03-15 02:12:38,0,6,TRAILER,1073,GREAT DANE TRAILERS,520,GREAT DANE TRAILERS,13436,Great Dane Trailers,2012,,,6,UNITED STATES (USA),INDIANA,BRAZIL,,,,,61,Trailer,,,,,,,4,Straight Semi/Semi Trailer,53.000,Dry Freight Van / Reefer Van / Insulated Van,2,,
8,Colorado,80091,2,1,1JJV281D*NL******,2024-03-15 02:12:38,0,6,TRAILER,14508,WABASH NATIONAL CORPORATION,12319,WABASH VANS,10942,Dry Van Duraplate,2022,,,6,UNITED STATES (USA),INDIANA,LAFAYETTE,,,,,61,Trailer,,,,,36,Van Trailer,6,Kingpin,28.000,,1,,
8,Colorado,80091,2,2,1JJV281W*6L******,2024-03-15 02:12:38,0,6,TRAILER,14508,WABASH NATIONAL CORPORATION,4847,WABASH,13327,Wabash National Corporation,2006,,,6,UNITED STATES (USA),INDIANA,LAFAYETTE,,,,,61,Trailer,,,,,36,Van Trailer,,,28.000,,1,,
8,Colorado,80102,2,1,46UFU162*J1******,2024-03-15 02:12:38,0,6,TRAILER,16231,"ROADCLIPPER ENTERPRISES, INC.",6469,DIAMOND C TRAILER MFG.,17772,Diamond C Trailer Mfg.,1988,,,6,UNITED STATES (USA),TEXAS,MT. PLEASANT,,,,,61,Trailer,,,,,16,Utility Trailer,,,16.000,Flatbed,2,,
8,Colorado,80104,2,1,1GRAA062*HW******,2024-03-15 02:12:38,0,6,TRAILER,1073,GREAT DANE TRAILERS,520,GREAT DANE TRAILERS,13436,Great Dane Trailers,2017,,,6,UNITED STATES (USA),NEBRASKA,WAYNE,,,,,61,Trailer,,,,,,,4,Straight Semi/Semi Trailer,53.000,Dry Freight Van / Reefer Van / Insulated Van,2,,
8,Colorado,80108,2,1,5LKL5636*F1******,2024-03-15 02:12:38,0,6,TRAILER,3083,LOAD KING LLC,8486,LOAD KING,22419,Load King,2015,,,6,UNITED STATES (USA),SOUTH DAKOTA,ELK POINT,,,,,61,Trailer,,,,,11,Lowboy/Low bed Trailer,,,56.000,Frame Capacity of Trailer: 56-65 US tons,3,,
8,Colorado,80154,1,1,3H3V281C*CT******,2024-03-15 02:12:38,0,6,TRAILER,14282,"HYUNDAI DE MEXICO, S.A. DE C.V.",4876,HYUNDAI TRANSLEAD TRAILERS,11496,Hyundai Translead Trailers,2012,,,12,MEXICO,BAJA CALIFORNIA,TIJUANA,,,,,61,Trailer,,,,,36,Van Trailer,,,28.000,Material: Aluminum/Steel,1,,
8,Colorado,80187,1,1,3H3V532C*LT******,2024-03-15 02:12:38,0,6,TRAILER,14282,"HYUNDAI DE MEXICO, S.A. DE C.V.",4876,HYUNDAI TRANSLEAD TRAILERS,11496,Hyundai Translead Trailers,2020,,,12,MEXICO,BAJA CALIFORNIA,TIJUANA,,,,,61,Trailer,,,,,36,Van Trailer,,,53.000,Material: Aluminum/Steel,2,,
8,Colorado,80194,3,1,4X4TSMT1*LY******,2024-03-15 02:12:38,0,6,TRAILER,1084,"FOREST RIVER, INC.",531,FOREST RIVER,2435,Salem Towables,2020,,,6,UNITED STATES (USA),INDIANA,TOPEKA,,,,Address:827 Lake Street,61,Trailer,,,,,21,Travel Trailer,1,Ball Type Pull,18.000,,1,,
8,Colorado,80241,2,1,1P9CD382*HB343***,2024-03-15 02:12:38,0,6,TRAILER,8027,PRATT INDUSTRIES (US) LLC,3015,PRATT INDUSTRIES,7027,Pratt Industries,2017,,,6,UNITED STATES (USA),MICHIGAN,BRIDGMAN,,,,,61,Trailer,,,,,9,Flatbed - Double Drop,,,38.000,Type: Semitrailer,2,,
8,Colorado,80243,1,1,1MT2N502*9H******,2024-03-15 02:12:38,0,6,TRAILER,8092,MERRITT TRAILERS INC.,2353,MERRITT,29522,Merritt,2009,,,6,UNITED STATES (USA),COLORADO,HENDERSON,Merritt Equipment Co.,,,,61,Trailer,,,,,13,Livestock Trailer,4,Straight Semi/Semi Trailer,50.000,,2,,
8,Colorado,80255,2,1,5JNSS432*DH******,2024-03-15 02:12:38,0,6,TRAILER,9287,"JET COMPANY, INC.",3052,JET COMPANY INC.,7075,Jet Company Inc.,2013,,,6,UNITED STATES (USA),IOWA,HUMBOLDT,,,,,61,Trailer,,,,,119,Steel Body/Frame,,,43.000,,2,,
8,Colorado,80259,1,1,5LKD4025*D1******,2024-03-15 02:12:38,0,6,TRAILER,3083,LOAD KING LLC,8486,LOAD KING,22419,Load King,2013,,,6,UNITED STATES (USA),SOUTH DAKOTA,ELK POINT,,,,,61,Trailer,,,,,4,Dump Trailer/Dumping Trailer,,,40.000,Frame Capacity of Trailer: 46-55 US tons,2,,
8,Colorado,80267,2,1,1JJV532D*ML******,2024-03-15 02:12:38,0,6,TRAILER,14508,WABASH NATIONAL CORPORATION,12319,WABASH VANS,10942,Dry Van Duraplate,2021,,,6,UNITED STATES (USA),INDIANA,LAFAYETTE,,,,,61,Trailer,,,,,36,Van Trailer,,,53.000,,2,,
8,Colorado,80271,2,1,4P5CC202*G1******,2024-03-15 02:12:38,0,6,TRAILER,16013,"PJ TRAILERS MANUFACTURING, INC.",6060,PJ,28324,PJ,2016,,,6,UNITED STATES (USA),TEXAS,SUMNER,,,,,61,Trailer,,,,,101,Other,30,Other,20.000,Variable HITCH based on Size/Type of Trailer,2,,
8,Colorado,80273,1,1,4ZEGD142*J1******,2024-03-15 02:12:38,0,6,TRAILER,3684,LOAD TRAIL LLC,2111,LOAD TRAIL,5874,Load Trail,2018,,,6,UNITED STATES (USA),TEXAS,SUMNER,,,,,61,Trailer,,,,,4,Dump Trailer/Dumping Trailer,3,Gooseneck,14.000,,2,,
8,Colorado,80278,2,1,1GRAA062*GW******,2024-03-15 02:12:38,0,6,TRAILER,1073,GREAT DANE TRAILERS,520,GREAT DANE TRAILERS,13436,Great Dane Trailers,2016,,,6,UNITED STATES (USA),NEBRASKA,WAYNE,,,,,61,Trailer,,,,,,,4,Straight Semi/Semi Trailer,53.000,Dry Freight Van / Reefer Van / Insulated Van,2,,
8,Colorado,80356,2,1,1GRAA062*KB******,2024-03-15 02:12:38,0,6,TRAILER,1073,GREAT DANE TRAILERS,520,GREAT DANE TRAILERS,13436,Great Dane Trailers,2019,,,6,UNITED STATES (USA),INDIANA,BRAZIL,,,,,61,Trailer,,,,,36,Van Trailer,4,Straight Semi/Semi Trailer,53.000,"Semitrailer - Dry Freight Van, Reefer Van, Insulated Van",2,,
8,Colorado,80383,3,1,1UYVF258*NP******,2024-03-15 02:12:38,0,6,TRAILER,10289,UTILITY TRAILER MANUFACTURING COMPANY,10138,UTILITY TRAILER MANUFACTURER,26222,Utility Trailer Manufacturer,2022,,,6,UNITED STATES (USA),ARKANSAS,PARAGOULD,,,,,61,Trailer,,,,,36,Van Trailer,1,Ball Type Pull,58.000,Full (pull),2,,
8,Colorado,80461,1,1,1T9SC442*CB656***,2024-03-15 02:12:38,0,6,TRAILER,2304,"TRINITY TRAILER MFG., INC.",3552,"TRINITY TRAILER MFG., INC.",7903,"TRINITY TRAILER MFG., INC.",2012,,,6,UNITED STATES (USA),IDAHO,BOISE,,,,,61,Trailer,,,,,,,4,Straight Semi/Semi Trailer,44.000,Commodity Body,2,,
8,Colorado,80482,2,1,4LAAS312*1E******,2024-03-15 02:12:38,0,6,TRAILER,13517,EXISS SOONER TRAILER MANUFACTURING LLC,3671,EXXISS,21381,Aluminum,2001,,,6,UNITED STATES (USA),OKLAHOMA,EL RENO,El Reno Manufacturing Plant,,,,61,Trailer,,,,,182,Stock Trailer,,,31.000,,2,,
8,Colorado,80504,2,1,1W1RJF2K*6D******,2024-03-15 02:12:38,0,6,TRAILER,11681,WILSON TRAILER CO.,3855,WILSON TRAILER CO.,8390,Wilson Trailer Co.,2006,LH LOAD - SOLID PAN - DOGHOUSE,,6,UNITED STATES (USA),SOUTH DAKOTA,YANKTON,PLANT 5,,,,61,Trailer,,,,,13,Livestock Trailer,,,53.000,Type of Trailer: PUNCHSIDE ALUM DROP LVSK (PSADL),2,,
8,Colorado,80517,2,1,5V8VC532*DM******,2024-03-15 02:12:38,0,6,TRAILER,16522,VANGUARD NATIONAL TRAILER CORPORTATION,6474,VANGUARD NATIONAL TRAILER CORPORATION (VNTC),17782,VANGUARD NATIONAL TRAILER CORPORATION (VNTC),2013,,,6,UNITED STATES (USA),INDIANA,MONON,,,,,61,Trailer,,,,,,,,,53.000,Dry Freight Van,2,3,Tandem
8,Colorado,80524,1,1,1GR1P062*LJ******,2024-03-15 02:12:38,0,6,TRAILER,1073,GREAT DANE TRAILERS,520,GREAT DANE TRAILERS,13436,Great Dane Trailers,2020,,,6,UNITED STATES (USA),ARKANSAS,JONESBORO,,,,,61,Trailer,,,,,,,6,Kingpin,53.000,"Semitrailer - dry freight, reefer, or insulated van",2,,
8,Colorado,80524,2,1,1JJV532D*LL******,2024-03-15 02:12:38,0,6,TRAILER,14508,WABASH NATIONAL CORPORATION,12319,WABASH VANS,10942,Dry Van Duraplate,2020,,,6,UNITED STATES (USA),INDIANA,LAFAYETTE,,,,,61,Trailer,,,,,36,Van Trailer,,,53.000,,2,,
8,Colorado,80528,1,1,1UYVS253*FM******,2024-03-15 02:12:38,0,6,TRAILER,10289,UTILITY TRAILER MANUFACTURING COMPANY,10138,UTILITY TRAILER MANUFACTURER,26222,Utility Trailer Manufacturer,2015,,,6,UNITED STATES (USA),VIRGINIA,MARION,,,,,61,Trailer,,,,,36,Van Trailer,4,Straight Semi/Semi Trailer,53.000,,2,,
8,Colorado,80534,2,1,575GB162*JU******,2024-03-15 02:12:38,0,6,TRAILER,16014,"UNIVERSAL TRAILER CARGO GROUP, INC.",6061,HAULMARK,15856,Haulmark Trailer,2018,,,6,UNITED STATES (USA),UTAH,OGDEN,,,,,61,Trailer,,,,,101,Other,30,Other,16.000,Enclosed or Flatbed Trailer,2,,
8,Colorado,80542,2,1,1TTE532C*C3******,2024-03-15 02:12:38,0,6,TRAILER,8231,TRANSCRAFT CORPORATION,12050,TRANSCRAFT/WABASH,27663,Combo Steel/Alum Flatbed,2012,,,6,UNITED STATES (USA),KENTUCKY,CADIZ,,,,,61,Trailer,,,,,61,Drop Deck Trailer,6,Kingpin,53.000,,2,,
8,Colorado,80560,2,1,3H3V552A*PS******,2024-03-15 02:12:38,0,6,TRAILER,14282,"HYUNDAI DE MEXICO, S.A. DE C.V.",4876,HYUNDAI TRANSLEAD TRAILERS,11496,Hyundai Translead Trailers,2023,,,12,MEXICO,BAJA CALIFORNIA,ROSARITO,,,,Material: Aluminum,61,Trailer,,,,,36,Van Trailer,,,55.000,,2,,
8,Colorado,80569,2,1,1W1RAF1E*J2******,2024-03-15 02:12:38,0,6,TRAILER,11681,WILSON TRAILER CO.,3855,WILSON TRAILER CO.,8390,Wilson Trailer Co.,1988,RIDGE STRAPS - ROLL TARP,,6,UNITED STATES (USA),IOWA,SIOUX CITY,PLANT 2,,,,61,Trailer,,,,,33,Grain Trailer,,,43.000,DOLLY (D),1,,
8,Colorado,80595,2,1,4RADG182*NN******,2024-03-15 02:12:38,0,6,TRAILER,16586,"INTERSTATE GROUP, LLC",7701,INTERSTATE WEST CORP,20698,Interstate West Corp,2022,,,6,UNITED STATES (USA),IDAHO,NAMPA,,,,,61,Trailer,,,,,4,Dump Trailer/Dumping Trailer,3,Gooseneck,18.000,,2,,
8,Colorado,80596,1,1,1JJV532D*EL******,2024-03-15 02:12:38,0,6,TRAILER,14508,WABASH NATIONAL CORPORATION,12319,WABASH VANS,10942,Dry Van Duraplate,2014,,,6,UNITED STATES (USA),INDIANA,LAFAYETTE,,,,,61,Trailer,,,,,36,Van Trailer,,,53.000,,2,,
8,Colorado,80596,2,1,1UYVS253*L6******,2024-03-15 02:12:38,0,6,TRAILER,10289,UTILITY TRAILER MANUFACTURING COMPANY,10138,UTILITY TRAILER MANUFACTURER,26222,Utility Trailer Manufacturer,2020,,,6,UNITED STATES (USA),VIRGINIA,MARION,,,,,61,Trailer,,,,,36,Van Trailer,4,Straight Semi/Semi Trailer,53.000,,2,,
8,Colorado,80599,2,1,5MAPA532*PH******,2024-03-15 02:12:38,0,6,TRAILER,5950,"MAC TRAILER MFG, INC.",6826,MAC TRAILER MANUFACTURING,18288,MAC TRAILER MANUFACTURING,2023,,,6,UNITED STATES (USA),OKLAHOMA,,Oklahoma,,,,61,Trailer,,,,,6,Flat Bed Trailer/Platform Trailer,6,Kingpin,53.000,ALUMINUM FRAME,2,,
8,Colorado,80657,2,1,1DW1A532*LS******,2024-03-15 02:12:38,0,6,TRAILER,13506,"STOUGHTON TRAILERS, INC.",3414,STOUGHTON TRAILERS,7701,Stoughton trailers,2020,,,6,UNITED STATES (USA),WISCONSIN,STOUGHTON,"Stoughton Trailers, INC",,,,61,Trailer,,,,,36,Van Trailer,4,Straight Semi/Semi Trailer,53.000,,2,,
8,Colorado,80665,2,1,3H3V532A*PJ******,2024-03-15 02:12:38,0,6,TRAILER,14282,"HYUNDAI DE MEXICO, S.A. DE C.V.",4876,HYUNDAI TRANSLEAD TRAILERS,11496,Hyundai Translead Trailers,2023,,,12,MEXICO,BAJA CALIFORNIA,TIJUANA,,,,Material: Aluminum,61,Trailer,,,,,36,Van Trailer,,,53.000,,2,,
8,Colorado,80668,1,1,1JJV281D*GL******,2024-03-15 02:12:38,0,6,TRAILER,14508,WABASH NATIONAL CORPORATION,12319,WABASH VANS,10942,Dry Van Duraplate,2016,,,6,UNITED STATES (USA),INDIANA,LAFAYETTE,,,,,61,Trailer,,,,,36,Van Trailer,,,28.000,,1,,
9,Connecticut,90053,1,1,46UFU222*N1******,2024-03-19 01:32:13,0,6,TRAILER,16231,"ROADCLIPPER ENTERPRISES, INC.",6469,DIAMOND C TRAILER MFG.,17772,Diamond C Trailer Mfg.,1992,,,6,UNITED STATES (USA),TEXAS,MT. PLEASANT,,,,,61,Trailer,,,,,16,Utility Trailer,,,22.000,Flatbed,2,,
9,Connecticut,90079,1,1,1JJV532D*LL******,2024-03-19 01:32:13,0,6,TRAILER,14508,WABASH NATIONAL CORPORATION,12319,WABASH VANS,10942,Dry Van Duraplate,2020,,,6,UNITED STATES (USA),INDIANA,LAFAYETTE,,,,,61,Trailer,,,,,36,Van Trailer,,,53.000,,2,,
9,Connecticut,90148,1,1,1GR1P062*LD******,2024-03-19 01:32:13,0,6,TRAILER,1073,GREAT DANE TRAILERS,520,GREAT DANE TRAILERS,13436,Great Dane Trailers,2020,,,6,UNITED STATES (USA),PENNSYLVANIA,DANVILLE,,,,,61,Trailer,,,,,,,6,Kingpin,53.000,"Semitrailer - dry freight, reefer, or insulated van",2,,
9,Connecticut,90176,3,1,1JJV532B*JL******,2024-03-19 01:32:13,0,6,TRAILER,14508,WABASH NATIONAL CORPORATION,12319,WABASH VANS,10945,Refrigerated Van,2018,,,6,UNITED STATES (USA),INDIANA,LAFAYETTE,,,,,61,Trailer,,,,,36,Van Trailer,,,53.000,,2,,
9,Connecticut,90189,2,1,1GRDM962*EH******,2024-03-19 01:32:13,0,6,TRAILER,1073,GREAT DANE TRAILERS,520,GREAT DANE TRAILERS,13436,Great Dane Trailers,2014,,,6,UNITED STATES (USA),TENNESSEE,HUNTSVILLE,,,,,61,Trailer,,,,,,,4,Straight Semi/Semi Trailer,48.000,Platform,2,,
9,Connecticut,90224,1,1,3H3C412S*ST******,2024-03-19 01:32:13,0,6,TRAILER,14282,"HYUNDAI DE MEXICO, S.A. DE C.V.",4876,HYUNDAI TRANSLEAD TRAILERS,11496,Hyundai Translead Trailers,1995,,,12,MEXICO,BAJA CALIFORNIA,TIJUANA,,,,,61,Trailer,,,,,109,Container Chassis/Container Trailer,,,41.000,Material: Steel,2,,
9,Connecticut,90233,1,1,1JJV532W*4L******,2024-03-19 01:32:13,0,6,TRAILER,14508,WABASH NATIONAL CORPORATION,4847,WABASH,13327,Wabash National Corporation,2004,,,6,UNITED STATES (USA),INDIANA,LAFAYETTE,,,,,61,Trailer,,,,,36,Van Trailer,,,53.000,,2,,
9,Connecticut,90322,1,1,1UYVS253*L6******,2024-03-19 01:32:13,0,6,TRAILER,10289,UTILITY TRAILER MANUFACTURING COMPANY,10138,UTILITY TRAILER MANUFACTURER,26222,Utility Trailer Manufacturer,2020,,,6,UNITED STATES (USA),VIRGINIA,MARION,,,,,61,Trailer,,,,,36,Van Trailer,4,Straight Semi/Semi Trailer,53.000,,2,,
10,Delaware,100009,1,1,1GRAA062*HE******,2024-03-15 02:12:38,0,6,TRAILER,1073,GREAT DANE TRAILERS,520,GREAT DANE TRAILERS,13436,Great Dane Trailers,2017,,,6,UNITED STATES (USA),GEORGIA,STATESBORO,,,,,61,Trailer,,,,,,,4,Straight Semi/Semi Trailer,53.000,Dry Freight Van / Reefer Van / Insulated Van,2,,
10,Delaware,100010,2,1,1W9AA362*C1198***,2024-03-15 02:12:38,0,6,TRAILER,10333,"WARREN MANUFACTURING, INC.",6970,"WARREN MANUFACTURING, INC.",18541,"WARREN MANUFACTURING, INC.",2012,,,6,UNITED STATES (USA),ALABAMA,BIRMINGHAM,,,,,61,Trailer,,,,,,,,,36.000,Aluminum Construction,2,,
10,Delaware,100012,2,1,50PAD122*ML******,2024-03-15 02:12:38,"1,400",6,TRAILER,13832,BELMONT TRAILERS LLC,4696,BELMONT TRAILERS,9961,Belmont Trailers LLC,2021,,,6,UNITED STATES (USA),PENNSYLVANIA,LEOLA,Belmont Trailers LLC,,,,61,Trailer,,,,,4,Dump Trailer/Dumping Trailer,,,12.000,Adjustable Trailer,2,,
10,Delaware,100036,3,1,3H3V532C*CT******,2024-03-15 02:12:38,0,6,TRAILER,14282,"HYUNDAI DE MEXICO, S.A. DE C.V.",4876,HYUNDAI TRANSLEAD TRAILERS,11496,Hyundai Translead Trailers,2012,,,12,MEXICO,BAJA CALIFORNIA,TIJUANA,,,,,61,Trailer,,,,,36,Van Trailer,,,53.000,Material: Aluminum/Steel,2,,
10,Delaware,100036,6,1,3H3V532C*FT******,2024-03-15 02:12:38,0,6,TRAILER,14282,"HYUNDAI DE MEXICO, S.A. DE C.V.",4876,HYUNDAI TRANSLEAD TRAILERS,11496,Hyundai Translead Trailers,2015,,,12,MEXICO,BAJA CALIFORNIA,TIJUANA,,,,,61,Trailer,,,,,36,Van Trailer,,,53.000,Material: Aluminum/Steel,2,,
10,Delaware,100039,1,1,4WW4412A*E7******,2024-03-15 02:12:38,0,6,TRAILER,11681,WILSON TRAILER CO.,3855,WILSON TRAILER CO.,8390,Wilson Trailer Co.,2014,,,6,UNITED STATES (USA),SOUTH DAKOTA,LENNOX,,,,Type of suspension: Air Ride,61,Trailer,,,,,101,Other,,,41.000,Grain Trailer,2,,
10,Delaware,100040,1,1,1V9DS482*CN062***,2024-03-15 02:12:38,0,6,TRAILER,10999,VIKING TRAILERS,5688,VIKING TRAILER,14907,Viking Trailer,2012,Single Drop,,6,UNITED STATES (USA),TEXAS,NACOGDOCHES,,,,,61,Trailer,,,,,13,Livestock Trailer,,,48.000,Poultry,2,,
10,Delaware,100041,1,1,5DN15442*HB******,2024-03-15 02:12:38,0,6,TRAILER,8543,WESTERN TRAILER COMPANY,3808,WESTERN TRAILER COMPANY,8295,Western Trailer Company,2017,,,6,UNITED STATES (USA),IDAHO,BOISE,Western Trailer Company,,,,61,Trailer,,,,,,,4,Straight Semi/Semi Trailer,44.000,Transfer (Express Belt),2,,
10,Delaware,100096,2,1,4P5B6202*M3******,2024-03-15 02:12:38,0,6,TRAILER,16013,"PJ TRAILERS MANUFACTURING, INC.",6060,PJ,28324,PJ,2021,,,6,UNITED STATES (USA),OHIO,MT. ORAB,,,,,61,Trailer,,,,,101,Other,30,Other,20.000,Variable HITCH based on Size/Type of Trailer,2,,
10,Delaware,100099,1,1,1UYVS253*FP******,2024-03-15 02:12:38,0,6,TRAILER,10289,UTILITY TRAILER MANUFACTURING COMPANY,10138,UTILITY TRAILER MANUFACTURER,26222,Utility Trailer Manufacturer,2015,,,6,UNITED STATES (USA),ARKANSAS,PARAGOULD,,,,,61,Trailer,,,,,36,Van Trailer,4,Straight Semi/Semi Trailer,53.000,,2,,
10,Delaware,100103,2,1,2M592161*L1******,2024-03-15 02:12:38,0,6,TRAILER,5771,THE CANAM MANAC GROUP INC,7933,MANAC,21215,Manac Trailer,2020,,,1,CANADA,QUEBEC,ST. GEORGES,,,,,61,Trailer,,,,,36,Van Trailer,,,161.000,Trailer Length in decimeters,2,,
10,Delaware,100107,2,1,7KYFC482*LE******,2024-03-15 02:12:38,0,6,TRAILER,5550,DORSEY TRAILER LLC,11972,DORSEY,30932,Dorsey,2020,,,6,UNITED STATES (USA),ALABAMA,ELBA,,,,Label of the trailer: DORSEY,61,Trailer,,,,,6,Flat Bed Trailer/Platform Trailer,6,Kingpin,48.000,Flatbed Combo,2,,
10,Delaware,100114,1,1,1PMA2432*75******,2024-03-15 02:12:38,0,6,TRAILER,6179,"POLAR TANK TRAILER, LLC",2921,POLAR TANK TRAILER,6874,Polar Tank Trailer,2007,,,6,UNITED STATES (USA),MISSOURI,SPRINGFIELD,,,,,61,Trailer,,,,,15,Tank Trailer,30,Other,43.000,Vessel Code: DOT 406,2,,
10,Delaware,100119,1,1,1TTF4820*72******,2024-03-15 02:12:38,0,6,TRAILER,8231,TRANSCRAFT CORPORATION,10511,TRANSCRAFT,28401,Transcraft,2007,,,6,UNITED STATES (USA),KENTUCKY,MOUNT STERLING,,,,,61,Trailer,,,,,6,Flat Bed Trailer/Platform Trailer,6,Kingpin,48.000,Platform,2,,
10,Delaware,100121,2,1,1UYVS253*M6******,2024-03-15 02:12:38,0,6,TRAILER,10289,UTILITY TRAILER MANUFACTURING COMPANY,10138,UTILITY TRAILER MANUFACTURER,26222,Utility Trailer Manufacturer,2021,,,6,UNITED STATES (USA),VIRGINIA,MARION,,,,,61,Trailer,,,,,36,Van Trailer,4,Straight Semi/Semi Trailer,53.000,,2,,
10,Delaware,100145,1,1,1GRAA062*7G******,2024-03-15 02:12:38,0,6,TRAILER,1073,GREAT DANE TRAILERS,520,GREAT DANE TRAILERS,13436,Great Dane Trailers,2007,,,6,UNITED STATES (USA),MISSISSIPPI,GREENVILLE,,,,Effective 01/01/00,61,Trailer,,,,,36,Van Trailer,4,Straight Semi/Semi Trailer,6.000,Trailer Type = Dry Freight/ Reefer/ Insulated Van,2,,
12,Florida,120016,1,1,1UYVS253*H7******,2024-03-21 00:53:59,0,6,TRAILER,10289,UTILITY TRAILER MANUFACTURING COMPANY,10138,UTILITY TRAILER MANUFACTURER,26222,Utility Trailer Manufacturer,2017,,,6,UNITED STATES (USA),VIRGINIA,GLADE SPRING,,,,,61,Trailer,,,,,36,Van Trailer,4,Straight Semi/Semi Trailer,53.000,,2,,
12,Florida,120019,3,1,3H3V482C*CT******,2024-03-21 00:53:59,0,6,TRAILER,14282,"HYUNDAI DE MEXICO, S.A. DE C.V.",4876,HYUNDAI TRANSLEAD TRAILERS,11496,Hyundai Translead Trailers,2012,,,12,MEXICO,BAJA CALIFORNIA,TIJUANA,,,,,61,Trailer,,,,,36,Van Trailer,,,48.000,Material: Aluminum/Steel,2,,
12,Florida,120034,1,1,1JJV532W*5L******,2024-03-21 00:53:59,0,6,TRAILER,14508,WABASH NATIONAL CORPORATION,4847,WABASH,13327,Wabash National Corporation,2005,,,6,UNITED STATES (USA),INDIANA,LAFAYETTE,,,,,61,Trailer,,,,,36,Van Trailer,,,53.000,,2,,
12,Florida,120042,2,1,1JJV532D*AL******,2024-03-21 00:53:59,0,6,TRAILER,14508,WABASH NATIONAL CORPORATION,12319,WABASH VANS,10942,Dry Van Duraplate,2010,,,6,UNITED STATES (USA),INDIANA,LAFAYETTE,,,,,61,Trailer,,,,,36,Van Trailer,,,53.000,,2,,
12,Florida,120045,2,1,5HTSP432*D5******,2024-03-21 00:53:59,0,6,TRAILER,5564,"HEIL TRAILER INTERNATIONAL, CO",2365,"HEIL TRAILER INTERNATIONAL, CO.",6142,"Heil Trailer International, Co.",2013,,,6,UNITED STATES (USA),TEXAS,RHOME,,,,Body Shape: Flo,61,Trailer,,,,,103,Bulk,,,43.000,Al Pneumatic,2,,
12,Florida,120049,2,1,1E1U2Y28*HR******,2024-03-21 00:53:59,0,6,TRAILER,5338,EAST MANUFACTURING CORP.,1334,EAST MANUFACTURING CORP.,4686,East Manufacturing Corp,2017,,,6,UNITED STATES (USA),OHIO,RANDOLPH,,,,,61,Trailer,9,"Class 8: 33,001 lb and above (14,969 kg and above)",,,,,,,48.000,Unloader Trailer,2,,
12,Florida,120060,1,1,1UYVS253*5M******,2024-03-21 00:53:59,0,6,TRAILER,10289,UTILITY TRAILER MANUFACTURING COMPANY,10138,UTILITY TRAILER MANUFACTURER,26222,Utility Trailer Manufacturer,2005,,,6,UNITED STATES (USA),VIRGINIA,MARION,,,,,61,Trailer,,,,,36,Van Trailer,4,Straight Semi/Semi Trailer,53.000,,2,,
12,Florida,120131,3,1,1GRAA962*3S******,2024-03-21 00:53:59,0,6,TRAILER,1073,GREAT DANE TRAILERS,520,GREAT DANE TRAILERS,13436,Great Dane Trailers,2003,,,6,UNITED STATES (USA),GEORGIA,SAVANNAH,,,,,61,Trailer,,,,,36,Van Trailer,4,Straight Semi/Semi Trailer,96.000,Trailer Type = Dry Freight/ Reefer/ Insulated Van,2,,
12,Florida,120133,2,1,1JJV532D*HL******,2024-03-21 00:53:59,0,6,TRAILER,14508,WABASH NATIONAL CORPORATION,12319,WABASH VANS,10942,Dry Van Duraplate,2017,,,6,UNITED STATES (USA),INDIANA,LAFAYETTE,,,,,61,Trailer,,,,,36,Van Trailer,,,53.000,,2,,
12,Florida,120148,2,1,1UYVS253*AM******,2024-03-21 00:53:59,0,6,TRAILER,10289,UTILITY TRAILER MANUFACTURING COMPANY,10138,UTILITY TRAILER MANUFACTURER,26222,Utility Trailer Manufacturer,2010,,,6,UNITED STATES (USA),VIRGINIA,MARION,,,,,61,Trailer,,,,,36,Van Trailer,4,Straight Semi/Semi Trailer,53.000,,2,,
12,Florida,120149,1,1,1GRDM962*XM******,2024-03-21 00:53:59,0,6,TRAILER,1073,GREAT DANE TRAILERS,520,GREAT DANE TRAILERS,13436,Great Dane Trailers,1999,,,6,UNITED STATES (USA),TENNESSEE,MEMPHIS,,,,,61,Trailer,,,,,61,Drop Deck Trailer,4,Straight Semi/Semi Trailer,96.000,Body Type = Straight Deck/ Extendable,2,,
12,Florida,120155,2,1,1UJBJ0BS*A1******,2024-03-21 00:53:59,0,6,TRAILER,9892,"JAYCO, INC.",4516,JAYCO,29071,Jayco,2010,,,6,UNITED STATES (USA),INDIANA,MIDDLEBURY,,,,,61,Trailer,,,,,80,Rec. Trailer,14,Bumper Pull,36.000,Travel Trailer,2,3,Tandem
12,Florida,120169,2,1,5V8VC532*JT******,2024-03-21 00:53:59,0,6,TRAILER,16522,VANGUARD NATIONAL TRAILER CORPORTATION,6474,VANGUARD NATIONAL TRAILER CORPORATION (VNTC),17782,VANGUARD NATIONAL TRAILER CORPORATION (VNTC),2018,,,6,UNITED STATES (USA),GEORGIA,TRENTON,,,,,61,Trailer,,,,,186,Dry Freight,6,Kingpin,53.000,Composite Plate Semitrailer (VXP),,3,Tandem
12,Florida,120184,2,1,1JJV532W*3L******,2024-03-21 00:53:59,0,6,TRAILER,14508,WABASH NATIONAL CORPORATION,4847,WABASH,13327,Wabash National Corporation,2003,,,6,UNITED STATES (USA),INDIANA,LAFAYETTE,,,,,61,Trailer,,,,,36,Van Trailer,,,53.000,,2,,
12,Florida,120187,1,1,1TTF532C*M3******,2024-03-21 00:53:59,0,6,TRAILER,8231,TRANSCRAFT CORPORATION,12050,TRANSCRAFT/WABASH,27663,Combo Steel/Alum Flatbed,2021,,,6,UNITED STATES (USA),KENTUCKY,CADIZ,,,,,61,Trailer,,,,,6,Flat Bed Trailer/Platform Trailer,6,Kingpin,53.000,,2,,
12,Florida,120210,1,1,1GRAA062*CW******,2024-03-21 00:53:59,0,6,TRAILER,1073,GREAT DANE TRAILERS,520,GREAT DANE TRAILERS,13436,Great Dane Trailers,2012,,,6,UNITED STATES (USA),NEBRASKA,WAYNE,,,,,61,Trailer,,,,,,,4,Straight Semi/Semi Trailer,53.000,Dry Freight Van / Reefer Van / Insulated Van,2,,
12,Florida,120217,1,1,1GRAA561*KE******,2024-03-21 00:53:59,0,6,TRAILER,1073,GREAT DANE TRAILERS,520,GREAT DANE TRAILERS,13436,Great Dane Trailers,2019,,,6,UNITED STATES (USA),GEORGIA,STATESBORO,,,,,61,Trailer,,,,,36,Van Trailer,4,Straight Semi/Semi Trailer,28.000,"Semitrailer - Dry Freight Van, Reefer Van, Insulated Van",1,,
12,Florida,120237,2,1,5V8VA532*LT******,2024-03-21 00:53:59,0,6,TRAILER,16522,VANGUARD NATIONAL TRAILER CORPORTATION,6474,VANGUARD NATIONAL TRAILER CORPORATION (VNTC),17782,VANGUARD NATIONAL TRAILER CORPORATION (VNTC),2020,,,6,UNITED STATES (USA),GEORGIA,TRENTON,,,,,61,Trailer,,,,,186,Dry Freight,6,Kingpin,53.000,"Interior Post Aluminum Sheet Trailer (VIP, MaxCube)",,3,Tandem
12,Florida,120343,2,1,1JJV532D*GL******,2024-03-21 00:53:59,0,6,TRAILER,14508,WABASH NATIONAL CORPORATION,12319,WABASH VANS,10942,Dry Van Duraplate,2016,,,6,UNITED STATES (USA),INDIANA,LAFAYETTE,,,,,61,Trailer,,,,,36,Van Trailer,,,53.000,,2,,
12,Florida,120362,2,1,1JJV532D*NL******,2024-03-21 00:53:59,0,6,TRAILER,14508,WABASH NATIONAL CORPORATION,12319,WABASH VANS,10942,Dry Van Duraplate,2022,,,6,UNITED STATES (USA),INDIANA,LAFAYETTE,,,,,61,Trailer,,,,,36,Van Trailer,6,Kingpin,53.000,,2,,
12,Florida,120406,1,1,1GRAA962*7S******,2024-03-21 00:53:59,0,6,TRAILER,1073,GREAT DANE TRAILERS,520,GREAT DANE TRAILERS,13436,Great Dane Trailers,2007,,,6,UNITED STATES (USA),GEORGIA,SAVANNAH,,,,,61,Trailer,,,,,36,Van Trailer,4,Straight Semi/Semi Trailer,96.000,Trailer Type = Dry Freight/ Reefer/ Insulated Van,2,,
12,Florida,120417,3,1,1UYFS245*NA******,2024-03-21 00:53:59,0,6,TRAILER,10289,UTILITY TRAILER MANUFACTURING COMPANY,10138,UTILITY TRAILER MANUFACTURER,26222,Utility Trailer Manufacturer,2022,,,6,UNITED STATES (USA),ALABAMA,ENTERPRISE,,,,,61,Trailer,,,,,6,Flat Bed Trailer/Platform Trailer,4,Straight Semi/Semi Trailer,45.000,,2,,
12,Florida,120462,1,1,1GRAP561*GK******,2024-03-21 00:53:59,0,6,TRAILER,1073,GREAT DANE TRAILERS,520,GREAT DANE TRAILERS,13436,Great Dane Trailers,2016,,,6,UNITED STATES (USA),ILLINOIS,KEWANEE,,,,,61,Trailer,,,,,,,4,Straight Semi/Semi Trailer,28.000,Dry Freight Van / Reefer Van / Insulated Van,1,,
12,Florida,120462,1,2,1JJV281D*HL******,2024-03-21 00:53:59,0,6,TRAILER,14508,WABASH NATIONAL CORPORATION,12319,WABASH VANS,10942,Dry Van Duraplate,2017,,,6,UNITED STATES (USA),INDIANA,LAFAYETTE,,,,,61,Trailer,,,,,36,Van Trailer,,,28.000,,1,,
12,Florida,120475,2,1,1TTF4820*32******,2024-03-21 00:53:59,0,6,TRAILER,8231,TRANSCRAFT CORPORATION,10511,TRANSCRAFT,28401,Transcraft,2003,,,6,UNITED STATES (USA),KENTUCKY,MOUNT STERLING,,,,,61,Trailer,,,,,6,Flat Bed Trailer/Platform Trailer,6,Kingpin,48.000,Platform,2,,
12,Florida,120494,2,1,1JJV532D*DL******,2024-03-21 00:53:59,0,6,TRAILER,14508,WABASH NATIONAL CORPORATION,12319,WABASH VANS,10942,Dry Van Duraplate,2013,,,6,UNITED STATES (USA),INDIANA,LAFAYETTE,,,,,61,Trailer,,,,,36,Van Trailer,,,53.000,,2,,
12,Florida,120513,1,1,1TTF4820*91******,2024-03-21 00:53:59,0,6,TRAILER,8231,TRANSCRAFT CORPORATION,10511,TRANSCRAFT,28401,Transcraft,2009,,,6,UNITED STATES (USA),ILLINOIS,ANNA,,,,,61,Trailer,,,,,6,Flat Bed Trailer/Platform Trailer,6,Kingpin,48.000,Platform,2,,
12,Florida,120528,1,1,1GRAA062*EB******,2024-03-21 00:53:59,0,6,TRAILER,1073,GREAT DANE TRAILERS,520,GREAT DANE TRAILERS,13436,Great Dane Trailers,2014,,,6,UNITED STATES (USA),INDIANA,BRAZIL,,,,,61,Trailer,,,,,,,4,Straight Semi/Semi Trailer,53.000,Dry Freight Van / Reefer Van / Insulated Van,2,,
12,Florida,120536,2,1,4C9SN392*MA061***,2024-03-21 00:53:59,0,6,TRAILER,9583,"C-ALL MFG, INC.",7940,"C-ALL MFG., INC.",21227,"C-ALL MFG., INC.",2021,,"70,000#",6,UNITED STATES (USA),OKLAHOMA,ATOKA,,,,,61,Trailer,,,,,111,Special Design Trailer,,,39.000,,2,,
12,Florida,120540,3,1,43ZDL22B*50******,2024-03-21 00:53:59,0,6,TRAILER,9978,"U-DUMP TRAILERS, LLC",7023,U-DUMP TRAILERS LLC,18655,U-Dump Trailers LLC,2005,,,6,UNITED STATES (USA),FLORIDA,OCALA,,,,,61,Trailer,4,"Class 3: 10,001 - 14,000 lb (4,536 - 6,350 kg)",,,4,Dump Trailer/Dumping Trailer,,,10.000,Box Trailer,2,,
12,Florida,120581,1,1,1GRDM962*4M******,2024-03-21 00:53:59,0,6,TRAILER,1073,GREAT DANE TRAILERS,520,GREAT DANE TRAILERS,13436,Great Dane Trailers,2004,,,6,UNITED STATES (USA),TENNESSEE,MEMPHIS,,,,,61,Trailer,,,,,61,Drop Deck Trailer,4,Straight Semi/Semi Trailer,96.000,Body Type = Straight Deck/ Extendable,2,,
12,Florida,120582,2,1,16V1D212*M5******,2024-03-21 00:53:59,0,6,TRAILER,9132,"BIG TEX TRAILER MANUFACTURING, LLC",1136,BIG TEX,5625,Big Tex,2021,,,6,UNITED STATES (USA),OKLAHOMA,MADILL,"Big Tex Trailer Manufacturing, Inc.",,,,61,Trailer,,,,,4,Dump Trailer/Dumping Trailer,14,Bumper Pull,21.000,,2,,
12,Florida,120609,2,1,4TM12KE1*EB******,2024-03-21 00:53:59,0,6,TRAILER,15828,WHITE RIVER MARINE GROUP LLC,8645,WHITE RIVER MARINE GROUP,22696,White River Marine Group,2014,Lebanon,PG-175,6,UNITED STATES (USA),MISSOURI,OZARK,,,,,61,Trailer,,,,,2,Boat Trailer,1,Ball Type Pull,17.000,,1,,
12,Florida,120617,2,1,1GRAA962*GB******,2024-03-21 00:53:59,0,6,TRAILER,1073,GREAT DANE TRAILERS,520,GREAT DANE TRAILERS,13436,Great Dane Trailers,2016,,,6,UNITED STATES (USA),INDIANA,BRAZIL,,,,,61,Trailer,,,,,,,4,Straight Semi/Semi Trailer,48.000,Dry Freight Van / Reefer Van / Insulated Van,2,,
12,Florida,120662,1,1,1UYVS253*6G******,2024-03-21 00:53:59,0,6,TRAILER,10289,UTILITY TRAILER MANUFACTURING COMPANY,10138,UTILITY TRAILER MANUFACTURER,26222,Utility Trailer Manufacturer,2006,,,6,UNITED STATES (USA),VIRGINIA,GLADE SPRING,,,,,61,Trailer,,,,,36,Van Trailer,4,Straight Semi/Semi Trailer,53.000,,2,,
12,Florida,120662,3,1,1GR1A062*LB******,2024-03-21 00:53:59,0,6,TRAILER,1073,GREAT DANE TRAILERS,520,GREAT DANE TRAILERS,13436,Great Dane Trailers,2020,,,6,UNITED STATES (USA),INDIANA,BRAZIL,,,,,61,Trailer,,,,,,,6,Kingpin,53.000,"Semitrailer - dry freight, reefer, or insulated van",2,,
12,Florida,120664,3,1,1PMA2442*V5******,2024-03-21 00:53:59,0,6,TRAILER,6179,"POLAR TANK TRAILER, LLC",2921,POLAR TANK TRAILER,6874,Polar Tank Trailer,1997,,,6,UNITED STATES (USA),MISSOURI,SPRINGFIELD,,,,,61,Trailer,,,,,15,Tank Trailer,30,Other,44.000,Vessel Code: DOT 406,2,,
12,Florida,120666,1,1,1UYVS253*RU******,2024-03-21 00:53:59,0,6,TRAILER,10289,UTILITY TRAILER MANUFACTURING COMPANY,10138,UTILITY TRAILER MANUFACTURER,26222,Utility Trailer Manufacturer,2024,,,6,UNITED STATES (USA),UTAH,CLEARFIELD,,,,,61,Trailer,,,,,36,Van Trailer,4,Straight Semi/Semi Trailer,53.000,,2,,
12,Florida,120666,2,1,1UYVS253*EP******,2024-03-21 00:53:59,0,6,TRAILER,10289,UTILITY TRAILER MANUFACTURING COMPANY,10138,UTILITY TRAILER MANUFACTURER,26222,Utility Trailer Manufacturer,2014,,,6,UNITED STATES (USA),ARKANSAS,PARAGOULD,,,,,61,Trailer,,,,,36,Van Trailer,4,Straight Semi/Semi Trailer,53.000,,2,,
12,Florida,120666,3,1,3H3V532C*GT******,2024-03-21 00:53:59,0,6,TRAILER,14282,"HYUNDAI DE MEXICO, S.A. DE C.V.",4876,HYUNDAI TRANSLEAD TRAILERS,11496,Hyundai Translead Trailers,2016,,,12,MEXICO,BAJA CALIFORNIA,TIJUANA,,,,,61,Trailer,,,,,36,Van Trailer,,,53.000,Material: Aluminum/Steel,2,,
12,Florida,120666,6,1,1GRAP062*HT******,2024-03-21 00:53:59,0,6,TRAILER,1073,GREAT DANE TRAILERS,520,GREAT DANE TRAILERS,13436,Great Dane Trailers,2017,,,6,UNITED STATES (USA),INDIANA,TERRE HAUTE,,,,,61,Trailer,,,,,,,4,Straight Semi/Semi Trailer,53.000,Dry Freight Van / Reefer Van / Insulated Van,2,,
12,Florida,120717,1,1,1GRAA962*6G******,2024-03-21 00:53:59,0,6,TRAILER,1073,GREAT DANE TRAILERS,520,GREAT DANE TRAILERS,13436,Great Dane Trailers,2006,,,6,UNITED STATES (USA),MISSISSIPPI,GREENVILLE,,,,Effective 01/01/00,61,Trailer,,,,,36,Van Trailer,4,Straight Semi/Semi Trailer,96.000,Trailer Type = Dry Freight/ Reefer/ Insulated Van,2,,
12,Florida,120732,1,1,1E1H5Y28*8R******,2024-03-21 00:53:59,0,6,TRAILER,5338,EAST MANUFACTURING CORP.,1334,EAST MANUFACTURING CORP.,4686,East Manufacturing Corp,2008,,,6,UNITED STATES (USA),OHIO,RANDOLPH,,,,,61,Trailer,9,"Class 8: 33,001 lb and above (14,969 kg and above)",,,6,Flat Bed Trailer/Platform Trailer,,,48.000,Flat Trailer - Aluminum Frame,2,,
12,Florida,120733,2,1,1GRAP062*GK******,2024-03-21 00:53:59,0,6,TRAILER,1073,GREAT DANE TRAILERS,520,GREAT DANE TRAILERS,13436,Great Dane Trailers,2016,,,6,UNITED STATES (USA),ILLINOIS,KEWANEE,,,,,61,Trailer,,,,,,,4,Straight Semi/Semi Trailer,53.000,Dry Freight Van / Reefer Van / Insulated Van,2,,
12,Florida,120758,2,1,3H3V532C*HT******,2024-03-21 00:53:59,0,6,TRAILER,14282,"HYUNDAI DE MEXICO, S.A. DE C.V.",4876,HYUNDAI TRANSLEAD TRAILERS,11496,Hyundai Translead Trailers,2017,,,12,MEXICO,BAJA CALIFORNIA,TIJUANA,,,,,61,Trailer,,,,,36,Van Trailer,,,53.000,Material: Aluminum/Steel,2,,
12,Florida,120823,2,1,1GRAA062*DW******,2024-03-21 00:53:59,0,6,TRAILER,1073,GREAT DANE TRAILERS,520,GREAT DANE TRAILERS,13436,Great Dane Trailers,2013,,,6,UNITED STATES (USA),NEBRASKA,WAYNE,,,,,61,Trailer,,,,,,,4,Straight Semi/Semi Trailer,53.000,Dry Freight Van / Reefer Van / Insulated Van,2,,
12,Florida,120841,1,1,3H3V482C*JT******,2024-03-21 00:53:59,0,6,TRAILER,14282,"HYUNDAI DE MEXICO, S.A. DE C.V.",4876,HYUNDAI TRANSLEAD TRAILERS,11496,Hyundai Translead Trailers,2018,,,12,MEXICO,BAJA CALIFORNIA,TIJUANA,,,,,61,Trailer,,,,,36,Van Trailer,,,48.000,Material: Aluminum/Steel,2,,
12,Florida,120936,1,1,1JJV532W*6L******,2024-03-21 00:53:59,0,6,TRAILER,14508,WABASH NATIONAL CORPORATION,4847,WABASH,13327,Wabash National Corporation,2006,,,6,UNITED STATES (USA),INDIANA,LAFAYETTE,,,,,61,Trailer,,,,,36,Van Trailer,,,53.000,,2,,
12,Florida,120998,1,1,1JJV532W*6L******,2024-03-21 00:53:59,0,6,TRAILER,14508,WABASH NATIONAL CORPORATION,4847,WABASH,13327,Wabash National Corporation,2006,,,6,UNITED STATES (USA),INDIANA,LAFAYETTE,,,,,61,Trailer,,,,,36,Van Trailer,,,53.000,,2,,
12,Florida,121093,1,1,1W9AC452*5P347***,2024-03-21 00:53:59,0,6,TRAILER,10331,WARREN EQUIPMENT INC.,8661,"WARREN EQUIPMENT, INC.",22712,"Warren Equipment, Inc.",2005,,,6,UNITED STATES (USA),FLORIDA,PLANT CITY,,,,,61,Trailer,,,,,4,Dump Trailer/Dumping Trailer,4,Straight Semi/Semi Trailer,,Tandem Axle Dual Tires,,,
12,Florida,121105,1,1,7H2BE121*ND******,2024-03-21 00:53:59,0,6,TRAILER,17148,"TJCW, INC.",8360,ROCK SOLID CARGO,22203,Rock Solid Cargo,2022,,,6,UNITED STATES (USA),GEORGIA,DOUGLAS,,,,,61,Trailer,,,,,5,Enclosed Trailer,1,Ball Type Pull,12.000,,1,,
12,Florida,121108,1,1,527SR532*BM******,2024-03-21 00:53:59,0,6,TRAILER,6703,CIMC REEFER TRAILER INC.,1561,"CIMC REEFER TRAILER,INC",4978,"CIMC REEFER TRAILER,INC.",2011,,,6,UNITED STATES (USA),INDIANA,MONON,"CIMC Reefer Trailer,Inc",,,,61,Trailer,,,,,36,Van Trailer,4,Straight Semi/Semi Trailer,53.000,Trailer Body Type: Reefer Van Trailer,2,,
12,Florida,121138,2,1,1PNV532S*RG******,2024-03-21 00:53:59,0,6,TRAILER,4312,PINES TRAILER LIMITED PARTNERSHIP,7047,PINES,18791,PINES TRAILER LIMITED PARTNERSHIP,1994,STANDARD,,6,UNITED STATES (USA),MISSISSIPPI,GREENVILLE,,,,,61,Trailer,,,,,101,Other,,,53.000,VAN SMOOTH SIDE,2,,
12,Florida,121171,2,1,1JJV532W*YL******,2024-03-21 00:53:59,0,6,TRAILER,14508,WABASH NATIONAL CORPORATION,4847,WABASH,13327,Wabash National Corporation,2000,,,6,UNITED STATES (USA),INDIANA,LAFAYETTE,,,,,61,Trailer,,,,,36,Van Trailer,,,53.000,,2,,
12,Florida,121173,2,1,16VDX142*H5******,2024-03-21 00:53:59,0,6,TRAILER,9132,"BIG TEX TRAILER MANUFACTURING, LLC",1136,BIG TEX,5625,Big Tex,2017,,,6,UNITED STATES (USA),OKLAHOMA,MADILL,"Big Tex Trailer Manufacturing, Inc.",,,,61,Trailer,,,,,16,Utility Trailer,,,14.000,Dump Trailer,2,,
12,Florida,121233,1,1,1JJV532W*6L******,2024-03-21 00:53:59,0,6,TRAILER,14508,WABASH NATIONAL CORPORATION,4847,WABASH,13327,Wabash National Corporation,2006,,,6,UNITED STATES (USA),INDIANA,LAFAYETTE,,,,,61,Trailer,,,,,36,Van Trailer,,,53.000,,2,,
12,Florida,121245,2,1,1UYFS248*KA******,2024-03-21 00:53:59,0,6,TRAILER,10289,UTILITY TRAILER MANUFACTURING COMPANY,10138,UTILITY TRAILER MANUFACTURER,26222,Utility Trailer Manufacturer,2019,,,6,UNITED STATES (USA),ALABAMA,ENTERPRISE,,,,,61,Trailer,,,,,6,Flat Bed Trailer/Platform Trailer,4,Straight Semi/Semi Trailer,48.000,,2,,
12,Florida,121265,2,1,3H3C532S*GT******,2024-03-21 00:53:59,0,6,TRAILER,14282,"HYUNDAI DE MEXICO, S.A. DE C.V.",4876,HYUNDAI TRANSLEAD TRAILERS,11496,Hyundai Translead Trailers,2016,,,12,MEXICO,BAJA CALIFORNIA,TIJUANA,,,,,61,Trailer,,,,,109,Container Chassis/Container Trailer,,,53.000,Material: Steel,2,,
12,Florida,121287,2,1,5THBF182*KL******,2024-03-21 00:53:59,0,6,TRAILER,10058,"ELITE TRAILERS, INC",1091,ELITE TRAILERS,4371,Elite Trailers,2019,,,6,UNITED STATES (USA),FLORIDA,LAUREL HILL,,,,,61,Trailer,2,"Class 2: 6,001 - 10,000 lb (2,722 - 4,536 kg)",,,23,Equipment Trailer,1,Ball Type Pull,18.000,"GVW = 10,000",2,,
12,Florida,121322,2,1,1JJV482D*ML******,2024-03-21 00:53:59,0,6,TRAILER,14508,WABASH NATIONAL CORPORATION,12319,WABASH VANS,10942,Dry Van Duraplate,2021,,,6,UNITED STATES (USA),INDIANA,LAFAYETTE,,,,,61,Trailer,,,,,36,Van Trailer,,,48.000,,2,,
12,Florida,121336,1,1,1E9CH202*4L252***,2024-03-21 00:53:59,0,6,TRAILER,3967,"EMERSON TRAILERS, INC.",4114,EMERSON TRAILERS,8833,Emerson Trailers,2004,,,6,UNITED STATES (USA),FLORIDA,LAKE ALFRED,,,,,61,Trailer,,,,,23,Equipment Trailer,,,20.000,Trailer Type: C-Channe Frame,2,,
12,Florida,121336,6,1,1JJV532D*GL******,2024-03-21 00:53:59,0,6,TRAILER,14508,WABASH NATIONAL CORPORATION,12319,WABASH VANS,10942,Dry Van Duraplate,2016,,,6,UNITED STATES (USA),INDIANA,LAFAYETTE,,,,,61,Trailer,,,,,36,Van Trailer,,,53.000,,2,,
12,Florida,121347,2,1,1DW1A532*AS******,2024-03-21 00:53:59,0,6,TRAILER,13506,"STOUGHTON TRAILERS, INC.",3414,STOUGHTON TRAILERS,7701,Stoughton trailers,2010,,,6,UNITED STATES (USA),WISCONSIN,STOUGHTON,"Stoughton Trailers, INC",,,,61,Trailer,,,,,36,Van Trailer,4,Straight Semi/Semi Trailer,53.000,,2,,
12,Florida,121347,3,1,5MADN342*GC******,2024-03-21 00:53:59,0,6,TRAILER,5950,"MAC TRAILER MFG, INC.",6826,MAC TRAILER MANUFACTURING,18288,MAC TRAILER MANUFACTURING,2016,,,6,UNITED STATES (USA),OHIO,ALLIANCE,,,,Commerce Street,61,Trailer,,,,,4,Dump Trailer/Dumping Trailer,,,34.000,No Frame,2,,
12,Florida,121369,2,1,3H3V532C*LR******,2024-03-21 00:53:59,0,6,TRAILER,14282,"HYUNDAI DE MEXICO, S.A. DE C.V.",4876,HYUNDAI TRANSLEAD TRAILERS,11496,Hyundai Translead Trailers,2020,,,12,MEXICO,BAJA CALIFORNIA,ROSARITO,,,,,61,Trailer,,,,,36,Van Trailer,,,53.000,Material: Aluminum/Steel,2,,
12,Florida,121376,2,1,1GRAA062*CW******,2024-03-21 00:53:59,0,6,TRAILER,1073,GREAT DANE TRAILERS,520,GREAT DANE TRAILERS,13436,Great Dane Trailers,2012,,,6,UNITED STATES (USA),NEBRASKA,WAYNE,,,,,61,Trailer,,,,,,,4,Straight Semi/Semi Trailer,53.000,Dry Freight Van / Reefer Van / Insulated Van,2,,
12,Florida,121396,2,1,3H3V532C*LR******,2024-03-21 00:53:59,0,6,TRAILER,14282,"HYUNDAI DE MEXICO, S.A. DE C.V.",4876,HYUNDAI TRANSLEAD TRAILERS,11496,Hyundai Translead Trailers,2020,,,12,MEXICO,BAJA CALIFORNIA,ROSARITO,,,,,61,Trailer,,,,,36,Van Trailer,,,53.000,Material: Aluminum/Steel,2,,
12,Florida,121425,2,1,1UYVS253*L6******,2024-03-21 00:53:59,0,6,TRAILER,10289,UTILITY TRAILER MANUFACTURING COMPANY,10138,UTILITY TRAILER MANUFACTURER,26222,Utility Trailer Manufacturer,2020,,,6,UNITED STATES (USA),VIRGINIA,MARION,,,,,61,Trailer,,,,,36,Van Trailer,4,Straight Semi/Semi Trailer,53.000,,2,,
12,Florida,121470,2,1,1GRAA062*6J******,2024-03-21 00:53:59,0,6,TRAILER,1073,GREAT DANE TRAILERS,520,GREAT DANE TRAILERS,13436,Great Dane Trailers,2006,,,6,UNITED STATES (USA),ARKANSAS,JONESBORO,,,,,61,Trailer,,,,,36,Van Trailer,4,Straight Semi/Semi Trailer,6.000,Trailer Type = Dry Freight/ Reefer/ Insulated Van,2,,
12,Florida,121513,2,1,5NHUNST2*BU******,2024-03-21 00:53:59,0,6,TRAILER,1084,"FOREST RIVER, INC.",531,FOREST RIVER,3029,Sunshine,2011,,,6,UNITED STATES (USA),GEORGIA,OCILLA,,,,193 Industrial Drive,61,Trailer,,,,,16,Utility Trailer,,,18.000,,2,,
12,Florida,121515,2,1,1GRAP062*9T******,2024-03-21 00:53:59,0,6,TRAILER,1073,GREAT DANE TRAILERS,520,GREAT DANE TRAILERS,13436,Great Dane Trailers,2009,,,6,UNITED STATES (USA),INDIANA,TERRE HAUTE,,,,Effective 03/01/00,61,Trailer,,,,,36,Van Trailer,4,Straight Semi/Semi Trailer,53.000,Trailer Type = Dry Freight/ Reefer/ Insulated Van,2,,
12,Florida,121544,2,1,1XNBD102*M1******,2024-03-21 00:53:59,0,6,TRAILER,15744,"TRIPLE CROWN TRAILERS, LLC",5454,"TRIPLE CROWN TRAILERS, INC",29556,"Triple Crown Trailers, Inc",2021,,,6,UNITED STATES (USA),FLORIDA,OCALA,,,,,61,Trailer,,,,,4,Dump Trailer/Dumping Trailer,1,Ball Type Pull,10.000,,2,,
12,Florida,121590,3,1,1GRDM902*5M******,2024-03-21 00:53:59,0,6,TRAILER,1073,GREAT DANE TRAILERS,520,GREAT DANE TRAILERS,13436,Great Dane Trailers,2005,,,6,UNITED STATES (USA),TENNESSEE,MEMPHIS,,,,,61,Trailer,,,,,61,Drop Deck Trailer,4,Straight Semi/Semi Trailer,90.000,Body Type = Straight Deck/ Extendable,2,,
12,Florida,121624,1,1,1JJV532B*GL******,2024-03-21 00:53:59,0,6,TRAILER,14508,WABASH NATIONAL CORPORATION,12319,WABASH VANS,10945,Refrigerated Van,2016,,,6,UNITED STATES (USA),INDIANA,LAFAYETTE,,,,,61,Trailer,,,,,36,Van Trailer,,,53.000,,2,,
12,Florida,121636,2,1,5A4WAWN1*J2******,2024-03-21 00:53:59,0,6,TRAILER,3087,LOAD RITE TRAILERS INC,5343,LOAD RITE,14377,Load Rite Trailers,2018,,,6,UNITED STATES (USA),PENNSYLVANIA,FAIRLESS HILLS,,,,"Rim Size= 15X6J, Tire Size = ST225/75D15D, with GAWR from 5080 to 5080",61,Trailer,12,"Class 1C: 4,001 - 5,000 lb (1,814 - 2,268 kg)",,,2,Boat Trailer,1,Ball Type Pull,18.000,GVWR = 4280,,5,Single
12,Florida,121636,3,1,1DW1A281*6S******,2024-03-21 00:53:59,0,6,TRAILER,13506,"STOUGHTON TRAILERS, INC.",3414,STOUGHTON TRAILERS,7701,Stoughton trailers,2006,,,6,UNITED STATES (USA),WISCONSIN,STOUGHTON,"Stoughton Trailers, INC",,,,61,Trailer,,,,,36,Van Trailer,4,Straight Semi/Semi Trailer,28.000,,1,,
12,Florida,121636,3,2,1DW1A281*JS******,2024-03-21 00:53:59,0,6,TRAILER,13506,"STOUGHTON TRAILERS, INC.",3414,STOUGHTON TRAILERS,7701,Stoughton trailers,2018,,,6,UNITED STATES (USA),WISCONSIN,STOUGHTON,"Stoughton Trailers, INC",,,,61,Trailer,,,,,36,Van Trailer,4,Straight Semi/Semi Trailer,28.000,,1,,
12,Florida,121640,2,1,1L9GA72A*ML033***,2024-03-21 00:53:59,0,6,TRAILER,2705,"LEDWELL & SON ENTERPRISES, INC.",9834,"LEDWELL & SONS ENTERPRISES, INC.",25224,"Ledwell & Sons Enterprises, Inc.",2021,None,,6,UNITED STATES (USA),TEXAS,TEXARKANA,,,,,61,Trailer,,,,,24,Hydratail,,,,Length: 45'+,2,,
12,Florida,121654,1,1,1JJV532W*7L******,2024-03-21 00:53:59,0,6,TRAILER,14508,WABASH NATIONAL CORPORATION,4847,WABASH,13327,Wabash National Corporation,2007,,,6,UNITED STATES (USA),INDIANA,LAFAYETTE,,,,,61,Trailer,,,,,36,Van Trailer,,,53.000,,2,,
12,Florida,121654,2,1,5EF2GC45*LB******,2024-03-21 00:53:59,0,6,TRAILER,4094,CHEETAH CHASSIS CORPORATION,4029,CHEETAH CHASSIS,8699,CHEETAH CHASSIS,2020,,,6,UNITED STATES (USA),PENNSYLVANIA,BERWICK,,,,,61,Trailer,,,,,46,Chassis,4,Straight Semi/Semi Trailer,45.000,Gooseneck Chassis,2,,
12,Florida,121667,2,1,1DW1A532*KS******,2024-03-21 00:53:59,0,6,TRAILER,13506,"STOUGHTON TRAILERS, INC.",3414,STOUGHTON TRAILERS,7701,Stoughton trailers,2019,,,6,UNITED STATES (USA),WISCONSIN,STOUGHTON,"Stoughton Trailers, INC",,,,61,Trailer,,,,,36,Van Trailer,4,Straight Semi/Semi Trailer,53.000,,2,,
12,Florida,121760,2,1,1PTF71TJ*D9******,2024-03-21 00:53:59,0,6,TRAILER,3233,TRAILMOBILE (PULLMAN INCORPORATED),6072,TRAILMOBILE,15904,Trailmobile Trailer,2013,Eastern Series Platforms,,6,UNITED STATES (USA),ILLINOIS,CHARLESTON,,,,,61,Trailer,,,,,,,,,,Straight Frame,,3,Tandem
12,Florida,121833,1,1,1JJV532D*PL******,2024-03-21 00:53:59,0,6,TRAILER,14508,WABASH NATIONAL CORPORATION,12319,WABASH VANS,10942,Dry Van Duraplate,2023,,,6,UNITED STATES (USA),INDIANA,LAFAYETTE,,,,,61,Trailer,,,,,36,Van Trailer,6,Kingpin,53.000,,2,,
12,Florida,121991,2,1,1JJV532D*LL******,2024-03-21 00:53:59,0,6,TRAILER,14508,WABASH NATIONAL CORPORATION,12319,WABASH VANS,10942,Dry Van Duraplate,2020,,,6,UNITED STATES (USA),INDIANA,LAFAYETTE,,,,,61,Trailer,,,,,36,Van Trailer,,,53.000,,2,,
12,Florida,122000,1,1,5E0AN144*5G******,2024-03-21 00:53:59,0,6,TRAILER,20895,"COTTRELL, INC.",12482,COTTRELL,32554,CS-12,2005,,,6,UNITED STATES (USA),GEORGIA,GAINESVILLE,,,,,61,Trailer,,,,,3,Car Hauler Trailer,5,Fifth Wheel,,Trailer Length (feet): 44-46,2,3,Tandem
12,Florida,122002,3,1,1E1F9U28*CR******,2024-03-21 00:53:59,1,6,TRAILER,5338,EAST MANUFACTURING CORP.,1334,EAST MANUFACTURING CORP.,4686,East Manufacturing Corp,2012,,,6,UNITED STATES (USA),OHIO,RANDOLPH,,,,,61,Trailer,9,"Class 8: 33,001 lb and above (14,969 kg and above)",,,,,,,40.000,Frameless Trailer,2,,
12,Florida,122027,2,1,1UYFS253*H5******,2024-03-21 00:53:59,0,6,TRAILER,10289,UTILITY TRAILER MANUFACTURING COMPANY,10138,UTILITY TRAILER MANUFACTURER,26222,Utility Trailer Manufacturer,2017,,,6,UNITED STATES (USA),ALABAMA,ENTERPRISE,,,,,61,Trailer,,,,,6,Flat Bed Trailer/Platform Trailer,4,Straight Semi/Semi Trailer,53.000,,2,,
12,Florida,122028,2,1,5HTSN422*47******,2024-03-21 00:53:59,0,6,TRAILER,5564,"HEIL TRAILER INTERNATIONAL, CO",2365,"HEIL TRAILER INTERNATIONAL, CO.",6142,"Heil Trailer International, Co.",2004,,,6,UNITED STATES (USA),TENNESSEE,ATHENS,,,,Body Shape: Jet,61,Trailer,,,,,103,Bulk,,,42.000,Al Pneumatic,2,,
12,Florida,122046,2,1,1JJV532D*JL******,2024-03-21 00:53:59,0,6,TRAILER,14508,WABASH NATIONAL CORPORATION,12319,WABASH VANS,10942,Dry Van Duraplate,2018,,,6,UNITED STATES (USA),INDIANA,LAFAYETTE,,,,,61,Trailer,,,,,36,Van Trailer,,,53.000,,2,,
12,Florida,122053,3,1,1GRAA722*XS******,2024-03-21 00:53:59,0,6,TRAILER,1073,GREAT DANE TRAILERS,520,GREAT DANE TRAILERS,13436,Great Dane Trailers,1999,,,6,UNITED STATES (USA),GEORGIA,SAVANNAH,,,,,61,Trailer,,,,,36,Van Trailer,4,Straight Semi/Semi Trailer,72.000,Trailer Type = Dry Freight/ Reefer/ Insulated Van,2,,
12,Florida,122084,2,1,1GRAA962*KB******,2024-03-21 00:53:59,0,6,TRAILER,1073,GREAT DANE TRAILERS,520,GREAT DANE TRAILERS,13436,Great Dane Trailers,2019,,,6,UNITED STATES (USA),INDIANA,BRAZIL,,,,,61,Trailer,,,,,36,Van Trailer,4,Straight Semi/Semi Trailer,48.000,"Semitrailer - Dry Freight Van, Reefer Van, Insulated Van",2,,
12,Florida,122099,3,1,5HVBD142*JL******,2024-03-21 00:53:59,0,6,TRAILER,3472,"O'DELL MFG & TRUCK SALES, INC",6276,PREDATOR EAGLE,17389,Predator Eagle,2018,,,6,UNITED STATES (USA),FLORIDA,LARGO,,,,,61,Trailer,,,,,4,Dump Trailer/Dumping Trailer,14,Bumper Pull,14.000,C- Channel,2,,
12,Florida,122160,2,1,40FL0482*W1******,2024-03-21 00:53:59,0,6,TRAILER,15360,TALBERT MANUFACTURING INC.,5932,TALBERT,18136,TALBERT,1998,,,6,UNITED STATES (USA),INDIANA,RENSSELAER,,,,,61,Trailer,,,,,,,6,Kingpin,48.000,"Semi-Trailer, Level Deck",2,,
12,Florida,122223,2,1,1JJV532W*3L******,2024-03-21 00:53:59,0,6,TRAILER,14508,WABASH NATIONAL CORPORATION,4847,WABASH,13327,Wabash National Corporation,2003,,,6,UNITED STATES (USA),INDIANA,LAFAYETTE,,,,,61,Trailer,,,,,36,Van Trailer,,,53.000,,2,,
12,Florida,122248,2,1,1UYVS253*P3******,2024-03-21 00:53:59,0,6,TRAILER,10289,UTILITY TRAILER MANUFACTURING COMPANY,10138,UTILITY TRAILER MANUFACTURER,26222,Utility Trailer Manufacturer,2023,,,6,UNITED STATES (USA),ARKANSAS,PARAGOULD,,,,,61,Trailer,,,,,36,Van Trailer,4,Straight Semi/Semi Trailer,53.000,,2,,
12,Florida,122258,1,1,4YMBU142*MG******,2024-03-21 00:53:59,0,6,TRAILER,13315,"CARRY-ON TRAILER, INC.",4933,CARRY-ON TRAILER,12040,Carry-On Trailer,2021,,,6,UNITED STATES (USA),GEORGIA,LAONIA,,,,,61,Trailer,,,,,32,Open Bed Trailer,1,Ball Type Pull,14.000,,2,,
12,Florida,122277,1,1,5HEAH201*AH******,2024-03-21 00:53:59,0,6,TRAILER,9738,BACK TRACK TRAILERS,3977,BACK TRACK TRAILERS,8634,Back Track Trailers,2010,,,6,UNITED STATES (USA),ARKANSAS,HOT SPRINGS,,,,,61,Trailer,,,,,,,30,Other,20.000,Body Type: Hyper Lift,1,,
12,Florida,122320,1,1,5HTSN412*27******,2024-03-21 00:53:59,0,6,TRAILER,5564,"HEIL TRAILER INTERNATIONAL, CO",2365,"HEIL TRAILER INTERNATIONAL, CO.",6142,"Heil Trailer International, Co.",2002,,,6,UNITED STATES (USA),TENNESSEE,ATHENS,,,,Body Shape: Jet,61,Trailer,,,,,103,Bulk,,,41.000,Al Pneumatic,2,,
12,Florida,122333,1,1,1GRAA962*BB******,2024-03-21 00:53:59,0,6,TRAILER,1073,GREAT DANE TRAILERS,520,GREAT DANE TRAILERS,13436,Great Dane Trailers,2011,,,6,UNITED STATES (USA),INDIANA,BRAZIL,,,,,61,Trailer,,,,,36,Van Trailer,4,Straight Semi/Semi Trailer,48.000,Trailer Type = Dry Freight/ Reefer/ Insulated Van,2,,
12,Florida,122352,4,1,4J8B0432*XT******,2024-03-21 00:53:59,0,6,TRAILER,2695,"LBT, INC.",7990,LBT INC,21385,LBT INC TRAILER,1999,,,6,UNITED STATES (USA),NEBRASKA,OMAHA,,,,,61,Trailer,,,,,174,Dry Bulk Trailer,,,43.000,Closed,2,,
12,Florida,122358,2,1,1GRAA062*BW******,2024-03-21 00:53:59,1,6,TRAILER,1073,GREAT DANE TRAILERS,520,GREAT DANE TRAILERS,13436,Great Dane Trailers,2011,,,6,UNITED STATES (USA),NEBRASKA,WAYNE,,,,,61,Trailer,,,,,36,Van Trailer,4,Straight Semi/Semi Trailer,53.000,Trailer Type = Dry Freight/ Reefer/ Insulated Van,2,,
12,Florida,122408,1,1,567RSBN2*GF******,2024-03-21 00:53:59,"1,400",6,TRAILER,15530,"FISHING HOLDINGS, LLC",5111,"FISHING HOLDINGS, LLC",12787,Ranger Trailers,2016,,,6,UNITED STATES (USA),ARKANSAS,FLIPPIN,,,,,,,,,,,2,Boat Trailer,1,Ball Type Pull,22.000,Steel Trailer,2,,
12,Florida,122447,1,1,1XNBD162*N1******,2024-03-21 00:53:59,0,6,TRAILER,15744,"TRIPLE CROWN TRAILERS, LLC",5454,"TRIPLE CROWN TRAILERS, INC",29556,"Triple Crown Trailers, Inc",2022,,,6,UNITED STATES (USA),FLORIDA,OCALA,,,,,61,Trailer,,,,,4,Dump Trailer/Dumping Trailer,1,Ball Type Pull,16.000,,2,,
12,Florida,122519,2,1,1UYVS253*FM******,2024-03-21 00:53:59,0,6,TRAILER,10289,UTILITY TRAILER MANUFACTURING COMPANY,10138,UTILITY TRAILER MANUFACTURER,26222,Utility Trailer Manufacturer,2015,,,6,UNITED STATES (USA),VIRGINIA,MARION,,,,,61,Trailer,,,,,36,Van Trailer,4,Straight Semi/Semi Trailer,53.000,,2,,
12,Florida,122546,3,1,1JJV532D*HL******,2024-03-21 00:53:59,0,6,TRAILER,14508,WABASH NATIONAL CORPORATION,12319,WABASH VANS,10942,Dry Van Duraplate,2017,,,6,UNITED STATES (USA),INDIANA,LAFAYETTE,,,,,61,Trailer,,,,,36,Van Trailer,,,53.000,,2,,
12,Florida,122550,1,1,1GR1P062*LT******,2024-03-21 00:53:59,0,6,TRAILER,1073,GREAT DANE TRAILERS,520,GREAT DANE TRAILERS,13436,Great Dane Trailers,2020,,,6,UNITED STATES (USA),INDIANA,TERRE HAUTE,,,,,61,Trailer,,,,,,,6,Kingpin,53.000,"Semitrailer - dry freight, reefer, or insulated van",2,,
12,Florida,122570,1,1,1GRAA062*FW******,2024-03-21 00:53:59,0,6,TRAILER,1073,GREAT DANE TRAILERS,520,GREAT DANE TRAILERS,13436,Great Dane Trailers,2015,,,6,UNITED STATES (USA),NEBRASKA,WAYNE,,,,,61,Trailer,,,,,,,4,Straight Semi/Semi Trailer,53.000,Dry Freight Van / Reefer Van / Insulated Van,2,,
12,Florida,122585,1,1,5THBV162*AL******,2024-03-21 00:53:59,0,6,TRAILER,10058,"ELITE TRAILERS, INC",1091,ELITE TRAILERS,4371,Elite Trailers,2010,,,6,UNITED STATES (USA),FLORIDA,LAUREL HILL,,,,,61,Trailer,2,"Class 2: 6,001 - 10,000 lb (2,722 - 4,536 kg)",,,16,Utility Trailer,1,Ball Type Pull,16.000,GVW = 7000,2,,
12,Florida,122611,1,1,5HTSA422*P7******,2024-03-21 00:53:59,0,6,TRAILER,5564,"HEIL TRAILER INTERNATIONAL, CO",2365,"HEIL TRAILER INTERNATIONAL, CO.",6142,"Heil Trailer International, Co.",2023,,,6,UNITED STATES (USA),TENNESSEE,ATHENS,,,,,61,Trailer,,,,,15,Tank Trailer,4,Straight Semi/Semi Trailer,42.000,AL 306/406,2,,
12,Florida,122619,1,1,5RTBE101*7D******,2024-03-21 00:53:59,0,6,TRAILER,8704,LARK UNITED MANUFACTURING INC.,2208,LARK UNITED MANUFACTURING,5996,Lark United Manufacturing,2007,,,6,UNITED STATES (USA),GEORGIA,DOUGLAS,,,,,61,Trailer,,,,,5,Enclosed Trailer,1,Ball Type Pull,10.000,,1,,
12,Florida,122622,3,1,4HAPE151*JM******,2024-03-21 00:53:59,0,6,TRAILER,5719,"ALTEC INDUSTRIES, INC.",4925,"ALTEC INDUSTRIES, INC.",12030,"Altec Industries, Inc.",2018,,,6,UNITED STATES (USA),NORTH CAROLINA,MOUNT AIRY,,,,,61,Trailer,,,,,34,Chipper Trailer,2,Pintle Hitch/Hook,15.000,,1,,
12,Florida,122643,2,1,1KKVE532*NL******,2024-03-21 00:53:59,0,6,TRAILER,2340,KENTUCKY MANUFACTURING CO.,2048,KENTUCKY,30822,Electronics Trailer,2022,,,6,UNITED STATES (USA),KENTUCKY,LOUISVILLE,Kentucky Manufacturing Co.,,,,61,Trailer,,,,,36,Van Trailer,,,53.000,,2,,
12,Florida,122657,1,1,1UYFS248*FA******,2024-03-21 00:53:59,0,6,TRAILER,10289,UTILITY TRAILER MANUFACTURING COMPANY,10138,UTILITY TRAILER MANUFACTURER,26222,Utility Trailer Manufacturer,2015,,,6,UNITED STATES (USA),ALABAMA,ENTERPRISE,,,,,61,Trailer,,,,,6,Flat Bed Trailer/Platform Trailer,4,Straight Semi/Semi Trailer,48.000,,2,,
12,Florida,122670,2,1,1UYVS253*4P******,2024-03-21 00:53:59,0,6,TRAILER,10289,UTILITY TRAILER MANUFACTURING COMPANY,10138,UTILITY TRAILER MANUFACTURER,26222,Utility Trailer Manufacturer,2004,,,6,UNITED STATES (USA),ARKANSAS,PARAGOULD,,,,,61,Trailer,,,,,36,Van Trailer,4,Straight Semi/Semi Trailer,53.000,,2,,
12,Florida,122673,2,1,1GRAA962*DB******,2024-03-21 00:53:59,0,6,TRAILER,1073,GREAT DANE TRAILERS,520,GREAT DANE TRAILERS,13436,Great Dane Trailers,2013,,,6,UNITED STATES (USA),INDIANA,BRAZIL,,,,,61,Trailer,,,,,,,4,Straight Semi/Semi Trailer,48.000,Dry Freight Van / Reefer Van / Insulated Van,2,,
12,Florida,122673,2,2,1GRAA962*EE******,2024-03-21 00:53:59,0,6,TRAILER,1073,GREAT DANE TRAILERS,520,GREAT DANE TRAILERS,13436,Great Dane Trailers,2014,,,6,UNITED STATES (USA),GEORGIA,STATESBORO,,,,,61,Trailer,,,,,,,4,Straight Semi/Semi Trailer,48.000,Dry Freight Van / Reefer Van / Insulated Van,2,,
12,Florida,122715,2,1,5EF2GC40*YB******,2024-03-21 00:53:59,0,6,TRAILER,4094,CHEETAH CHASSIS CORPORATION,4029,CHEETAH CHASSIS,8699,CHEETAH CHASSIS,2000,,,6,UNITED STATES (USA),PENNSYLVANIA,BERWICK,,,,,61,Trailer,,,,,46,Chassis,3,Gooseneck,40.000,,2,,
12,Florida,122715,3,1,1UYFS248*3A******,2024-03-21 00:53:59,0,6,TRAILER,10289,UTILITY TRAILER MANUFACTURING COMPANY,10138,UTILITY TRAILER MANUFACTURER,26222,Utility Trailer Manufacturer,2003,,,6,UNITED STATES (USA),ALABAMA,ENTERPRISE,,,,,61,Trailer,,,,,6,Flat Bed Trailer/Platform Trailer,4,Straight Semi/Semi Trailer,48.000,,2,,
12,Florida,122723,1,1,1JJV532D*JL******,2024-03-21 00:53:59,0,6,TRAILER,14508,WABASH NATIONAL CORPORATION,12319,WABASH VANS,10942,Dry Van Duraplate,2018,,,6,UNITED STATES (USA),INDIANA,LAFAYETTE,,,,,61,Trailer,,,,,36,Van Trailer,,,53.000,,2,,
12,Florida,122724,1,1,4ZEAT533*11******,2024-03-21 00:53:59,0,6,TRAILER,3684,LOAD TRAIL LLC,2111,LOAD TRAIL,5874,Load Trail,2001,,,6,UNITED STATES (USA),TEXAS,SUMMER,,,,,61,Trailer,,,,,95,Auto Hauler,,,53.000,,3,,
12,Florida,122741,1,1,1M9BA322*GB817***,2024-03-21 00:53:59,0,6,TRAILER,2908,MYCO TRAILERS,2643,MYCO TRAILERS,6489,MYCO Trailers,2016,,,6,UNITED STATES (USA),FLORIDA,BRADENTON,,,,,61,Trailer,,,,,2,Boat Trailer,30,Other,32.000,,2,,
12,Florida,122785,1,1,1GRAP561*GK******,2024-03-21 00:53:59,0,6,TRAILER,1073,GREAT DANE TRAILERS,520,GREAT DANE TRAILERS,13436,Great Dane Trailers,2016,,,6,UNITED STATES (USA),ILLINOIS,KEWANEE,,,,,61,Trailer,,,,,,,4,Straight Semi/Semi Trailer,28.000,Dry Freight Van / Reefer Van / Insulated Van,1,,
12,Florida,122785,1,2,1GR1P561*LK******,2024-03-21 00:53:59,0,6,TRAILER,1073,GREAT DANE TRAILERS,520,GREAT DANE TRAILERS,13436,Great Dane Trailers,2020,,,6,UNITED STATES (USA),ILLINOIS,KEWANEE,,,,,61,Trailer,,,,,,,6,Kingpin,28.000,"Semitrailer - dry freight, reefer, or insulated van",1,,
12,Florida,122796,2,1,1JJV532W*7L******,2024-03-21 00:53:59,0,6,TRAILER,14508,WABASH NATIONAL CORPORATION,4847,WABASH,13327,Wabash National Corporation,2007,,,6,UNITED STATES (USA),INDIANA,LAFAYETTE,,,,,61,Trailer,,,,,36,Van Trailer,,,53.000,,2,,
12,Florida,122803,3,1,13N15320*G1******,2024-03-21 00:53:59,0,6,TRAILER,12268,FONTAINE COMMERCIAL PLATFORM,1128,FONTAINE TRAILER CO.,4416,Fontaine Trailer Co.,2016,,,6,UNITED STATES (USA),ALABAMA,HALEYVILLE,,,,Optional Features: None,61,Trailer,,,,,6,Flat Bed Trailer/Platform Trailer,,,53.000,,2,,
12,Florida,122804,2,1,1GRAP062*DK******,2024-03-21 00:53:59,0,6,TRAILER,1073,GREAT DANE TRAILERS,520,GREAT DANE TRAILERS,13436,Great Dane Trailers,2013,,,6,UNITED STATES (USA),ILLINOIS,KEWANEE,,,,,61,Trailer,,,,,,,4,Straight Semi/Semi Trailer,53.000,Dry Freight Van / Reefer Van / Insulated Van,2,,
12,Florida,122834,2,1,1PMS3432*C1******,2024-03-21 00:53:59,0,6,TRAILER,6179,"POLAR TANK TRAILER, LLC",2921,POLAR TANK TRAILER,6874,Polar Tank Trailer,2012,,,6,UNITED STATES (USA),MINNESOTA,OPOLE,,,,,61,Trailer,,,,,15,Tank Trailer,,,43.000,Vessel Code: DOT 407,2,,
12,Florida,122893,1,1,5MC12481*K3******,2024-03-21 00:53:59,0,6,TRAILER,5772,"MANAC TRAILERS USA, INC.",3896,MANAC TRAILERS USA,8528,Manac,2019,,,6,UNITED STATES (USA),MISSOURI,ORAN,"Manac Trailers USA, Inc.",,,,61,Trailer,,,,,6,Flat Bed Trailer/Platform Trailer,4,Straight Semi/Semi Trailer,48.000,Platform,2,,
12,Florida,122923,2,1,1UYFS248*6A******,2024-03-21 00:53:59,0,6,TRAILER,10289,UTILITY TRAILER MANUFACTURING COMPANY,10138,UTILITY TRAILER MANUFACTURER,26222,Utility Trailer Manufacturer,2006,,,6,UNITED STATES (USA),ALABAMA,ENTERPRISE,,,,,61,Trailer,,,,,6,Flat Bed Trailer/Platform Trailer,4,Straight Semi/Semi Trailer,48.000,,2,,
12,Florida,122927,2,1,1GR1A962*PB******,2024-03-21 00:53:59,0,6,TRAILER,1073,GREAT DANE TRAILERS,520,GREAT DANE TRAILERS,13436,Great Dane Trailers,2023,,,6,UNITED STATES (USA),INDIANA,BRAZIL,,,,,61,Trailer,,,,,,,6,Kingpin,48.000,"Semitrailer - dry freight, reefer, or insulated van",2,,
12,Florida,122931,3,1,1UYVS248*H6******,2024-03-21 00:53:59,0,6,TRAILER,10289,UTILITY TRAILER MANUFACTURING COMPANY,10138,UTILITY TRAILER MANUFACTURER,26222,Utility Trailer Manufacturer,2017,,,6,UNITED STATES (USA),VIRGINIA,MARION,,,,,61,Trailer,,,,,36,Van Trailer,4,Straight Semi/Semi Trailer,48.000,,2,,
12,Florida,122944,2,1,1UYVS253*GU******,2024-03-21 00:53:59,0,6,TRAILER,10289,UTILITY TRAILER MANUFACTURING COMPANY,10138,UTILITY TRAILER MANUFACTURER,26222,Utility Trailer Manufacturer,2016,,,6,UNITED STATES (USA),UTAH,CLEARFIELD,,,,,61,Trailer,,,,,36,Van Trailer,4,Straight Semi/Semi Trailer,53.000,,2,,
12,Florida,122988,2,1,1WF200E1*13******,2024-03-21 00:53:59,0,6,TRAILER,16014,"UNIVERSAL TRAILER CARGO GROUP, INC.",6062,WELLS CARGO,15857,Wells Cargo Trailer,2001,,,6,UNITED STATES (USA),GEORGIA,,,,,,61,Trailer,,,,,5,Enclosed Trailer,,,,12 to less than 14 ft,1,,
12,Florida,122991,1,1,5MAMN452*XC******,2024-03-21 00:53:59,0,6,TRAILER,5950,"MAC TRAILER MFG, INC.",6826,MAC TRAILER MANUFACTURING,18288,MAC TRAILER MANUFACTURING,1999,,,6,UNITED STATES (USA),OHIO,ALLIANCE,,,,Commerce Street,61,Trailer,,,,,101,Other,,,45.000,No Frame,2,,
12,Florida,123000,2,1,16V1F302*N2******,2024-03-21 00:53:59,0,6,TRAILER,9132,"BIG TEX TRAILER MANUFACTURING, LLC",1136,BIG TEX,5625,Big Tex,2022,,,6,UNITED STATES (USA),TEXAS,MOUNT PLEASANT,"Big Tex Trailer Manufacturing, Inc.",,,,61,Trailer,,,,,6,Flat Bed Trailer/Platform Trailer,14,Bumper Pull,30.000,,2,,
12,Florida,123002,2,1,1W9AC463*MP347***,2024-03-21 00:53:59,0,6,TRAILER,10331,WARREN EQUIPMENT INC.,8661,"WARREN EQUIPMENT, INC.",22712,"Warren Equipment, Inc.",2021,,,6,UNITED STATES (USA),FLORIDA,PLANT CITY,,,,,61,Trailer,,,,,4,Dump Trailer/Dumping Trailer,4,Straight Semi/Semi Trailer,,Tri-Axle Dual Tires,,,
12,Florida,123002,4,1,4T93H402*NM402***,2024-03-21 00:53:59,0,6,TRAILER,20285,TRAILMAX TRAILER SALES LLC,1736,TRAILMAX,28218,TrailMax,2022,,,6,UNITED STATES (USA),TEXAS,MOUNT PLEASANT,,,,,61,Trailer,,,,,55,Deckover Trailer,3,Gooseneck,40.000,,2,,
12,Florida,123015,1,1,5MAMN482*4C******,2024-03-21 00:53:59,0,6,TRAILER,5950,"MAC TRAILER MFG, INC.",6826,MAC TRAILER MANUFACTURING,18288,MAC TRAILER MANUFACTURING,2004,,,6,UNITED STATES (USA),OHIO,ALLIANCE,,,,Commerce Street,61,Trailer,,,,,101,Other,,,48.000,No Frame,2,,
12,Florida,123042,1,1,5HTSA442*M7******,2024-03-21 00:53:59,0,6,TRAILER,5564,"HEIL TRAILER INTERNATIONAL, CO",2365,"HEIL TRAILER INTERNATIONAL, CO.",6142,"Heil Trailer International, Co.",2021,,,6,UNITED STATES (USA),TENNESSEE,ATHENS,,,,,61,Trailer,,,,,15,Tank Trailer,4,Straight Semi/Semi Trailer,44.000,AL 306/406,2,,
12,Florida,123046,2,1,1JJV532D*EL******,2024-03-21 00:53:59,0,6,TRAILER,14508,WABASH NATIONAL CORPORATION,12319,WABASH VANS,10942,Dry Van Duraplate,2014,,,6,UNITED STATES (USA),INDIANA,LAFAYETTE,,,,,61,Trailer,,,,,36,Van Trailer,,,53.000,,2,,
12,Florida,123090,2,1,1GRAA062*JW******,2024-03-21 00:53:59,0,6,TRAILER,1073,GREAT DANE TRAILERS,520,GREAT DANE TRAILERS,13436,Great Dane Trailers,2018,,,6,UNITED STATES (USA),NEBRASKA,WAYNE,,,,,61,Trailer,,,,,36,Van Trailer,4,Straight Semi/Semi Trailer,53.000,"Semitrailer - Dry Freight Van, Reefer Van, Insulated Van",2,,
12,Florida,123111,1,1,1GRDM962*5M******,2024-03-21 00:53:59,0,6,TRAILER,1073,GREAT DANE TRAILERS,520,GREAT DANE TRAILERS,13436,Great Dane Trailers,2005,,,6,UNITED STATES (USA),TENNESSEE,MEMPHIS,,,,,61,Trailer,,,,,61,Drop Deck Trailer,4,Straight Semi/Semi Trailer,96.000,Body Type = Straight Deck/ Extendable,2,,
12,Florida,123112,2,1,1JJV532D*GL******,2024-03-21 00:53:59,0,6,TRAILER,14508,WABASH NATIONAL CORPORATION,12319,WABASH VANS,10942,Dry Van Duraplate,2016,,,6,UNITED STATES (USA),INDIANA,LAFAYETTE,,,,,61,Trailer,,,,,36,Van Trailer,,,53.000,,2,,
12,Florida,123114,1,1,1PLE0482*FP******,2024-03-21 00:53:59,0,6,TRAILER,18041,PEERLESS CORPORATION,9288,PEERLESS,23523,Peerless,2015,,,6,UNITED STATES (USA),ARKANSAS,PARAGOULD,,,,,61,Trailer,,,,,34,Chipper Trailer,,,48.000,,2,,
12,Florida,123116,1,1,1JJV532D*NL******,2024-03-21 00:53:59,0,6,TRAILER,14508,WABASH NATIONAL CORPORATION,12319,WABASH VANS,10942,Dry Van Duraplate,2022,,,6,UNITED STATES (USA),INDIANA,LAFAYETTE,,,,,61,Trailer,,,,,36,Van Trailer,6,Kingpin,53.000,,2,,
12,Florida,123144,2,1,5JW1U162*K1******,2024-03-21 00:53:59,0,6,TRAILER,9916,NOVAE LLC,2410,SURE-TRAC,6193,Sure-Trac Trailers,2019,,,6,UNITED STATES (USA),INDIANA,MARKLE,,,,,61,Trailer,,,,,16,Utility Trailer,1,Ball Type Pull,16.000,Open Body,2,,
12,Florida,123156,2,1,LJRC5426*E1******,2024-03-21 00:53:59,0,6,TRAILER,9950,"CIMC VEHICLES GROUP CO., LTD.",4101,CIMC VEHICLES GROUP CO,8811,CIMC VEHICLES GROUP CO,2014,,,8,CHINA,,SHENZHEN,,,,"GVWR = 30,000-34,990kg",61,Trailer,9,"Class 8: 33,001 lb and above (14,969 kg and above)",,,109,Container Chassis/Container Trailer,,,54.000,,2,,
12,Florida,123222,2,1,1PT01DNH*29******,2024-03-21 00:53:59,0,6,TRAILER,3233,TRAILMOBILE (PULLMAN INCORPORATED),6072,TRAILMOBILE,15904,Trailmobile Trailer,2002,Optimum,,6,UNITED STATES (USA),ILLINOIS,CHARLESTON,,,,,61,Trailer,,,,,142,Wedge Trailer,,,,Over 45ft,,3,Tandem
12,Florida,123244,4,1,53FBE122*HF******,2024-03-21 00:53:59,0,6,TRAILER,7521,COVERED WAGON TRAILERS LLC.,6356,COVERED WAGON TRAILERS,17587,Covered Wagon Trailers,2017,,,6,UNITED STATES (USA),GEORGIA,FITZGERALD,,,,,61,Trailer,,,,,160,Cargo Trailer,14,Bumper Pull,12.000,Enclosed - General Cargo,2,,
12,Florida,123273,3,1,7FWBE162*P1******,2024-03-21 00:53:59,0,6,TRAILER,21077,"STEEL PINES CARGO, LLC",11300,"HIGH COUNTRY CARGO, LLC",29349,"HIGH COUNTRY CARGO, LLC",2023,,,6,UNITED STATES (USA),GEORGIA,FITZGERALD,,,,,61,Trailer,,,,,5,Enclosed Trailer,1,Ball Type Pull,16.000,,2,,
12,Florida,123278,1,1,1GRAA062*EE******,2024-03-21 00:53:59,0,6,TRAILER,1073,GREAT DANE TRAILERS,520,GREAT DANE TRAILERS,13436,Great Dane Trailers,2014,,,6,UNITED STATES (USA),GEORGIA,STATESBORO,,,,,61,Trailer,,,,,,,4,Straight Semi/Semi Trailer,53.000,Dry Freight Van / Reefer Van / Insulated Van,2,,
12,Florida,123284,2,1,1GRAP062*GJ******,2024-03-21 00:53:59,0,6,TRAILER,1073,GREAT DANE TRAILERS,520,GREAT DANE TRAILERS,13436,Great Dane Trailers,2016,,,6,UNITED STATES (USA),ARKANSAS,JONESBORO,,,,"Jacksonville Florida (ended 02/1988); Jonesboro, Arkansas (effective 09/03/02)",61,Trailer,,,,,,,4,Straight Semi/Semi Trailer,53.000,Dry Freight Van / Reefer Van / Insulated Van,2,,
12,Florida,123287,2,1,1PLE0452*KP******,2024-03-21 00:53:59,0,6,TRAILER,18041,PEERLESS CORPORATION,9288,PEERLESS,23523,Peerless,2019,,,6,UNITED STATES (USA),ARKANSAS,PARAGOULD,,,,,61,Trailer,,,,,34,Chipper Trailer,,,45.000,,2,,
12,Florida,123329,1,1,5V8VA482*LT******,2024-03-21 00:53:59,0,6,TRAILER,16522,VANGUARD NATIONAL TRAILER CORPORTATION,6474,VANGUARD NATIONAL TRAILER CORPORATION (VNTC),17782,VANGUARD NATIONAL TRAILER CORPORATION (VNTC),2020,,,6,UNITED STATES (USA),GEORGIA,TRENTON,,,,,61,Trailer,,,,,186,Dry Freight,6,Kingpin,48.000,"Interior Post Aluminum Sheet Trailer (VIP, MaxCube)",,3,Tandem
12,Florida,123340,1,1,5E0AC144*6G******,2024-03-21 00:53:59,0,6,TRAILER,20895,"COTTRELL, INC.",12482,COTTRELL,32568,"C-10, C-11, C-12, C-14, C-5008, C-5307, C-5309, C-7510, C-7512, C-8ENC, CS-12, CS-5304, CS-6SD, CS-8504, CX-5304, CX-6, CX-7, EZ-5307, 31M",2006,,,6,UNITED STATES (USA),GEORGIA,GAINESVILLE,,,,,61,Trailer,,,,,3,Car Hauler Trailer,5,Fifth Wheel,,Trailer Length (feet): 44-46,2,3,Tandem
12,Florida,123405,2,1,1W9S4422*XN001***,2024-03-21 00:53:59,0,6,TRAILER,10142,WALKER STAINLESS EQUIPMENT CO,6968,WALKER STAINLESS EQUIPMENT CO,18539,WALKER STAINLESS EQUIPMENT CO,1999,,,6,UNITED STATES (USA),WISCONSIN,NEW LISBON,,,,,61,Trailer,,,,,,,4,Straight Semi/Semi Trailer,44.000,Sanitary Foodgrade,2,,
12,Florida,123434,1,1,16VPX162*H2******,2024-03-21 00:53:59,0,6,TRAILER,9132,"BIG TEX TRAILER MANUFACTURING, LLC",1136,BIG TEX,5625,Big Tex,2017,,,6,UNITED STATES (USA),TEXAS,MOUNT PLEASANT,"Big Tex Trailer Manufacturing, Inc.",,,,61,Trailer,,,,,16,Utility Trailer,,,16.000,Pipe Trailer,2,,
12,Florida,123435,1,1,1JJV532W*8L******,2024-03-21 00:53:59,0,6,TRAILER,14508,WABASH NATIONAL CORPORATION,4847,WABASH,13327,Wabash National Corporation,2008,,,6,UNITED STATES (USA),INDIANA,LAFAYETTE,,,,,61,Trailer,,,,,36,Van Trailer,,,53.000,,2,,
12,Florida,123486,2,1,1GRAA062*GK******,2024-03-21 00:53:59,0,6,TRAILER,1073,GREAT DANE TRAILERS,520,GREAT DANE TRAILERS,13436,Great Dane Trailers,2016,,,6,UNITED STATES (USA),ILLINOIS,KEWANEE,,,,,61,Trailer,,,,,,,4,Straight Semi/Semi Trailer,53.000,Dry Freight Van / Reefer Van / Insulated Van,2,,
12,Florida,123515,2,1,1UYVS253*GG******,2024-03-21 00:53:59,0,6,TRAILER,10289,UTILITY TRAILER MANUFACTURING COMPANY,10138,UTILITY TRAILER MANUFACTURER,26222,Utility Trailer Manufacturer,2016,,,6,UNITED STATES (USA),VIRGINIA,GLADE SPRING,,,,,61,Trailer,,,,,36,Van Trailer,4,Straight Semi/Semi Trailer,53.000,,2,,
12,Florida,123540,1,1,1GRAA062*6T******,2024-03-21 00:53:59,0,6,TRAILER,1073,GREAT DANE TRAILERS,520,GREAT DANE TRAILERS,13436,Great Dane Trailers,2006,,,6,UNITED STATES (USA),INDIANA,TERRE HAUTE,,,,Effective 03/01/00,61,Trailer,,,,,36,Van Trailer,4,Straight Semi/Semi Trailer,6.000,Trailer Type = Dry Freight/ Reefer/ Insulated Van,2,,
13,Georgia,131124,2,1,4ZEGP252*M1******,2024-03-19 01:32:13,0,6,TRAILER,3684,LOAD TRAIL LLC,2111,LOAD TRAIL,5874,Load Trail,2021,,,6,UNITED STATES (USA),TEXAS,SUMNER,,,,,61,Trailer,,,,,,,3,Gooseneck,25.000,Type of Trailer = Gooseneck Low Profile,2,,
13,Georgia,131267,1,1,1UYVS253*GM******,2024-03-19 01:32:13,0,6,TRAILER,10289,UTILITY TRAILER MANUFACTURING COMPANY,10138,UTILITY TRAILER MANUFACTURER,26222,Utility Trailer Manufacturer,2016,,,6,UNITED STATES (USA),VIRGINIA,MARION,,,,,61,Trailer,,,,,36,Van Trailer,4,Straight Semi/Semi Trailer,53.000,,2,,
17,Illinois,170008,2,1,1GRAA062*EB******,2024-03-15 02:12:38,0,6,TRAILER,1073,GREAT DANE TRAILERS,520,GREAT DANE TRAILERS,13436,Great Dane Trailers,2014,,,6,UNITED STATES (USA),INDIANA,BRAZIL,,,,,61,Trailer,,,,,,,4,Straight Semi/Semi Trailer,53.000,Dry Freight Van / Reefer Van / Insulated Van,2,,
17,Illinois,170013,1,1,1JJV532B*JL******,2024-03-15 02:12:38,0,6,TRAILER,14508,WABASH NATIONAL CORPORATION,12319,WABASH VANS,10945,Refrigerated Van,2018,,,6,UNITED STATES (USA),INDIANA,LAFAYETTE,,,,,61,Trailer,,,,,36,Van Trailer,,,53.000,,2,,
17,Illinois,170013,2,1,1JJV532B*JL******,2024-03-15 02:12:38,0,6,TRAILER,14508,WABASH NATIONAL CORPORATION,12319,WABASH VANS,10945,Refrigerated Van,2018,,,6,UNITED STATES (USA),INDIANA,LAFAYETTE,,,,,61,Trailer,,,,,36,Van Trailer,,,53.000,,2,,
17,Illinois,170029,1,1,3H3V281C*HT******,2024-03-15 02:12:38,0,6,TRAILER,14282,"HYUNDAI DE MEXICO, S.A. DE C.V.",4876,HYUNDAI TRANSLEAD TRAILERS,11496,Hyundai Translead Trailers,2017,,,12,MEXICO,BAJA CALIFORNIA,TIJUANA,,,,,61,Trailer,,,,,36,Van Trailer,,,28.000,Material: Aluminum/Steel,1,,
17,Illinois,170035,2,1,1RNF53A2*NR******,2024-03-15 02:12:38,0,6,TRAILER,3579,"REITNOUER, INC.",5594,REITNOUER INC,14493,Reitnouer Inc Trailers,2022,,,6,UNITED STATES (USA),PENNSYLVANIA,READING,,,,,61,Trailer,9,"Class 8: 33,001 lb and above (14,969 kg and above)",,,6,Flat Bed Trailer/Platform Trailer,6,Kingpin,53.000,Airride,2,,
17,Illinois,170041,2,1,1JJV532D*FL******,2024-03-15 02:12:38,0,6,TRAILER,14508,WABASH NATIONAL CORPORATION,12319,WABASH VANS,10942,Dry Van Duraplate,2015,,,6,UNITED STATES (USA),INDIANA,LAFAYETTE,,,,,61,Trailer,,,,,36,Van Trailer,,,53.000,,2,,
17,Illinois,170071,2,1,1JJV532W*8L******,2024-03-15 02:12:38,0,6,TRAILER,14508,WABASH NATIONAL CORPORATION,4847,WABASH,13327,Wabash National Corporation,2008,,,6,UNITED STATES (USA),INDIANA,LAFAYETTE,,,,,61,Trailer,,,,,36,Van Trailer,,,53.000,,2,,
17,Illinois,170119,2,1,1GRAA962*FB******,2024-03-15 02:12:38,0,6,TRAILER,1073,GREAT DANE TRAILERS,520,GREAT DANE TRAILERS,13436,Great Dane Trailers,2015,,,6,UNITED STATES (USA),INDIANA,BRAZIL,,,,,61,Trailer,,,,,,,4,Straight Semi/Semi Trailer,48.000,Dry Freight Van / Reefer Van / Insulated Van,2,,
17,Illinois,170126,2,1,3H3C412S*3T******,2024-03-15 02:12:38,0,6,TRAILER,14282,"HYUNDAI DE MEXICO, S.A. DE C.V.",4876,HYUNDAI TRANSLEAD TRAILERS,11496,Hyundai Translead Trailers,2003,,,12,MEXICO,BAJA CALIFORNIA,TIJUANA,,,,,61,Trailer,,,,,109,Container Chassis/Container Trailer,,,41.000,Material: Steel,2,,
17,Illinois,170154,2,1,1JJV281W*8L******,2024-03-15 02:12:38,0,6,TRAILER,14508,WABASH NATIONAL CORPORATION,4847,WABASH,13327,Wabash National Corporation,2008,,,6,UNITED STATES (USA),INDIANA,LAFAYETTE,,,,,61,Trailer,,,,,36,Van Trailer,,,28.000,,1,,
17,Illinois,170154,2,2,1JJV281D*KL******,2024-03-15 02:12:38,0,6,TRAILER,14508,WABASH NATIONAL CORPORATION,12319,WABASH VANS,10942,Dry Van Duraplate,2019,,,6,UNITED STATES (USA),INDIANA,LAFAYETTE,,,,,61,Trailer,,,,,36,Van Trailer,,,28.000,,1,,
17,Illinois,170159,2,1,4WW4412A*J7******,2024-03-15 02:12:38,0,6,TRAILER,11681,WILSON TRAILER CO.,3855,WILSON TRAILER CO.,8390,Wilson Trailer Co.,2018,,,6,UNITED STATES (USA),SOUTH DAKOTA,LENNOX,,,,Type of suspension: Air Ride,61,Trailer,,,,,101,Other,,,41.000,Grain Trailer,2,,
17,Illinois,170165,1,1,1JJv532D*LL******,2024-03-15 02:12:38,0,6,TRAILER,14508,WABASH NATIONAL CORPORATION,12319,WABASH VANS,10942,Dry Van Duraplate,2020,,,6,UNITED STATES (USA),INDIANA,LAFAYETTE,,,,,61,Trailer,,,,,36,Van Trailer,,,53.000,,2,,
17,Illinois,170173,2,1,1W16532A*H5******,2024-03-15 02:12:38,0,6,TRAILER,11681,WILSON TRAILER CO.,10450,WILSON,27561,Wilson,2017,,,6,UNITED STATES (USA),SOUTH DAKOTA,YANKTON,,,,,61,Trailer,,,,,53,Livestock - Cattle Trailer,,,53.000,Type of suspension: Air Ride,2,,
17,Illinois,170182,2,1,5MADN402*6C******,2024-03-15 02:12:38,0,6,TRAILER,5950,"MAC TRAILER MFG, INC.",6826,MAC TRAILER MANUFACTURING,18288,MAC TRAILER MANUFACTURING,2006,,,6,UNITED STATES (USA),OHIO,ALLIANCE,,,,Commerce Street,61,Trailer,,,,,4,Dump Trailer/Dumping Trailer,,,40.000,No Frame,2,,
17,Illinois,170183,2,1,1JJV532W*2L******,2024-03-15 02:12:38,0,6,TRAILER,14508,WABASH NATIONAL CORPORATION,4847,WABASH,13327,Wabash National Corporation,2002,,,6,UNITED STATES (USA),INDIANA,LAFAYETTE,,,,,61,Trailer,,,,,36,Van Trailer,,,53.000,,2,,
17,Illinois,170202,1,1,1GRDM962*6h******,2024-03-15 02:12:38,0,6,TRAILER,1073,GREAT DANE TRAILERS,520,GREAT DANE TRAILERS,13436,Great Dane Trailers,2006,,,6,UNITED STATES (USA),TENNESSEE,HUNTSVILLE,,,,,61,Trailer,,,,,61,Drop Deck Trailer,4,Straight Semi/Semi Trailer,96.000,Body Type = Straight Deck/ Extendable,2,,
17,Illinois,170219,2,1,1JJV532B*FL******,2024-03-15 02:12:38,0,6,TRAILER,14508,WABASH NATIONAL CORPORATION,12319,WABASH VANS,10945,Refrigerated Van,2015,,,6,UNITED STATES (USA),INDIANA,LAFAYETTE,,,,,61,Trailer,,,,,36,Van Trailer,,,53.000,,2,,
17,Illinois,170228,2,1,1GRAA062*FW******,2024-03-15 02:12:38,0,6,TRAILER,1073,GREAT DANE TRAILERS,520,GREAT DANE TRAILERS,13436,Great Dane Trailers,2015,,,6,UNITED STATES (USA),NEBRASKA,WAYNE,,,,,61,Trailer,,,,,,,4,Straight Semi/Semi Trailer,53.000,Dry Freight Van / Reefer Van / Insulated Van,2,,
17,Illinois,170232,2,1,1UYVS253*L7******,2024-03-15 02:12:38,0,6,TRAILER,10289,UTILITY TRAILER MANUFACTURING COMPANY,10138,UTILITY TRAILER MANUFACTURER,26222,Utility Trailer Manufacturer,2020,,,6,UNITED STATES (USA),VIRGINIA,GLADE SPRING,,,,,61,Trailer,,,,,36,Van Trailer,4,Straight Semi/Semi Trailer,53.000,,2,,
17,Illinois,170244,2,1,1JJV532D*LL******,2024-03-15 02:12:38,0,6,TRAILER,14508,WABASH NATIONAL CORPORATION,12319,WABASH VANS,10942,Dry Van Duraplate,2020,,,6,UNITED STATES (USA),INDIANA,LAFAYETTE,,,,,61,Trailer,,,,,36,Van Trailer,,,53.000,,2,,
17,Illinois,170275,2,1,1UYVS253*J3******,2024-03-15 02:12:38,0,6,TRAILER,10289,UTILITY TRAILER MANUFACTURING COMPANY,10138,UTILITY TRAILER MANUFACTURER,26222,Utility Trailer Manufacturer,2018,,,6,UNITED STATES (USA),ARKANSAS,PARAGOULD,,,,,61,Trailer,,,,,36,Van Trailer,4,Straight Semi/Semi Trailer,53.000,,2,,
17,Illinois,170303,2,1,1S12E953*2D******,2024-03-15 02:12:38,0,6,TRAILER,14956,"STRICK TRAILERS, LLC",4977,STRICK COMMERCIAL TRAILER,12176,Strick Commercial Trailer,2002,Smooth Side,,6,UNITED STATES (USA),,DANVILLE,,,,,61,Trailer,,,,,,,4,Straight Semi/Semi Trailer,53.000,Dry Freight Van,2,3,Tandem
17,Illinois,170324,2,1,1UYVS128*EU******,2024-03-15 02:12:38,0,6,TRAILER,10289,UTILITY TRAILER MANUFACTURING COMPANY,10138,UTILITY TRAILER MANUFACTURER,26222,Utility Trailer Manufacturer,2014,,,6,UNITED STATES (USA),UTAH,CLEARFIELD,,,,,61,Trailer,,,,,36,Van Trailer,4,Straight Semi/Semi Trailer,28.000,,1,,
17,Illinois,170327,2,1,3H3V532C*MR******,2024-03-15 02:12:38,0,6,TRAILER,14282,"HYUNDAI DE MEXICO, S.A. DE C.V.",4876,HYUNDAI TRANSLEAD TRAILERS,11496,Hyundai Translead Trailers,2021,,,12,MEXICO,BAJA CALIFORNIA,ROSARITO,,,,Trailer Type: SEMITRAILER,61,Trailer,,,,,36,Van Trailer,6,Kingpin,53.000,Material: ALUMINUM/STEEL,2,,
17,Illinois,170332,1,1,1MT2N502*DH******,2024-03-15 02:12:38,0,6,TRAILER,8092,MERRITT TRAILERS INC.,2353,MERRITT,29522,Merritt,2013,,,6,UNITED STATES (USA),COLORADO,HENDERSON,Merritt Equipment Co.,,,,61,Trailer,,,,,13,Livestock Trailer,4,Straight Semi/Semi Trailer,50.000,,2,,
17,Illinois,170332,2,1,LJRC5426*H1******,2024-03-15 02:12:38,0,6,TRAILER,9950,"CIMC VEHICLES GROUP CO., LTD.",4101,CIMC VEHICLES GROUP CO,8811,CIMC VEHICLES GROUP CO,2017,,,8,CHINA,,SHENZHEN,,,,"GVWR = 30,000-34,990kg",61,Trailer,9,"Class 8: 33,001 lb and above (14,969 kg and above)",,,109,Container Chassis/Container Trailer,,,54.000,,2,,
17,Illinois,170351,2,1,1E1D1L28*YR******,2024-03-15 02:12:38,1,6,TRAILER,5338,EAST MANUFACTURING CORP.,1334,EAST MANUFACTURING CORP.,4686,East Manufacturing Corp,2000,,,6,UNITED STATES (USA),OHIO,RANDOLPH,,,,,61,Trailer,9,"Class 8: 33,001 lb and above (14,969 kg and above)",,,4,Dump Trailer/Dumping Trailer,,,26.000,Aluminum Body - Steel Frame,2,,
17,Illinois,170356,2,1,13N14820*F1******,2024-03-15 02:12:38,0,6,TRAILER,12268,FONTAINE COMMERCIAL PLATFORM,1128,FONTAINE TRAILER CO.,4416,Fontaine Trailer Co.,2015,,,6,UNITED STATES (USA),ALABAMA,HALEYVILLE,,,,Optional Features: None,61,Trailer,,,,,6,Flat Bed Trailer/Platform Trailer,,,48.000,,2,,
17,Illinois,170359,1,1,1RNF45A2*8R******,2024-03-15 02:12:38,0,6,TRAILER,3579,"REITNOUER, INC.",5594,REITNOUER INC,14493,Reitnouer Inc Trailers,2008,,,6,UNITED STATES (USA),PENNSYLVANIA,READING,,,,,61,Trailer,9,"Class 8: 33,001 lb and above (14,969 kg and above)",,,6,Flat Bed Trailer/Platform Trailer,6,Kingpin,45.000,Airride,2,,
17,Illinois,170383,2,1,1GR1P062*LT******,2024-03-15 02:12:38,0,6,TRAILER,1073,GREAT DANE TRAILERS,520,GREAT DANE TRAILERS,13436,Great Dane Trailers,2020,,,6,UNITED STATES (USA),INDIANA,TERRE HAUTE,,,,,61,Trailer,,,,,,,6,Kingpin,53.000,"Semitrailer - dry freight, reefer, or insulated van",2,,
17,Illinois,170402,1,1,1GRAA062*GK******,2024-03-15 02:12:38,0,6,TRAILER,1073,GREAT DANE TRAILERS,520,GREAT DANE TRAILERS,13436,Great Dane Trailers,2016,,,6,UNITED STATES (USA),ILLINOIS,KEWANEE,,,,,61,Trailer,,,,,,,4,Straight Semi/Semi Trailer,53.000,Dry Freight Van / Reefer Van / Insulated Van,2,,
17,Illinois,170415,1,1,2C9VBH2N*HM183***,2024-03-15 02:12:38,0,6,TRAILER,12176,5274398 MANITOBA LTD,11958,CROSS COUNTRY MFG.,30894,Cross Country Mfg.,2017,,,1,CANADA,MANITOBA,MORDEN,,,,,61,Trailer,9,"Class 8: 33,001 lb and above (14,969 kg and above)",,,4,Dump Trailer/Dumping Trailer,,,,Steel Body + Chassis,2,,
17,Illinois,170428,2,1,4MLC2482*NM******,2024-03-15 02:12:38,0,6,TRAILER,3545,OSHKOSH TRUCK CORPORATION,517,OSHKOSH,6295,Oshkosh Trailer,2022,,,6,UNITED STATES (USA),,MANSFIELD,,,,,61,Trailer,,,,,46,Chassis,,,48.000,GOOSENECK,2,,
17,Illinois,170435,2,1,1GRAP062*9T******,2024-03-15 02:12:38,0,6,TRAILER,1073,GREAT DANE TRAILERS,520,GREAT DANE TRAILERS,13436,Great Dane Trailers,2009,,,6,UNITED STATES (USA),INDIANA,TERRE HAUTE,,,,Effective 03/01/00,61,Trailer,,,,,36,Van Trailer,4,Straight Semi/Semi Trailer,53.000,Trailer Type = Dry Freight/ Reefer/ Insulated Van,2,,
17,Illinois,170459,1,1,1JJV532B*HL******,2024-03-15 02:12:38,0,6,TRAILER,14508,WABASH NATIONAL CORPORATION,12319,WABASH VANS,10945,Refrigerated Van,2017,,,6,UNITED STATES (USA),INDIANA,LAFAYETTE,,,,,61,Trailer,,,,,36,Van Trailer,,,53.000,,2,,
17,Illinois,170459,4,1,1GR1P062*MJ******,2024-03-15 02:12:38,0,6,TRAILER,1073,GREAT DANE TRAILERS,520,GREAT DANE TRAILERS,13436,Great Dane Trailers,2021,,,6,UNITED STATES (USA),ARKANSAS,JONESBORO,,,,,61,Trailer,,,,,,,6,Kingpin,53.000,"Semitrailer - dry freight, reefer, or insulated van",2,,
17,Illinois,170460,1,1,1GRAP062*KK******,2024-03-15 02:12:38,0,6,TRAILER,1073,GREAT DANE TRAILERS,520,GREAT DANE TRAILERS,13436,Great Dane Trailers,2019,,,6,UNITED STATES (USA),ILLINOIS,KEWANEE,,,,,61,Trailer,,,,,36,Van Trailer,4,Straight Semi/Semi Trailer,53.000,"Semitrailer - Dry Freight Van, Reefer Van, Insulated Van",2,,
17,Illinois,170460,2,1,1GRAP062*ET******,2024-03-15 02:12:38,0,6,TRAILER,1073,GREAT DANE TRAILERS,520,GREAT DANE TRAILERS,13436,Great Dane Trailers,2014,,,6,UNITED STATES (USA),INDIANA,TERRE HAUTE,,,,,61,Trailer,,,,,,,4,Straight Semi/Semi Trailer,53.000,Dry Freight Van / Reefer Van / Insulated Van,2,,
17,Illinois,170480,2,1,1PNR532B*XH******,2024-03-15 02:12:38,0,6,TRAILER,4312,PINES TRAILER LIMITED PARTNERSHIP,6368,PINE RIDGE,17605,Pine Ridge,1999,,,6,UNITED STATES (USA),ILLINOIS,KEWANEE - KENTVILLE,,,,"102 5/16""(2.6m) Wide Units",61,Trailer,,,,,,,,,53.000,Plate Wall Van,2,,
17,Illinois,170485,2,1,1UYFS248*EA******,2024-03-15 02:12:38,0,6,TRAILER,10289,UTILITY TRAILER MANUFACTURING COMPANY,10138,UTILITY TRAILER MANUFACTURER,26222,Utility Trailer Manufacturer,2014,,,6,UNITED STATES (USA),ALABAMA,ENTERPRISE,,,,,61,Trailer,,,,,6,Flat Bed Trailer/Platform Trailer,4,Straight Semi/Semi Trailer,48.000,,2,,
17,Illinois,170518,3,1,1P9BU282*MG402***,2024-03-15 02:12:38,0,6,TRAILER,19566,"PINE HILL MANUFACTURING, LLC",10247,PINE HILL / BAUXLITE,26955,Pine Hill / Bauxlite,2021,,,6,UNITED STATES (USA),PENNSYLVANIA,GORDONVILLE,,,,,61,Trailer,,,,,16,Utility Trailer,1,Ball Type Pull,28.000,,2,,
17,Illinois,170522,2,1,5V8VC532*MM******,2024-03-15 02:12:38,0,6,TRAILER,16522,VANGUARD NATIONAL TRAILER CORPORTATION,6474,VANGUARD NATIONAL TRAILER CORPORATION (VNTC),17782,VANGUARD NATIONAL TRAILER CORPORATION (VNTC),2021,,,6,UNITED STATES (USA),INDIANA,MONON,,,,,61,Trailer,,,,,186,Dry Freight,6,Kingpin,53.000,Composite Plate Semitrailer (VXP),,3,Tandem
17,Illinois,170524,2,1,1E1L5Y28*DR******,2024-03-15 02:12:38,0,6,TRAILER,5338,EAST MANUFACTURING CORP.,1334,EAST MANUFACTURING CORP.,4686,East Manufacturing Corp,2013,,,6,UNITED STATES (USA),OHIO,RANDOLPH,,,,,61,Trailer,9,"Class 8: 33,001 lb and above (14,969 kg and above)",,,11,Lowboy/Low bed Trailer,,,48.000,Flat Trailer - Aluminum Frame,2,,
17,Illinois,170539,2,1,1UYVS253*CU******,2024-03-15 02:12:38,0,6,TRAILER,10289,UTILITY TRAILER MANUFACTURING COMPANY,10138,UTILITY TRAILER MANUFACTURER,26222,Utility Trailer Manufacturer,2012,,,6,UNITED STATES (USA),UTAH,CLEARFIELD,,,,,61,Trailer,,,,,36,Van Trailer,4,Straight Semi/Semi Trailer,53.000,,2,,
17,Illinois,170553,1,1,1GRAA962*MB******,2024-03-15 02:12:38,0,6,TRAILER,1073,GREAT DANE TRAILERS,520,GREAT DANE TRAILERS,13436,Great Dane Trailers,2021,,,6,UNITED STATES (USA),INDIANA,BRAZIL,,,,,61,Trailer,,,,,36,Van Trailer,4,Straight Semi/Semi Trailer,48.000,"Semitrailer - Dry Freight Van, Reefer Van, Insulated Van",2,,
17,Illinois,170569,2,1,1UYVS253*8U******,2024-03-15 02:12:38,0,6,TRAILER,10289,UTILITY TRAILER MANUFACTURING COMPANY,10138,UTILITY TRAILER MANUFACTURER,26222,Utility Trailer Manufacturer,2008,,,6,UNITED STATES (USA),UTAH,CLEARFIELD,,,,,61,Trailer,,,,,36,Van Trailer,4,Straight Semi/Semi Trailer,53.000,,2,,
17,Illinois,170576,1,1,1JJV532D*CL******,2024-03-15 02:12:38,0,6,TRAILER,14508,WABASH NATIONAL CORPORATION,12319,WABASH VANS,10942,Dry Van Duraplate,2012,,,6,UNITED STATES (USA),INDIANA,LAFAYETTE,,,,,61,Trailer,,,,,36,Van Trailer,,,53.000,,2,,
17,Illinois,170602,2,1,5MAPA532*NH******,2024-03-15 02:12:38,0,6,TRAILER,5950,"MAC TRAILER MFG, INC.",6826,MAC TRAILER MANUFACTURING,18288,MAC TRAILER MANUFACTURING,2022,,,6,UNITED STATES (USA),OKLAHOMA,,Oklahoma 90,,,,61,Trailer,,,,,6,Flat Bed Trailer/Platform Trailer,6,Kingpin,53.000,ALUMINUM FRAME,2,,
17,Illinois,170608,2,1,1TTF482A*K3******,2024-03-15 02:12:38,0,6,TRAILER,8231,TRANSCRAFT CORPORATION,12051,BENSON/WABASH,27664,Aluminium Flatbed,2019,,,6,UNITED STATES (USA),KENTUCKY,CADIZ,,,,,61,Trailer,,,,,6,Flat Bed Trailer/Platform Trailer,6,Kingpin,48.000,,2,,
17,Illinois,170629,2,1,1JJV532D*JL******,2024-03-15 02:12:38,0,6,TRAILER,14508,WABASH NATIONAL CORPORATION,12319,WABASH VANS,10942,Dry Van Duraplate,2018,,,6,UNITED STATES (USA),INDIANA,LAFAYETTE,,,,,61,Trailer,,,,,36,Van Trailer,,,53.000,,2,,
17,Illinois,170630,2,1,1UYVS253*DM******,2024-03-15 02:12:38,1,6,TRAILER,10289,UTILITY TRAILER MANUFACTURING COMPANY,10138,UTILITY TRAILER MANUFACTURER,26222,Utility Trailer Manufacturer,2013,,,6,UNITED STATES (USA),VIRGINIA,MARION,,,,,61,Trailer,,,,,36,Van Trailer,4,Straight Semi/Semi Trailer,53.000,,2,,
17,Illinois,170641,1,1,1UYFS248*5A******,2024-03-15 02:12:38,0,6,TRAILER,10289,UTILITY TRAILER MANUFACTURING COMPANY,10138,UTILITY TRAILER MANUFACTURER,26222,Utility Trailer Manufacturer,2005,,,6,UNITED STATES (USA),ALABAMA,ENTERPRISE,,,,,61,Trailer,,,,,6,Flat Bed Trailer/Platform Trailer,4,Straight Semi/Semi Trailer,48.000,,2,,
17,Illinois,170668,2,1,3H3V532C*FT******,2024-03-15 02:12:38,0,6,TRAILER,14282,"HYUNDAI DE MEXICO, S.A. DE C.V.",4876,HYUNDAI TRANSLEAD TRAILERS,11496,Hyundai Translead Trailers,2015,,,12,MEXICO,BAJA CALIFORNIA,TIJUANA,,,,,61,Trailer,,,,,36,Van Trailer,,,53.000,Material: Aluminum/Steel,2,,
17,Illinois,170670,2,1,1S12E953*FE******,2024-03-15 02:12:38,0,6,TRAILER,14956,"STRICK TRAILERS, LLC",4977,STRICK COMMERCIAL TRAILER,12176,Strick Commercial Trailer,1985,Smooth Side,,6,UNITED STATES (USA),,MONROE,,,,,61,Trailer,,,,,,,4,Straight Semi/Semi Trailer,53.000,Dry Freight Van,2,3,Tandem
17,Illinois,170685,1,1,1JJV532D*HL******,2024-03-15 02:12:38,0,6,TRAILER,14508,WABASH NATIONAL CORPORATION,12319,WABASH VANS,10942,Dry Van Duraplate,2017,,,6,UNITED STATES (USA),INDIANA,LAFAYETTE,,,,,61,Trailer,,,,,36,Van Trailer,,,53.000,,2,,
17,Illinois,170685,3,1,1UYVS253*GU******,2024-03-15 02:12:38,0,6,TRAILER,10289,UTILITY TRAILER MANUFACTURING COMPANY,10138,UTILITY TRAILER MANUFACTURER,26222,Utility Trailer Manufacturer,2016,,,6,UNITED STATES (USA),UTAH,CLEARFIELD,,,,,61,Trailer,,,,,36,Van Trailer,4,Straight Semi/Semi Trailer,53.000,,2,,
17,Illinois,170687,2,1,1GRAP062*JJ******,2024-03-15 02:12:38,0,6,TRAILER,1073,GREAT DANE TRAILERS,520,GREAT DANE TRAILERS,13436,Great Dane Trailers,2018,,,6,UNITED STATES (USA),ARKANSAS,JONESBORO,,,,,61,Trailer,,,,,36,Van Trailer,4,Straight Semi/Semi Trailer,53.000,"Semitrailer - Dry Freight Van, Reefer Van, Insulated Van",2,,
17,Illinois,170692,2,1,1GRAA062*CB******,2024-03-15 02:12:38,0,6,TRAILER,1073,GREAT DANE TRAILERS,520,GREAT DANE TRAILERS,13436,Great Dane Trailers,2012,,,6,UNITED STATES (USA),INDIANA,BRAZIL,,,,,61,Trailer,,,,,,,4,Straight Semi/Semi Trailer,53.000,Dry Freight Van / Reefer Van / Insulated Van,2,,
17,Illinois,170703,2,1,1UYVS253*8U******,2024-03-15 02:12:38,0,6,TRAILER,10289,UTILITY TRAILER MANUFACTURING COMPANY,10138,UTILITY TRAILER MANUFACTURER,26222,Utility Trailer Manufacturer,2008,,,6,UNITED STATES (USA),UTAH,CLEARFIELD,,,,,61,Trailer,,,,,36,Van Trailer,4,Straight Semi/Semi Trailer,53.000,,2,,
17,Illinois,170706,1,1,1GRAA062*GT******,2024-03-15 02:12:38,0,6,TRAILER,1073,GREAT DANE TRAILERS,520,GREAT DANE TRAILERS,13436,Great Dane Trailers,2016,,,6,UNITED STATES (USA),INDIANA,TERRE HAUTE,,,,,61,Trailer,,,,,,,4,Straight Semi/Semi Trailer,53.000,Dry Freight Van / Reefer Van / Insulated Van,2,,
17,Illinois,170706,3,1,1UYVS253*GP******,2024-03-15 02:12:38,0,6,TRAILER,10289,UTILITY TRAILER MANUFACTURING COMPANY,10138,UTILITY TRAILER MANUFACTURER,26222,Utility Trailer Manufacturer,2016,,,6,UNITED STATES (USA),ARKANSAS,PARAGOULD,,,,,61,Trailer,,,,,36,Van Trailer,4,Straight Semi/Semi Trailer,53.000,,2,,
17,Illinois,170722,1,1,1JJV532D*LL******,2024-03-15 02:12:38,0,6,TRAILER,14508,WABASH NATIONAL CORPORATION,12319,WABASH VANS,10942,Dry Van Duraplate,2020,,,6,UNITED STATES (USA),INDIANA,LAFAYETTE,,,,,61,Trailer,,,,,36,Van Trailer,,,53.000,,2,,
17,Illinois,170722,2,1,1GR1P062*NL******,2024-03-15 02:12:38,0,6,TRAILER,1073,GREAT DANE TRAILERS,520,GREAT DANE TRAILERS,13436,Great Dane Trailers,2022,,,6,UNITED STATES (USA),PENNSYLVANIA,ELYSBURG,,,,,61,Trailer,,,,,,,6,Kingpin,53.000,"Semitrailer - dry freight, reefer, or insulated van",2,,
17,Illinois,170727,1,1,5V8VA532*CM******,2024-03-15 02:12:38,0,6,TRAILER,16522,VANGUARD NATIONAL TRAILER CORPORTATION,6474,VANGUARD NATIONAL TRAILER CORPORATION (VNTC),17782,VANGUARD NATIONAL TRAILER CORPORATION (VNTC),2012,,,6,UNITED STATES (USA),INDIANA,MONON,,,,,61,Trailer,,,,,,,,,53.000,Interior Post Aluminum Semi Trailer,2,3,Tandem
17,Illinois,170729,1,1,1UYVS253*P7******,2024-03-15 02:12:38,0,6,TRAILER,10289,UTILITY TRAILER MANUFACTURING COMPANY,10138,UTILITY TRAILER MANUFACTURER,26222,Utility Trailer Manufacturer,2023,,,6,UNITED STATES (USA),VIRGINIA,GLADE SPRING,,,,,61,Trailer,,,,,36,Van Trailer,4,Straight Semi/Semi Trailer,53.000,,2,,
17,Illinois,170776,2,1,1DW1A452*JS******,2024-03-15 02:12:38,0,6,TRAILER,13506,"STOUGHTON TRAILERS, INC.",3414,STOUGHTON TRAILERS,7701,Stoughton trailers,2018,,,6,UNITED STATES (USA),WISCONSIN,STOUGHTON,"Stoughton Trailers, INC",,,,61,Trailer,,,,,36,Van Trailer,4,Straight Semi/Semi Trailer,45.000,,2,,
17,Illinois,170778,2,1,1JJV532B*GL******,2024-03-15 02:12:38,0,6,TRAILER,14508,WABASH NATIONAL CORPORATION,12319,WABASH VANS,10945,Refrigerated Van,2016,,,6,UNITED STATES (USA),INDIANA,LAFAYETTE,,,,,61,Trailer,,,,,36,Van Trailer,,,53.000,,2,,
17,Illinois,170782,2,1,1TDH4222*7B******,2024-03-15 02:12:38,0,6,TRAILER,8330,TIMPTE INC.,5331,"TIMPTE, INC",13636,Timpte,2007,,,6,UNITED STATES (USA),NEBRASKA,DAVID CITY,,,,"Seventh VIN position indicates the additional length of the trailer to the nearest inch up to 9 inches. If the additional length is 10 inches or more the seventh character is zero (0) and the sixth character will be increased to the next foot. For example : a 42ft 9in trailer will be represent in VIN position 5, 6 & 7 as ""429"" and a 42ft 10in. trailer will be represented in VIN position 5 , 6 & 7 as ""430"" respectively.",61,Trailer,,,,,174,Dry Bulk Trailer,,,42.000,Dry Bulk-Bottom Hopper,2,,
17,Illinois,170782,4,1,1TTF4820*81******,2024-03-15 02:12:38,0,6,TRAILER,8231,TRANSCRAFT CORPORATION,10511,TRANSCRAFT,28401,Transcraft,2008,,,6,UNITED STATES (USA),ILLINOIS,ANNA,,,,,61,Trailer,,,,,6,Flat Bed Trailer/Platform Trailer,6,Kingpin,48.000,Platform,2,,
17,Illinois,170784,2,1,1UYVS253*CM******,2024-03-15 02:12:38,0,6,TRAILER,10289,UTILITY TRAILER MANUFACTURING COMPANY,10138,UTILITY TRAILER MANUFACTURER,26222,Utility Trailer Manufacturer,2012,,,6,UNITED STATES (USA),VIRGINIA,MARION,,,,,61,Trailer,,,,,36,Van Trailer,4,Straight Semi/Semi Trailer,53.000,,2,,
17,Illinois,170801,2,1,1GRAA062*FT******,2024-03-15 02:12:38,0,6,TRAILER,1073,GREAT DANE TRAILERS,520,GREAT DANE TRAILERS,13436,Great Dane Trailers,2015,,,6,UNITED STATES (USA),INDIANA,TERRE HAUTE,,,,,61,Trailer,,,,,,,4,Straight Semi/Semi Trailer,53.000,Dry Freight Van / Reefer Van / Insulated Van,2,,
17,Illinois,170821,1,1,1UYFS248*K5******,2024-03-15 02:12:38,0,6,TRAILER,10289,UTILITY TRAILER MANUFACTURING COMPANY,10138,UTILITY TRAILER MANUFACTURER,26222,Utility Trailer Manufacturer,2019,,,6,UNITED STATES (USA),ALABAMA,ENTERPRISE,,,,,61,Trailer,,,,,6,Flat Bed Trailer/Platform Trailer,4,Straight Semi/Semi Trailer,48.000,,2,,
17,Illinois,170821,2,1,1RNF48A2*LR******,2024-03-15 02:12:38,0,6,TRAILER,3579,"REITNOUER, INC.",5594,REITNOUER INC,14493,Reitnouer Inc Trailers,2020,,,6,UNITED STATES (USA),PENNSYLVANIA,READING,,,,,61,Trailer,9,"Class 8: 33,001 lb and above (14,969 kg and above)",,,6,Flat Bed Trailer/Platform Trailer,6,Kingpin,48.000,Airride,2,,
17,Illinois,170856,2,1,3B9TS71E*DG007***,2024-03-15 02:12:38,0,6,TRAILER,11798,BULK TANK INTERNATIONAL S DE RL DE CV,1092,BULK TANK INTERNATIONAL,4372,Bulk Tank International,2013,,,12,MEXICO,GUANAJUATO,SAN JOSE ITURBIDE,,,,,61,Trailer,,,,,102,Standard,,,,Vessel Material: Stainless Steel,,,
17,Illinois,170859,1,1,LJRC4126*71******,2024-03-15 02:12:38,0,6,TRAILER,9950,"CIMC VEHICLES GROUP CO., LTD.",4101,CIMC VEHICLES GROUP CO,8811,CIMC VEHICLES GROUP CO,2007,,,8,CHINA,,SHENZHEN,,,,"GVWR = 30,000-34,990kg",61,Trailer,9,"Class 8: 33,001 lb and above (14,969 kg and above)",,,109,Container Chassis/Container Trailer,,,41.000,,2,,
17,Illinois,170885,2,1,5JW1U182*L1******,2024-03-15 02:12:38,0,6,TRAILER,9916,NOVAE LLC,2410,SURE-TRAC,6193,Sure-Trac Trailers,2020,,,6,UNITED STATES (USA),INDIANA,MARKLE,,,,,61,Trailer,,,,,16,Utility Trailer,1,Ball Type Pull,18.000,Open Body,2,,
17,Illinois,170917,3,1,1E1D2Y28*6R******,2024-03-15 02:12:38,0,6,TRAILER,5338,EAST MANUFACTURING CORP.,1334,EAST MANUFACTURING CORP.,4686,East Manufacturing Corp,2006,,,6,UNITED STATES (USA),OHIO,RANDOLPH,,,,,61,Trailer,9,"Class 8: 33,001 lb and above (14,969 kg and above)",,,4,Dump Trailer/Dumping Trailer,,,48.000,Aluminum Body - Aluminum Frame,2,,
17,Illinois,170919,3,1,1JJV532D*ML******,2024-03-15 02:12:38,0,6,TRAILER,14508,WABASH NATIONAL CORPORATION,12319,WABASH VANS,10942,Dry Van Duraplate,2021,,,6,UNITED STATES (USA),INDIANA,LAFAYETTE,,,,,61,Trailer,,,,,36,Van Trailer,,,53.000,,2,,
17,Illinois,170933,1,1,1JJV532D*ML******,2024-03-15 02:12:38,0,6,TRAILER,14508,WABASH NATIONAL CORPORATION,12319,WABASH VANS,10942,Dry Van Duraplate,2021,,,6,UNITED STATES (USA),INDIANA,LAFAYETTE,,,,,61,Trailer,,,,,36,Van Trailer,,,53.000,,2,,
17,Illinois,170942,2,1,1JJV532D*LL******,2024-03-15 02:12:38,0,6,TRAILER,14508,WABASH NATIONAL CORPORATION,12319,WABASH VANS,10942,Dry Van Duraplate,2020,,,6,UNITED STATES (USA),INDIANA,LAFAYETTE,,,,,61,Trailer,,,,,36,Van Trailer,,,53.000,,2,,
17,Illinois,170950,1,1,1JJV532D*CL******,2024-03-15 02:12:38,0,6,TRAILER,14508,WABASH NATIONAL CORPORATION,12319,WABASH VANS,10942,Dry Van Duraplate,2012,,,6,UNITED STATES (USA),INDIANA,LAFAYETTE,,,,,61,Trailer,,,,,36,Van Trailer,,,53.000,,2,,
17,Illinois,170952,1,1,10BFB723*BF******,2024-03-15 02:12:38,0,6,TRAILER,5083,BRENNER TANK LLC,1590,BRENNER TANK,5687,Brenner Tank,2011,,,6,UNITED STATES (USA),WISCONSIN,FOND DU LAC,Brenner Tank LLC.,,,,61,Trailer,,,,,172,Chemical Trailer,,,,Stainless Steel,2,3,Tandem
17,Illinois,170954,1,1,1JJV532B*HL******,2024-03-15 02:12:38,0,6,TRAILER,14508,WABASH NATIONAL CORPORATION,12319,WABASH VANS,10945,Refrigerated Van,2017,,,6,UNITED STATES (USA),INDIANA,LAFAYETTE,,,,,61,Trailer,,,,,36,Van Trailer,,,53.000,,2,,
17,Illinois,170955,2,1,1GRDM062*DH******,2024-03-15 02:12:38,0,6,TRAILER,1073,GREAT DANE TRAILERS,520,GREAT DANE TRAILERS,13436,Great Dane Trailers,2013,,,6,UNITED STATES (USA),TENNESSEE,HUNTSVILLE,,,,,61,Trailer,,,,,,,4,Straight Semi/Semi Trailer,53.000,Platform,2,,
17,Illinois,170962,1,1,1UYVS253*EM******,2024-03-15 02:12:38,0,6,TRAILER,10289,UTILITY TRAILER MANUFACTURING COMPANY,10138,UTILITY TRAILER MANUFACTURER,26222,Utility Trailer Manufacturer,2014,,,6,UNITED STATES (USA),VIRGINIA,MARION,,,,,61,Trailer,,,,,36,Van Trailer,4,Straight Semi/Semi Trailer,53.000,,2,,
17,Illinois,170972,1,1,1UYVS253*EM******,2024-03-15 02:12:38,0,6,TRAILER,10289,UTILITY TRAILER MANUFACTURING COMPANY,10138,UTILITY TRAILER MANUFACTURER,26222,Utility Trailer Manufacturer,2014,,,6,UNITED STATES (USA),VIRGINIA,MARION,,,,,61,Trailer,,,,,36,Van Trailer,4,Straight Semi/Semi Trailer,53.000,,2,,
17,Illinois,170990,1,1,1TDH4222*EB******,2024-03-15 02:12:38,0,6,TRAILER,8330,TIMPTE INC.,5331,"TIMPTE, INC",13636,Timpte,2014,,,6,UNITED STATES (USA),NEBRASKA,DAVID CITY,,,,"Seventh VIN position indicates the additional length of the trailer to the nearest inch up to 9 inches. If the additional length is 10 inches or more the seventh character is zero (0) and the sixth character will be increased to the next foot. For example : a 42ft 9in trailer will be represent in VIN position 5, 6 & 7 as ""429"" and a 42ft 10in. trailer will be represented in VIN position 5 , 6 & 7 as ""430"" respectively.",61,Trailer,,,,,174,Dry Bulk Trailer,,,42.000,Dry Bulk-Bottom Hopper,2,,
17,Illinois,170991,2,1,1JJV532D*KL******,2024-03-15 02:12:38,0,6,TRAILER,14508,WABASH NATIONAL CORPORATION,12319,WABASH VANS,10942,Dry Van Duraplate,2019,,,6,UNITED STATES (USA),INDIANA,LAFAYETTE,,,,,61,Trailer,,,,,36,Van Trailer,,,53.000,,2,,
17,Illinois,171011,1,1,1GRAA962*HB******,2024-03-15 02:12:38,0,6,TRAILER,1073,GREAT DANE TRAILERS,520,GREAT DANE TRAILERS,13436,Great Dane Trailers,2017,,,6,UNITED STATES (USA),INDIANA,BRAZIL,,,,,61,Trailer,,,,,,,4,Straight Semi/Semi Trailer,48.000,Dry Freight Van / Reefer Van / Insulated Van,2,,
17,Illinois,171041,3,1,1UYVS253*J6******,2024-03-15 02:12:38,0,6,TRAILER,10289,UTILITY TRAILER MANUFACTURING COMPANY,10138,UTILITY TRAILER MANUFACTURER,26222,Utility Trailer Manufacturer,2018,,,6,UNITED STATES (USA),VIRGINIA,MARION,,,,,61,Trailer,,,,,36,Van Trailer,4,Straight Semi/Semi Trailer,53.000,,2,,
17,Illinois,171045,3,1,1JJV532W*2L******,2024-03-15 02:12:38,0,6,TRAILER,14508,WABASH NATIONAL CORPORATION,4847,WABASH,13327,Wabash National Corporation,2002,,,6,UNITED STATES (USA),INDIANA,LAFAYETTE,,,,,61,Trailer,,,,,36,Van Trailer,,,53.000,,2,,
17,Illinois,171067,2,1,4A2LD532*H3******,2024-03-15 02:12:38,0,6,TRAILER,5943,"M.H. EBY, INC.",5684,"M.H. EBY, INC",14899,"M.H. EBY, INC",2017,,,6,UNITED STATES (USA),IOWA,STORY CITY,,,,,61,Trailer,,,,,13,Livestock Trailer,,,53.000,Trailer Type: Possum Belly/Drop Floor Trailer,2,,
17,Illinois,171070,2,1,1GRAA802*FB******,2024-03-15 02:12:38,0,6,TRAILER,1073,GREAT DANE TRAILERS,520,GREAT DANE TRAILERS,13436,Great Dane Trailers,2015,,,6,UNITED STATES (USA),INDIANA,BRAZIL,,,,,61,Trailer,,,,,,,4,Straight Semi/Semi Trailer,40.000,Dry Freight Van / Reefer Van / Insulated Van,2,,
17,Illinois,171086,3,1,1UYVS248*L3******,2024-03-15 02:12:38,0,6,TRAILER,10289,UTILITY TRAILER MANUFACTURING COMPANY,10138,UTILITY TRAILER MANUFACTURER,26222,Utility Trailer Manufacturer,2020,,,6,UNITED STATES (USA),ARKANSAS,PARAGOULD,,,,,61,Trailer,,,,,36,Van Trailer,4,Straight Semi/Semi Trailer,48.000,,2,,
17,Illinois,171097,1,1,13N14820*P1******,2024-03-15 02:12:38,0,6,TRAILER,12268,FONTAINE COMMERCIAL PLATFORM,1128,FONTAINE TRAILER CO.,4416,Fontaine Trailer Co.,2023,,,6,UNITED STATES (USA),ALABAMA,HALEYVILLE,,,,Optional Features: None,61,Trailer,,,,,6,Flat Bed Trailer/Platform Trailer,,,48.000,,2,,
17,Illinois,171097,3,1,1UYVS253*GP******,2024-03-15 02:12:38,0,6,TRAILER,10289,UTILITY TRAILER MANUFACTURING COMPANY,10138,UTILITY TRAILER MANUFACTURER,26222,Utility Trailer Manufacturer,2016,,,6,UNITED STATES (USA),ARKANSAS,PARAGOULD,,,,,61,Trailer,,,,,36,Van Trailer,4,Straight Semi/Semi Trailer,53.000,,2,,
17,Illinois,171100,1,1,1JJV532B*KL******,2024-03-15 02:12:38,0,6,TRAILER,14508,WABASH NATIONAL CORPORATION,12319,WABASH VANS,10945,Refrigerated Van,2019,,,6,UNITED STATES (USA),INDIANA,LAFAYETTE,,,,,61,Trailer,,,,,36,Van Trailer,,,53.000,,2,,
17,Illinois,171121,2,1,3H3V532C*GT******,2024-03-15 02:12:38,0,6,TRAILER,14282,"HYUNDAI DE MEXICO, S.A. DE C.V.",4876,HYUNDAI TRANSLEAD TRAILERS,11496,Hyundai Translead Trailers,2016,,,12,MEXICO,BAJA CALIFORNIA,TIJUANA,,,,,61,Trailer,,,,,36,Van Trailer,,,53.000,Material: Aluminum/Steel,2,,
17,Illinois,171124,2,1,1UYVS253*K2******,2024-03-15 02:12:38,0,6,TRAILER,10289,UTILITY TRAILER MANUFACTURING COMPANY,10138,UTILITY TRAILER MANUFACTURER,26222,Utility Trailer Manufacturer,2019,,,6,UNITED STATES (USA),UTAH,CLEARFIELD,,,,,61,Trailer,,,,,36,Van Trailer,4,Straight Semi/Semi Trailer,53.000,,2,,
17,Illinois,171163,2,1,1UYVS253*K7******,2024-03-15 02:12:38,0,6,TRAILER,10289,UTILITY TRAILER MANUFACTURING COMPANY,10138,UTILITY TRAILER MANUFACTURER,26222,Utility Trailer Manufacturer,2019,,,6,UNITED STATES (USA),VIRGINIA,GLADE SPRING,,,,,61,Trailer,,,,,36,Van Trailer,4,Straight Semi/Semi Trailer,53.000,,2,,
18,Indiana,180057,1,1,1E1F9U28*VR******,2024-03-15 02:12:38,0,6,TRAILER,5338,EAST MANUFACTURING CORP.,1334,EAST MANUFACTURING CORP.,4686,East Manufacturing Corp,1997,,,6,UNITED STATES (USA),OHIO,RANDOLPH,,,,,61,Trailer,9,"Class 8: 33,001 lb and above (14,969 kg and above)",,,,,,,40.000,Frameless Trailer,2,,
18,Indiana,180127,2,1,1JJV532D*JL******,2024-03-15 02:12:38,0,6,TRAILER,14508,WABASH NATIONAL CORPORATION,12319,WABASH VANS,10942,Dry Van Duraplate,2018,,,6,UNITED STATES (USA),INDIANA,LAFAYETTE,,,,,61,Trailer,,,,,36,Van Trailer,,,53.000,,2,,
18,Indiana,180176,1,1,1UYVS253*H6******,2024-03-15 02:12:38,0,6,TRAILER,10289,UTILITY TRAILER MANUFACTURING COMPANY,10138,UTILITY TRAILER MANUFACTURER,26222,Utility Trailer Manufacturer,2017,,,6,UNITED STATES (USA),VIRGINIA,MARION,,,,,61,Trailer,,,,,36,Van Trailer,4,Straight Semi/Semi Trailer,53.000,,2,,
18,Indiana,180180,1,1,1E9T5680*7E007***,2024-03-15 02:12:38,1,6,TRAILER,12434,E.D. ETNYRE & CO.,9133,ETNYRE,23367,Etnyre,2007,,,6,UNITED STATES (USA),ILLINOIS,OREGON,,,,,61,Trailer,,,,,15,Tank Trailer,,,56.000,,8,,
18,Indiana,180223,1,1,2A92B482*6R023***,2024-03-15 02:12:38,0,6,TRAILER,10911,WALTRON TRAILERS INC.,8557,WALTRON LIMITED,22524,Waltron Limited,2006,,,1,CANADA,ONTARIO,RIDGETOWN,,,,,61,Trailer,,,,,2,Boat Trailer,,,48.000,Semi-Trailer pulled by Fifth Wheel,2,,
18,Indiana,180305,1,1,1GRAP062*FB******,2024-03-15 02:12:38,0,6,TRAILER,1073,GREAT DANE TRAILERS,520,GREAT DANE TRAILERS,13436,Great Dane Trailers,2015,,,6,UNITED STATES (USA),INDIANA,BRAZIL,,,,,61,Trailer,,,,,,,4,Straight Semi/Semi Trailer,53.000,Dry Freight Van / Reefer Van / Insulated Van,2,,
18,Indiana,180325,1,1,1JJV281D*KL******,2024-03-15 02:12:38,0,6,TRAILER,14508,WABASH NATIONAL CORPORATION,12319,WABASH VANS,10942,Dry Van Duraplate,2019,,,6,UNITED STATES (USA),INDIANA,LAFAYETTE,,,,,61,Trailer,,,,,36,Van Trailer,,,28.000,,1,,
18,Indiana,180325,1,2,1JJV281D*LL******,2024-03-15 02:12:38,0,6,TRAILER,14508,WABASH NATIONAL CORPORATION,12319,WABASH VANS,10942,Dry Van Duraplate,2020,,,6,UNITED STATES (USA),INDIANA,LAFAYETTE,,,,,61,Trailer,,,,,36,Van Trailer,,,28.000,,1,,
18,Indiana,180369,2,1,1JJV532W*4L******,2024-03-15 02:12:38,0,6,TRAILER,14508,WABASH NATIONAL CORPORATION,4847,WABASH,13327,Wabash National Corporation,2004,,,6,UNITED STATES (USA),INDIANA,LAFAYETTE,,,,,61,Trailer,,,,,36,Van Trailer,,,53.000,,2,,
18,Indiana,180395,1,1,1JJV532D*HL******,2024-03-15 02:12:38,0,6,TRAILER,14508,WABASH NATIONAL CORPORATION,12319,WABASH VANS,10942,Dry Van Duraplate,2017,,,6,UNITED STATES (USA),INDIANA,LAFAYETTE,,,,,61,Trailer,,,,,36,Van Trailer,,,53.000,,2,,
18,Indiana,180395,2,1,4U3J0482*JL******,2024-03-15 02:12:38,0,6,TRAILER,9213,"BULL MOOSE HEAVY HAUL, INC",6869,X-L SPECIALIZED TRAILERS INC,18367,X-L SPECIALIZED TRAILERS INC,2018,,,6,UNITED STATES (USA),IOWA,MANCHESTER,,,,,61,Trailer,,,,,,,,,48.000,"Front-loading Detachable/Non-Rigid Neck (MFG, MDE, HDG, HDE, Folding Goose Neck)",2,,
18,Indiana,180413,3,1,3H3V281C*FT******,2024-03-15 02:12:38,0,6,TRAILER,14282,"HYUNDAI DE MEXICO, S.A. DE C.V.",4876,HYUNDAI TRANSLEAD TRAILERS,11496,Hyundai Translead Trailers,2015,,,12,MEXICO,BAJA CALIFORNIA,TIJUANA,,,,,61,Trailer,,,,,36,Van Trailer,,,28.000,Material: Aluminum/Steel,1,,
18,Indiana,180413,3,2,1GRAA561*JB******,2024-03-15 02:12:38,0,6,TRAILER,1073,GREAT DANE TRAILERS,520,GREAT DANE TRAILERS,13436,Great Dane Trailers,2018,,,6,UNITED STATES (USA),INDIANA,BRAZIL,,,,,61,Trailer,,,,,36,Van Trailer,4,Straight Semi/Semi Trailer,28.000,"Semitrailer - Dry Freight Van, Reefer Van, Insulated Van",1,,
18,Indiana,180476,1,1,1UYVS253*CM******,2024-03-15 02:12:38,0,6,TRAILER,10289,UTILITY TRAILER MANUFACTURING COMPANY,10138,UTILITY TRAILER MANUFACTURER,26222,Utility Trailer Manufacturer,2012,,,6,UNITED STATES (USA),VIRGINIA,MARION,,,,,61,Trailer,,,,,36,Van Trailer,4,Straight Semi/Semi Trailer,53.000,,2,,
18,Indiana,180518,1,1,1UYVS253*L3******,2024-03-15 02:12:38,0,6,TRAILER,10289,UTILITY TRAILER MANUFACTURING COMPANY,10138,UTILITY TRAILER MANUFACTURER,26222,Utility Trailer Manufacturer,2020,,,6,UNITED STATES (USA),ARKANSAS,PARAGOULD,,,,,61,Trailer,,,,,36,Van Trailer,4,Straight Semi/Semi Trailer,53.000,,2,,
18,Indiana,180624,1,1,5VUTG142*LP******,2024-03-15 02:12:38,0,6,TRAILER,9208,"WYLIE & SON, INC. DBA WYLIE MANUFACTURING",4488,WYLIE,9441,Wylie,2020,,,6,UNITED STATES (USA),TEXAS,PETERSBURG,,,,,61,Trailer,,,,,15,Tank Trailer,,,14.000,Trailer Type: Tag Trailer,2,,
18,Indiana,180641,2,1,1JJV532D*ML******,2024-03-15 02:12:38,0,6,TRAILER,14508,WABASH NATIONAL CORPORATION,12319,WABASH VANS,10942,Dry Van Duraplate,2021,,,6,UNITED STATES (USA),INDIANA,LAFAYETTE,,,,,61,Trailer,,,,,36,Van Trailer,,,53.000,,2,,
18,Indiana,180665,2,1,1JJF452F*WS******,2024-03-15 02:12:38,0,6,TRAILER,14508,WABASH NATIONAL CORPORATION,4963,FRUEHUAF,12125,Fruehuaf,1998,,,6,UNITED STATES (USA),TENNESSEE,SCOTT COUNTY,,,,,61,Trailer,,,,,6,Flat Bed Trailer/Platform Trailer,,,45.000,,2,,
18,Indiana,180667,2,1,1E1F9U28*FR******,2024-03-15 02:12:38,0,6,TRAILER,5338,EAST MANUFACTURING CORP.,1334,EAST MANUFACTURING CORP.,4686,East Manufacturing Corp,2015,,,6,UNITED STATES (USA),OHIO,RANDOLPH,,,,,61,Trailer,9,"Class 8: 33,001 lb and above (14,969 kg and above)",,,,,,,40.000,Frameless Trailer,2,,
18,Indiana,180719,1,1,3B9TS71E*DG007***,2024-03-15 02:12:38,0,6,TRAILER,11798,BULK TANK INTERNATIONAL S DE RL DE CV,1092,BULK TANK INTERNATIONAL,4372,Bulk Tank International,2013,,,12,MEXICO,GUANAJUATO,SAN JOSE ITURBIDE,,,,,61,Trailer,,,,,102,Standard,,,,Vessel Material: Stainless Steel,,,
18,Indiana,180722,2,1,5WUBU121*NF******,2024-03-15 02:12:38,0,6,TRAILER,10304,"LAWRIMORE MANUFACTURING, INC",2273,LAWRIMORE MANUFACTURING,6085,Lawrimore Manufacturing,2022,,,6,UNITED STATES (USA),ALABAMA,FALKVILLE,,,,,61,Trailer,,,,,16,Utility Trailer,1,Ball Type Pull,12.000,,1,,
18,Indiana,180764,2,1,1UYVS253*K2******,2024-03-15 02:12:38,0,6,TRAILER,10289,UTILITY TRAILER MANUFACTURING COMPANY,10138,UTILITY TRAILER MANUFACTURER,26222,Utility Trailer Manufacturer,2019,,,6,UNITED STATES (USA),UTAH,CLEARFIELD,,,,,61,Trailer,,,,,36,Van Trailer,4,Straight Semi/Semi Trailer,53.000,,2,,
18,Indiana,180811,1,1,1GR1P062*PD******,2024-03-15 02:12:38,0,6,TRAILER,1073,GREAT DANE TRAILERS,520,GREAT DANE TRAILERS,13436,Great Dane Trailers,2023,,,6,UNITED STATES (USA),PENNSYLVANIA,DANVILLE,,,,,61,Trailer,,,,,,,6,Kingpin,53.000,"Semitrailer - dry freight, reefer, or insulated van",2,,
18,Indiana,180854,2,1,5MADN402*FC******,2024-03-15 02:12:38,0,6,TRAILER,5950,"MAC TRAILER MFG, INC.",6826,MAC TRAILER MANUFACTURING,18288,MAC TRAILER MANUFACTURING,2015,,,6,UNITED STATES (USA),OHIO,ALLIANCE,,,,Commerce Street,61,Trailer,,,,,4,Dump Trailer/Dumping Trailer,,,40.000,No Frame,2,,
18,Indiana,180887,2,1,1E9E5G52*NA505***,2024-03-15 02:12:38,0,6,TRAILER,7751,"E-PAK MANUFACTURING, LLC",1270,E-PAK MANUFACTURING,4605,E-PAK MANUFACTURING,2022,,,6,UNITED STATES (USA),OHIO,WOOSTER,,,,,61,Trailer,,,,,101,Other,5,Fifth Wheel,53.000,Gondola Trailer,2,,
18,Indiana,180902,1,1,1V9FC482*EN062***,2024-03-15 02:12:38,0,6,TRAILER,10999,VIKING TRAILERS,5688,VIKING TRAILER,14907,Viking Trailer,2014,Center Frame Trailer,,6,UNITED STATES (USA),TEXAS,NACOGDOCHES,,,,,61,Trailer,,,,,6,Flat Bed Trailer/Platform Trailer,,,48.000,,2,,
19,Iowa,190018,2,1,4A2LD532*G3******,2024-03-15 02:12:38,0,6,TRAILER,5943,"M.H. EBY, INC.",5684,"M.H. EBY, INC",14899,"M.H. EBY, INC",2016,,,6,UNITED STATES (USA),IOWA,STORY CITY,,,,,61,Trailer,,,,,13,Livestock Trailer,,,53.000,Trailer Type: Possum Belly/Drop Floor Trailer,2,,
19,Iowa,190019,2,1,1UYVS253*N3******,2024-03-15 02:12:38,0,6,TRAILER,10289,UTILITY TRAILER MANUFACTURING COMPANY,10138,UTILITY TRAILER MANUFACTURER,26222,Utility Trailer Manufacturer,2022,,,6,UNITED STATES (USA),ARKANSAS,PARAGOULD,,,,,61,Trailer,,,,,36,Van Trailer,4,Straight Semi/Semi Trailer,53.000,,2,,
19,Iowa,190027,1,1,527SR532*HL******,2024-03-15 02:12:38,0,6,TRAILER,6703,CIMC REEFER TRAILER INC.,1561,"CIMC REEFER TRAILER,INC",4978,"CIMC REEFER TRAILER,INC.",2017,,,6,UNITED STATES (USA),CALIFORNIA,LOS ANGELES,"CIMC Reefer Trailer,Inc",,,,61,Trailer,,,,,36,Van Trailer,4,Straight Semi/Semi Trailer,53.000,Trailer Body Type: Reefer Van Trailer,2,,
19,Iowa,190030,2,1,1GRAA062*JK******,2024-03-15 02:12:38,0,6,TRAILER,1073,GREAT DANE TRAILERS,520,GREAT DANE TRAILERS,13436,Great Dane Trailers,2018,,,6,UNITED STATES (USA),ILLINOIS,KEWANEE,,,,,61,Trailer,,,,,36,Van Trailer,4,Straight Semi/Semi Trailer,53.000,"Semitrailer - Dry Freight Van, Reefer Van, Insulated Van",2,,
19,Iowa,190031,2,1,1UYVS248*L2******,2024-03-15 02:12:38,0,6,TRAILER,10289,UTILITY TRAILER MANUFACTURING COMPANY,10138,UTILITY TRAILER MANUFACTURER,26222,Utility Trailer Manufacturer,2020,,,6,UNITED STATES (USA),UTAH,CLEARFIELD,,,,,61,Trailer,,,,,36,Van Trailer,4,Straight Semi/Semi Trailer,48.000,,2,,
19,Iowa,190044,2,1,5MAPA482*LA******,2024-03-15 02:12:38,0,6,TRAILER,5950,"MAC TRAILER MFG, INC.",6826,MAC TRAILER MANUFACTURING,18288,MAC TRAILER MANUFACTURING,2020,,,6,UNITED STATES (USA),,SALEM,ALLEN ROAD 20,,,,61,Trailer,,,,,6,Flat Bed Trailer/Platform Trailer,6,Kingpin,48.000,Body with Aluminum Frame,2,,
19,Iowa,190045,1,1,1GRAP062*CT******,2024-03-15 02:12:38,0,6,TRAILER,1073,GREAT DANE TRAILERS,520,GREAT DANE TRAILERS,13436,Great Dane Trailers,2012,,,6,UNITED STATES (USA),INDIANA,TERRE HAUTE,,,,,61,Trailer,,,,,,,4,Straight Semi/Semi Trailer,53.000,Dry Freight Van / Reefer Van / Insulated Van,2,,
19,Iowa,190046,2,1,1UYFS253*CA******,2024-03-15 02:12:38,0,6,TRAILER,10289,UTILITY TRAILER MANUFACTURING COMPANY,10138,UTILITY TRAILER MANUFACTURER,26222,Utility Trailer Manufacturer,2012,,,6,UNITED STATES (USA),ALABAMA,ENTERPRISE,,,,,61,Trailer,,,,,6,Flat Bed Trailer/Platform Trailer,4,Straight Semi/Semi Trailer,53.000,,2,,
19,Iowa,190051,2,1,16VGX202*K6******,2024-03-15 02:12:38,0,6,TRAILER,9132,"BIG TEX TRAILER MANUFACTURING, LLC",1136,BIG TEX,5625,Big Tex,2019,,,6,UNITED STATES (USA),TEXAS,WILLS POINT,"Big Tex Trailer Manufacturing, Inc.",,,,61,Trailer,,,,,16,Utility Trailer,3,Gooseneck,20.000,,2,,
19,Iowa,190073,2,1,1GRDM962*EH******,2024-03-15 02:12:38,0,6,TRAILER,1073,GREAT DANE TRAILERS,520,GREAT DANE TRAILERS,13436,Great Dane Trailers,2014,,,6,UNITED STATES (USA),TENNESSEE,HUNTSVILLE,,,,,61,Trailer,,,,,,,4,Straight Semi/Semi Trailer,48.000,Platform,2,,
19,Iowa,190076,2,1,1GR1A062*NW******,2024-03-15 02:12:38,0,6,TRAILER,1073,GREAT DANE TRAILERS,520,GREAT DANE TRAILERS,13436,Great Dane Trailers,2022,,,6,UNITED STATES (USA),NEBRASKA,WAYNE,,,,,61,Trailer,,,,,,,6,Kingpin,53.000,"Semitrailer - dry freight, reefer, or insulated van",2,,
19,Iowa,190092,1,1,527SR532*LL******,2024-03-15 02:12:38,0,6,TRAILER,6703,CIMC REEFER TRAILER INC.,1561,"CIMC REEFER TRAILER,INC",4978,"CIMC REEFER TRAILER,INC.",2020,,,6,UNITED STATES (USA),CALIFORNIA,LOS ANGELES,"CIMC Reefer Trailer,Inc",,,,61,Trailer,,,,,36,Van Trailer,4,Straight Semi/Semi Trailer,53.000,Trailer Body Type: Reefer Van Trailer,2,,
19,Iowa,190097,2,1,1GR1P062*LT******,2024-03-15 02:12:38,0,6,TRAILER,1073,GREAT DANE TRAILERS,520,GREAT DANE TRAILERS,13436,Great Dane Trailers,2020,,,6,UNITED STATES (USA),INDIANA,TERRE HAUTE,,,,,61,Trailer,,,,,,,6,Kingpin,53.000,"Semitrailer - dry freight, reefer, or insulated van",2,,
19,Iowa,190099,1,1,4YDT19F2*DD******,2024-03-15 02:12:38,0,6,TRAILER,2347,KEYSTONE RV,7615,KEYSTONE,20555,Keystone,2013,,,6,UNITED STATES (USA),INDIANA,GOSHEN,702,,,Arbitrary Final Digit,61,Trailer,,,,,21,Travel Trailer,14,Bumper Pull,19.000,Recreational Vehicle,2,,
19,Iowa,190099,2,1,573FM423*G1******,2024-03-15 02:12:38,0,6,TRAILER,12235,"GRAND DESIGN RV, LLC",1336,GRAND DESIGN RECREATIONAL,18131,Momentum,2016,Wide Body,,6,UNITED STATES (USA),INDIANA,MIDDLEBURY,Plant 1,,,,61,Trailer,,,,,26,Fifth Wheel,,,42.000,Wide Body,3,,
19,Iowa,190117,2,1,575CB121*FH******,2024-03-15 02:12:38,0,6,TRAILER,16014,"UNIVERSAL TRAILER CARGO GROUP, INC.",6061,HAULMARK,15856,Haulmark Trailer,2015,,,6,UNITED STATES (USA),INDIANA,BRISTOL,,,,,61,Trailer,,,,,101,Other,30,Other,12.000,Enclosed or Flatbed Trailer,1,,
19,Iowa,190155,1,1,1JJV532D*BL******,2024-03-15 02:12:38,0,6,TRAILER,14508,WABASH NATIONAL CORPORATION,12319,WABASH VANS,10942,Dry Van Duraplate,2011,,,6,UNITED STATES (USA),INDIANA,LAFAYETTE,,,,,61,Trailer,,,,,36,Van Trailer,,,53.000,,2,,
19,Iowa,190160,1,1,5JWFF222*MN******,2024-03-15 02:12:38,0,6,TRAILER,9916,NOVAE LLC,2158,H & H TRAILERS,5933,H & H Trailers,2021,,,6,UNITED STATES (USA),IOWA,CLARINDA (NOVAE),,,,,61,Trailer,,,,,16,Utility Trailer,1,Ball Type Pull,22.000,HDL High Deck,2,,
19,Iowa,190161,1,1,1TDH4222*9B******,2024-03-15 02:12:38,0,6,TRAILER,8330,TIMPTE INC.,5331,"TIMPTE, INC",13636,Timpte,2009,,,6,UNITED STATES (USA),NEBRASKA,DAVID CITY,,,,"Seventh VIN position indicates the additional length of the trailer to the nearest inch up to 9 inches. If the additional length is 10 inches or more the seventh character is zero (0) and the sixth character will be increased to the next foot. For example : a 42ft 9in trailer will be represent in VIN position 5, 6 & 7 as ""429"" and a 42ft 10in. trailer will be represented in VIN position 5 , 6 & 7 as ""430"" respectively.",61,Trailer,,,,,174,Dry Bulk Trailer,,,42.000,Dry Bulk-Bottom Hopper,2,,
19,Iowa,190168,2,1,1KKVE281*1L******,2024-03-15 02:12:38,0,6,TRAILER,2340,KENTUCKY MANUFACTURING CO.,2048,KENTUCKY,30822,Electronics Trailer,2001,,,6,UNITED STATES (USA),KENTUCKY,LOUISVILLE,Kentucky Manufacturing Co.,,,,61,Trailer,,,,,36,Van Trailer,,,28.000,,1,,
19,Iowa,190196,2,1,4A2LD532*N3******,2024-03-15 02:12:38,0,6,TRAILER,5943,"M.H. EBY, INC.",5684,"M.H. EBY, INC",14899,"M.H. EBY, INC",2022,,,6,UNITED STATES (USA),IOWA,STORY CITY,,,,,61,Trailer,,,,,13,Livestock Trailer,,,53.000,Trailer Type: Possum Belly/Drop Floor Trailer,2,,
19,Iowa,190197,2,1,5V8VA532*MM******,2024-03-15 02:12:38,0,6,TRAILER,16522,VANGUARD NATIONAL TRAILER CORPORTATION,6474,VANGUARD NATIONAL TRAILER CORPORATION (VNTC),17782,VANGUARD NATIONAL TRAILER CORPORATION (VNTC),2021,,,6,UNITED STATES (USA),INDIANA,MONON,,,,,61,Trailer,,,,,186,Dry Freight,6,Kingpin,53.000,"Interior Post Aluminum Sheet Trailer (VIP, MaxCube)",,3,Tandem
19,Iowa,190208,2,1,4P5FS252*81******,2024-03-15 02:12:38,0,6,TRAILER,16013,"PJ TRAILERS MANUFACTURING, INC.",6060,PJ,28324,PJ,2008,,,6,UNITED STATES (USA),TEXAS,SUMNER,,,,,61,Trailer,,,,,57,Flat Deck Trailer,30,Other,25.000,Variable HITCH based on Size/Type of Trailer,2,,
19,Iowa,190233,2,1,5FTCF383*L1******,2024-03-15 02:12:38,0,6,TRAILER,6919,FELLING TRAILERS,4771,FELLING TRAILERS,10467,Felling Trailers,2020,,,6,UNITED STATES (USA),MINNESOTA,SAUK CENTRE,,,,,61,Trailer,,,,,6,Flat Bed Trailer/Platform Trailer,2,Pintle Hitch/Hook,38.000,,3,,
19,Iowa,190235,1,1,1TDH4222*MB******,2024-03-15 02:12:38,0,6,TRAILER,8330,TIMPTE INC.,5331,"TIMPTE, INC",13636,Timpte,2021,,,6,UNITED STATES (USA),NEBRASKA,DAVID CITY,,,,"Seventh VIN position indicates the additional length of the trailer to the nearest inch up to 9 inches. If the additional length is 10 inches or more the seventh character is zero (0) and the sixth character will be increased to the next foot. For example : a 42ft 9in trailer will be represent in VIN position 5, 6 & 7 as ""429"" and a 42ft 10in. trailer will be represented in VIN position 5 , 6 & 7 as ""430"" respectively.",61,Trailer,,,,,174,Dry Bulk Trailer,,,42.000,Bottom Hopper,2,,
19,Iowa,190252,2,1,4P5FS252*D1******,2024-03-15 02:12:38,0,6,TRAILER,16013,"PJ TRAILERS MANUFACTURING, INC.",6060,PJ,28324,PJ,2013,,,6,UNITED STATES (USA),TEXAS,SUMNER,,,,,61,Trailer,,,,,57,Flat Deck Trailer,30,Other,25.000,Variable HITCH based on Size/Type of Trailer,2,,
19,Iowa,190267,2,1,1UYVS252*N2******,2024-03-15 02:12:38,1,6,TRAILER,10289,UTILITY TRAILER MANUFACTURING COMPANY,10138,UTILITY TRAILER MANUFACTURER,26222,Utility Trailer Manufacturer,2022,,,6,UNITED STATES (USA),UTAH,CLEARFIELD,,,,,61,Trailer,,,,,36,Van Trailer,4,Straight Semi/Semi Trailer,52.000,,2,,
19,Iowa,190269,2,1,1GRAP062*DT******,2024-03-15 02:12:38,0,6,TRAILER,1073,GREAT DANE TRAILERS,520,GREAT DANE TRAILERS,13436,Great Dane Trailers,2013,,,6,UNITED STATES (USA),INDIANA,TERRE HAUTE,,,,,61,Trailer,,,,,,,4,Straight Semi/Semi Trailer,53.000,Dry Freight Van / Reefer Van / Insulated Van,2,,
19,Iowa,190269,3,1,3H3V532C*KT******,2024-03-15 02:12:38,0,6,TRAILER,14282,"HYUNDAI DE MEXICO, S.A. DE C.V.",4876,HYUNDAI TRANSLEAD TRAILERS,11496,Hyundai Translead Trailers,2019,,,12,MEXICO,BAJA CALIFORNIA,TIJUANA,,,,,61,Trailer,,,,,36,Van Trailer,,,53.000,Material: Aluminum/Steel,2,,
19,Iowa,190269,4,1,1GRAA062*ET******,2024-03-15 02:12:38,0,6,TRAILER,1073,GREAT DANE TRAILERS,520,GREAT DANE TRAILERS,13436,Great Dane Trailers,2014,,,6,UNITED STATES (USA),INDIANA,TERRE HAUTE,,,,,61,Trailer,,,,,,,4,Straight Semi/Semi Trailer,53.000,Dry Freight Van / Reefer Van / Insulated Van,2,,
19,Iowa,190276,1,1,1JJV532B*BL******,2024-03-15 02:12:38,0,6,TRAILER,14508,WABASH NATIONAL CORPORATION,12319,WABASH VANS,10945,Refrigerated Van,2011,,,6,UNITED STATES (USA),INDIANA,LAFAYETTE,,,,,61,Trailer,,,,,36,Van Trailer,,,53.000,,2,,
19,Iowa,190283,1,1,1GR4M962*PH******,2024-03-15 02:12:38,0,6,TRAILER,1073,GREAT DANE TRAILERS,520,GREAT DANE TRAILERS,13436,Great Dane Trailers,2023,,,6,UNITED STATES (USA),TENNESSEE,HUNTSVILLE,,,,,61,Trailer,,,,,,,6,Kingpin,48.000,Semitrailer - platform,2,,
19,Iowa,190284,1,1,4WW4432A*H7******,2024-03-15 02:12:38,0,6,TRAILER,11681,WILSON TRAILER CO.,3855,WILSON TRAILER CO.,8390,Wilson Trailer Co.,2017,,,6,UNITED STATES (USA),SOUTH DAKOTA,LENNOX,,,,Type of suspension: Air Ride,61,Trailer,,,,,101,Other,,,43.000,Grain Trailer,2,,
19,Iowa,190286,1,1,1W16532A*K5******,2024-03-15 02:12:38,1,6,TRAILER,11681,WILSON TRAILER CO.,10450,WILSON,27561,Wilson,2019,,,6,UNITED STATES (USA),SOUTH DAKOTA,YANKTON,,,,Type of suspension: Air Ride,61,Trailer,,,,,53,Livestock - Cattle Trailer,,,53.000,,2,,
19,Iowa,190293,1,1,5V8VC532*PT******,2024-03-15 02:12:38,0,6,TRAILER,16522,VANGUARD NATIONAL TRAILER CORPORTATION,6474,VANGUARD NATIONAL TRAILER CORPORATION (VNTC),17782,VANGUARD NATIONAL TRAILER CORPORATION (VNTC),2023,,,6,UNITED STATES (USA),GEORGIA,TRENTON,,,,,61,Trailer,,,,,186,Dry Freight,6,Kingpin,53.000,Composite Plate Semitrailer (VXP),,3,Tandem
19,Iowa,190302,2,1,1JJV532D*KL******,2024-03-15 02:12:38,0,6,TRAILER,14508,WABASH NATIONAL CORPORATION,12319,WABASH VANS,10942,Dry Van Duraplate,2019,,,6,UNITED STATES (USA),INDIANA,LAFAYETTE,,,,,61,Trailer,,,,,36,Van Trailer,,,53.000,,2,,
20,Kansas,200004,2,1,1RNF48A2*LR******,2024-03-15 02:12:38,0,6,TRAILER,3579,"REITNOUER, INC.",5594,REITNOUER INC,14493,Reitnouer Inc Trailers,2020,,,6,UNITED STATES (USA),PENNSYLVANIA,READING,,,,,61,Trailer,9,"Class 8: 33,001 lb and above (14,969 kg and above)",,,6,Flat Bed Trailer/Platform Trailer,6,Kingpin,48.000,Airride,2,,
20,Kansas,200010,2,1,1JJV532D*DL******,2024-03-15 02:12:38,0,6,TRAILER,14508,WABASH NATIONAL CORPORATION,12319,WABASH VANS,10942,Dry Van Duraplate,2013,,,6,UNITED STATES (USA),INDIANA,LAFAYETTE,,,,,61,Trailer,,,,,36,Van Trailer,,,53.000,,2,,
20,Kansas,200025,2,1,5WSAWA32*FN******,2024-03-15 02:12:38,0,6,TRAILER,10142,WALKER STAINLESS EQUIPMENT CO,6978,WALKER,18560,DOT/TC-406,2015,,,6,UNITED STATES (USA),WISCONSIN,NEW LISBON,,,,,61,Trailer,,,,,15,Tank Trailer,,,,Trailer Material: Aluminum,3,,
20,Kansas,200026,1,1,3H3V532K*NS******,2024-03-15 02:12:38,0,6,TRAILER,14282,"HYUNDAI DE MEXICO, S.A. DE C.V.",4876,HYUNDAI TRANSLEAD TRAILERS,11496,Hyundai Translead Trailers,2022,,,12,MEXICO,BAJA CALIFORNIA,ROSARITO,,,,Body Type: SEMITRAILER,61,Trailer,,,,,36,Van Trailer,6,Kingpin,53.000,,2,,
20,Kansas,200033,2,1,1JJV532D*CL******,2024-03-15 02:12:38,0,6,TRAILER,14508,WABASH NATIONAL CORPORATION,12319,WABASH VANS,10942,Dry Van Duraplate,2012,,,6,UNITED STATES (USA),INDIANA,LAFAYETTE,,,,,61,Trailer,,,,,36,Van Trailer,,,53.000,,2,,
20,Kansas,200057,2,1,3E1FB723*GS******,2024-03-15 02:12:38,0,6,TRAILER,11798,BULK TANK INTERNATIONAL S DE RL DE CV,1092,BULK TANK INTERNATIONAL,4372,Bulk Tank International,2016,,,12,MEXICO,GUANAJUATO,SAN JOSE ITURBIDE,,,,,61,Trailer,,,,,172,Chemical Trailer,,,,Vessel Material: Stainless Steel,2,3,Tandem
20,Kansas,200064,2,1,4TGF3020*J1******,2024-03-15 02:12:38,0,6,TRAILER,3694,"TITAN TRAILER MFG., INC.",3623,TITAN TRAILER MFG,7997,Titan Trailer MFG,2018,,,6,UNITED STATES (USA),KANSAS,WATERVILLE,,,,Position Currently not in use,61,Trailer,,,,,6,Flat Bed Trailer/Platform Trailer,,,30.000,,2,,
20,Kansas,200073,2,1,591SD302*FR******,2024-03-15 02:12:38,0,6,TRAILER,7719,"DRAGON ESP, LTD",1415,DRAGON ESP,4763,Dragon ESP,2015,,,6,UNITED STATES (USA),COLORADO,LAMAR,,,,,61,Trailer,,,,,4,Dump Trailer/Dumping Trailer,4,Straight Semi/Semi Trailer,30.000,,2,,
20,Kansas,200082,1,1,5J2GS322*6E******,2024-03-15 02:12:38,0,6,TRAILER,12413,EAST TEXAS LONGHORN TRAILERS LLC,8740,"EAST TEXAS LONGHORN TRAILERS, LLC",22833,"East Texas Longhorn Trailers, LLC",2006,Standard,,6,UNITED STATES (USA),TEXAS,EMORY,,,,,61,Trailer,,,,,,,3,Gooseneck,32.000,Rectangular Steel Frame,2,,
20,Kansas,200086,5,1,5RVFC342*FP******,2024-03-15 02:12:38,0,6,TRAILER,8916,LAMAR TRAILERS INC.,6413,LAMAR TRAILERS,17669,LAMAR TRAILERS,2015,,,6,UNITED STATES (USA),TEXAS,SUMNER,,,,,61,Trailer,,,,,3,Car Hauler Trailer,3,Gooseneck,34.000,,2,,
20,Kansas,200094,2,1,3H3V281C*HT******,2024-03-15 02:12:38,0,6,TRAILER,14282,"HYUNDAI DE MEXICO, S.A. DE C.V.",4876,HYUNDAI TRANSLEAD TRAILERS,11496,Hyundai Translead Trailers,2017,,,12,MEXICO,BAJA CALIFORNIA,TIJUANA,,,,,61,Trailer,,,,,36,Van Trailer,,,28.000,Material: Aluminum/Steel,1,,
20,Kansas,200094,2,2,1GRAA561*7K******,2024-03-15 02:12:38,0,6,TRAILER,1073,GREAT DANE TRAILERS,520,GREAT DANE TRAILERS,13436,Great Dane Trailers,2007,,,6,UNITED STATES (USA),ILLINOIS,KEWANEE,,,,Effective 01/01/00,61,Trailer,,,,,36,Van Trailer,4,Straight Semi/Semi Trailer,56.000,Trailer Type = Dry Freight/ Reefer/ Insulated Van,1,,
20,Kansas,200098,1,1,1UYVS253*J2******,2024-03-15 02:12:38,0,6,TRAILER,10289,UTILITY TRAILER MANUFACTURING COMPANY,10138,UTILITY TRAILER MANUFACTURER,26222,Utility Trailer Manufacturer,2018,,,6,UNITED STATES (USA),UTAH,CLEARFIELD,,,,,61,Trailer,,,,,36,Van Trailer,4,Straight Semi/Semi Trailer,53.000,,2,,
20,Kansas,200100,2,1,1C9FA402*11257***,2024-03-15 02:12:38,0,6,TRAILER,1787,C.E.I. EQUIPMENT COMPANY INC.,1717,"CEI EQUIPMENT COMPANY, INC.",5153,"CEI Equipment Company, Inc.",2001,Pacer AT35,,6,UNITED STATES (USA),IOWA,CEDAR RAPIDS,"CEI Equipment Company, Inc.",,,,61,Trailer,9,"Class 8: 33,001 lb and above (14,969 kg and above)",,,103,Bulk,,,40.000,,2,,
20,Kansas,200105,2,1,1JJV532W*6L******,2024-03-15 02:12:38,0,6,TRAILER,14508,WABASH NATIONAL CORPORATION,4847,WABASH,13327,Wabash National Corporation,2006,,,6,UNITED STATES (USA),INDIANA,LAFAYETTE,,,,,61,Trailer,,,,,36,Van Trailer,,,53.000,,2,,
20,Kansas,200109,2,1,5WSAWA42*EN******,2024-03-15 02:12:38,0,6,TRAILER,10142,WALKER STAINLESS EQUIPMENT CO,6978,WALKER,18560,DOT/TC-406,2014,,,6,UNITED STATES (USA),WISCONSIN,NEW LISBON,,,,,61,Trailer,,,,,15,Tank Trailer,,,,Trailer Material: Aluminum,4,,
20,Kansas,200121,3,1,3H3V281C*MT******,2024-03-15 02:12:38,0,6,TRAILER,14282,"HYUNDAI DE MEXICO, S.A. DE C.V.",4876,HYUNDAI TRANSLEAD TRAILERS,11496,Hyundai Translead Trailers,2021,,,12,MEXICO,BAJA CALIFORNIA,TIJUANA,,,,Trailer Type: SEMITRAILER,61,Trailer,,,,,36,Van Trailer,6,Kingpin,28.000,Material: ALUMINUM/STEEL,1,,
20,Kansas,200121,3,2,1JJV281D*ML******,2024-03-15 02:12:38,0,6,TRAILER,14508,WABASH NATIONAL CORPORATION,12319,WABASH VANS,10942,Dry Van Duraplate,2021,,,6,UNITED STATES (USA),INDIANA,LAFAYETTE,,,,,61,Trailer,,,,,36,Van Trailer,,,28.000,,1,,
20,Kansas,200134,1,1,1N9GT382*PK175***,2024-03-15 02:12:38,1,6,TRAILER,10698,NEVILLE WELDING INC.,2162,NEVILLE WELDING INC.,5936,NEVILLE WELDING INC.,2023,,,6,UNITED STATES (USA),KANSAS,KINGMAN,,,,,61,Trailer,,,,,33,Grain Trailer,,,38.000,,2,,
20,Kansas,200137,2,1,1MT2P432*PH******,2024-03-15 02:12:38,0,6,TRAILER,8092,MERRITT TRAILERS INC.,2353,MERRITT,29522,Merritt,2023,,,6,UNITED STATES (USA),COLORADO,HENDERSON,Merritt Equipment Co.,,,,61,Trailer,,,,,4,Dump Trailer/Dumping Trailer,4,Straight Semi/Semi Trailer,43.000,,2,,
20,Kansas,200141,2,1,1E1D2M28*MR******,2024-03-15 02:12:38,0,6,TRAILER,5338,EAST MANUFACTURING CORP.,1334,EAST MANUFACTURING CORP.,4686,East Manufacturing Corp,2021,,,6,UNITED STATES (USA),OHIO,RANDOLPH,,,,,61,Trailer,9,"Class 8: 33,001 lb and above (14,969 kg and above)",,,4,Dump Trailer/Dumping Trailer,,,28.000,Aluminum Body - Aluminum Frame,2,,
20,Kansas,200142,1,1,1DW1A532*LS******,2024-03-15 02:12:38,0,6,TRAILER,13506,"STOUGHTON TRAILERS, INC.",3414,STOUGHTON TRAILERS,7701,Stoughton trailers,2020,,,6,UNITED STATES (USA),WISCONSIN,STOUGHTON,"Stoughton Trailers, INC",,,,61,Trailer,,,,,36,Van Trailer,4,Straight Semi/Semi Trailer,53.000,,2,,
20,Kansas,200145,3,1,1GRAA962*DB******,2024-03-15 02:12:38,0,6,TRAILER,1073,GREAT DANE TRAILERS,520,GREAT DANE TRAILERS,13436,Great Dane Trailers,2013,,,6,UNITED STATES (USA),INDIANA,BRAZIL,,,,,61,Trailer,,,,,,,4,Straight Semi/Semi Trailer,48.000,Dry Freight Van / Reefer Van / Insulated Van,2,,
20,Kansas,200190,2,1,1W1UCS1K*4D******,2024-03-15 02:12:38,0,6,TRAILER,11681,WILSON TRAILER CO.,3855,WILSON TRAILER CO.,8390,Wilson Trailer Co.,2004,STYLE A LH LOAD - SOLID PAN - FULL RAMP,,6,UNITED STATES (USA),SOUTH DAKOTA,YANKTON,PLANT 5,,,,61,Trailer,,,,,13,Livestock Trailer,,,52.000,Type of Trailer: PUNCHSIDE DROP CTR LVSK (PSDCL) W/ DOGHOUSE,2,,
20,Kansas,200193,1,1,5DN15442*KB******,2024-03-15 02:12:38,0,6,TRAILER,8543,WESTERN TRAILER COMPANY,3808,WESTERN TRAILER COMPANY,8295,Western Trailer Company,2019,,,6,UNITED STATES (USA),IDAHO,BOISE,Western Trailer Company,,,,61,Trailer,,,,,,,4,Straight Semi/Semi Trailer,44.000,Transfer (Express Belt),2,,
20,Kansas,200197,1,1,1JJV532D*FL******,2024-03-15 02:12:38,0,6,TRAILER,14508,WABASH NATIONAL CORPORATION,12319,WABASH VANS,10942,Dry Van Duraplate,2015,,,6,UNITED STATES (USA),INDIANA,LAFAYETTE,,,,,61,Trailer,,,,,36,Van Trailer,,,53.000,,2,,
20,Kansas,200197,2,1,1GRAA062*DK******,2024-03-15 02:12:38,0,6,TRAILER,1073,GREAT DANE TRAILERS,520,GREAT DANE TRAILERS,13436,Great Dane Trailers,2013,,,6,UNITED STATES (USA),ILLINOIS,KEWANEE,,,,,61,Trailer,,,,,,,4,Straight Semi/Semi Trailer,53.000,Dry Freight Van / Reefer Van / Insulated Van,2,,
20,Kansas,200198,1,1,1E1F9M28*GR******,2024-03-15 02:12:38,0,6,TRAILER,5338,EAST MANUFACTURING CORP.,1334,EAST MANUFACTURING CORP.,4686,East Manufacturing Corp,2016,,,6,UNITED STATES (USA),OHIO,RANDOLPH,,,,,61,Trailer,9,"Class 8: 33,001 lb and above (14,969 kg and above)",,,,,,,28.000,Frameless Trailer,2,,
20,Kansas,200202,1,1,1W1K6533*M5******,2024-03-15 02:12:38,0,6,TRAILER,11681,WILSON TRAILER CO.,10450,WILSON,27561,Wilson,2021,,,6,UNITED STATES (USA),SOUTH DAKOTA,YANKTON,,,,,61,Trailer,,,,,13,Livestock Trailer,6,Kingpin,53.000,,3,,
20,Kansas,200202,2,1,1TDH4222*AB******,2024-03-15 02:12:38,0,6,TRAILER,8330,TIMPTE INC.,5331,"TIMPTE, INC",13636,Timpte,2010,,,6,UNITED STATES (USA),NEBRASKA,DAVID CITY,,,,"Seventh VIN position indicates the additional length of the trailer to the nearest inch up to 9 inches. If the additional length is 10 inches or more the seventh character is zero (0) and the sixth character will be increased to the next foot. For example : a 42ft 9in trailer will be represent in VIN position 5, 6 & 7 as ""429"" and a 42ft 10in. trailer will be represented in VIN position 5 , 6 & 7 as ""430"" respectively.",61,Trailer,,,,,174,Dry Bulk Trailer,,,42.000,Dry Bulk-Bottom Hopper,2,,
20,Kansas,200205,2,1,1W1UCS2K*CD******,2024-03-15 02:12:38,0,6,TRAILER,11681,WILSON TRAILER CO.,3855,WILSON TRAILER CO.,8390,Wilson Trailer Co.,2012,STYLE A LH LOAD - SOLID PAN - FULL RAMP,,6,UNITED STATES (USA),SOUTH DAKOTA,YANKTON,PLANT 5,,,,61,Trailer,,,,,13,Livestock Trailer,,,53.000,Type of Trailer: PUNCHSIDE DROP CTR LVSK (PSDCL) W/ DOGHOUSE,2,,
20,Kansas,200233,1,1,1TDH4222*SB******,2024-03-15 02:12:38,0,6,TRAILER,8330,TIMPTE INC.,5331,"TIMPTE, INC",13636,Timpte,2025,,,6,UNITED STATES (USA),NEBRASKA,DAVID CITY,,,,"Seventh VIN position indicates the additional length of the trailer to the nearest inch up to 9 inches. If the additional length is 10 inches or more the seventh character is zero (0) and the sixth character will be increased to the next foot. For example : a 42ft 9in trailer will be represent in VIN position 5, 6 & 7 as ""429"" and a 42ft 10in. trailer will be represented in VIN position 5 , 6 & 7 as ""430"" respectively.",61,Trailer,,,,,174,Dry Bulk Trailer,,,42.000,Bottom Hopper,2,,
20,Kansas,200244,2,1,1TDH4803*NB******,2024-03-15 02:12:38,0,6,TRAILER,8330,TIMPTE INC.,5331,"TIMPTE, INC",13636,Timpte,2022,,,6,UNITED STATES (USA),NEBRASKA,DAVID CITY,,,,"Seventh VIN position indicates the additional length of the trailer to the nearest inch up to 9 inches. If the additional length is 10 inches or more the seventh character is zero (0) and the sixth character will be increased to the next foot. For example : a 42ft 9in trailer will be represent in VIN position 5, 6 & 7 as ""429"" and a 42ft 10in. trailer will be represented in VIN position 5 , 6 & 7 as ""430"" respectively.",61,Trailer,,,,,174,Dry Bulk Trailer,,,48.000,Bottom Hopper,3,,
20,Kansas,200253,2,1,1RNF53A2*KR******,2024-03-15 02:12:38,0,6,TRAILER,3579,"REITNOUER, INC.",5594,REITNOUER INC,14493,Reitnouer Inc Trailers,2019,,,6,UNITED STATES (USA),PENNSYLVANIA,READING,,,,,61,Trailer,9,"Class 8: 33,001 lb and above (14,969 kg and above)",,,6,Flat Bed Trailer/Platform Trailer,6,Kingpin,53.000,Airride,2,,
20,Kansas,200261,2,1,4YDT31R2*7S******,2024-03-15 02:12:38,0,6,TRAILER,2347,KEYSTONE RV,7615,KEYSTONE,20555,Keystone,2007,,,6,UNITED STATES (USA),INDIANA,TOPEKA,522,,,Arbitrary Final Digit,61,Trailer,,,,,21,Travel Trailer,14,Bumper Pull,31.000,Recreational Vehicle,2,,
20,Kansas,200265,2,1,4TGF3020*F1******,2024-03-15 02:12:38,0,6,TRAILER,3694,"TITAN TRAILER MFG., INC.",3623,TITAN TRAILER MFG,7997,Titan Trailer MFG,2015,,,6,UNITED STATES (USA),KANSAS,WATERVILLE,,,,Position Currently not in use,61,Trailer,,,,,6,Flat Bed Trailer/Platform Trailer,,,30.000,,2,,
20,Kansas,200272,1,1,4B9BKDA2*JH054***,2024-03-15 02:12:38,0,6,TRAILER,15004,BRAZOS TRAILER MANUFACTURING LLC,4962,BRAZOS,12121,Brazos,2018,,,6,UNITED STATES (USA),TEXAS,WILLS POINT,,,,,61,Trailer,,,,,4,Dump Trailer/Dumping Trailer,6,Kingpin,20.000,,2,,
20,Kansas,200285,2,1,1UYVS248*DM******,2024-03-15 02:12:38,0,6,TRAILER,10289,UTILITY TRAILER MANUFACTURING COMPANY,10138,UTILITY TRAILER MANUFACTURER,26222,Utility Trailer Manufacturer,2013,,,6,UNITED STATES (USA),VIRGINIA,MARION,,,,,61,Trailer,,,,,36,Van Trailer,4,Straight Semi/Semi Trailer,48.000,,2,,
20,Kansas,200287,2,1,1W16533A*K5******,2024-03-15 02:12:38,0,6,TRAILER,11681,WILSON TRAILER CO.,10450,WILSON,27561,Wilson,2019,,,6,UNITED STATES (USA),SOUTH DAKOTA,YANKTON,,,,Type of suspension: Air Ride,61,Trailer,,,,,53,Livestock - Cattle Trailer,,,53.000,,3,,
20,Kansas,200293,1,1,1GRAP062*JJ******,2024-03-15 02:12:38,0,6,TRAILER,1073,GREAT DANE TRAILERS,520,GREAT DANE TRAILERS,13436,Great Dane Trailers,2018,,,6,UNITED STATES (USA),ARKANSAS,JONESBORO,,,,,61,Trailer,,,,,36,Van Trailer,4,Straight Semi/Semi Trailer,53.000,"Semitrailer - Dry Freight Van, Reefer Van, Insulated Van",2,,
20,Kansas,200327,1,1,5DN11482*HB******,2024-03-15 02:12:38,0,6,TRAILER,8543,WESTERN TRAILER COMPANY,3808,WESTERN TRAILER COMPANY,8295,Western Trailer Company,2017,,,6,UNITED STATES (USA),IDAHO,BOISE,Western Trailer Company,,,,61,Trailer,,,,,6,Flat Bed Trailer/Platform Trailer,4,Straight Semi/Semi Trailer,48.000,,2,,
20,Kansas,200333,2,1,1D9BG532*31208***,2024-03-15 02:12:38,0,6,TRAILER,11391,"DOONAN SPECIALIZED TRAILER, LLC",1335,DOONAN SPECIALIZED TRAILER,21323,Drop Deck,2003,,,6,UNITED STATES (USA),KANSAS,GREAT BEND,,,,,61,Trailer,,,,,6,Flat Bed Trailer/Platform Trailer,,,53.000,,2,,
20,Kansas,200334,1,1,1W14503A*J2******,2024-03-15 02:12:38,0,6,TRAILER,11681,WILSON TRAILER CO.,10450,WILSON,27561,Wilson,2018,,,6,UNITED STATES (USA),IOWA,SIOUX CITY,,,,Type of suspension: Air Ride,61,Trailer,,,,,33,Grain Trailer,,,50.000,,3,,
20,Kansas,200334,2,1,5DN15493*FB******,2024-03-15 02:12:38,0,6,TRAILER,8543,WESTERN TRAILER COMPANY,3808,WESTERN TRAILER COMPANY,8295,Western Trailer Company,2015,,,6,UNITED STATES (USA),IDAHO,BOISE,Western Trailer Company,,,,61,Trailer,,,,,,,4,Straight Semi/Semi Trailer,49.000,Transfer (Express Belt),3,,
20,Kansas,200346,2,1,1GR1P062*PJ******,2024-03-15 02:12:38,0,6,TRAILER,1073,GREAT DANE TRAILERS,520,GREAT DANE TRAILERS,13436,Great Dane Trailers,2023,,,6,UNITED STATES (USA),ARKANSAS,JONESBORO,,,,,61,Trailer,,,,,,,6,Kingpin,53.000,"Semitrailer - dry freight, reefer, or insulated van",2,,
20,Kansas,200368,1,1,1UYVS253*EU******,2024-03-15 02:12:38,0,6,TRAILER,10289,UTILITY TRAILER MANUFACTURING COMPANY,10138,UTILITY TRAILER MANUFACTURER,26222,Utility Trailer Manufacturer,2014,,,6,UNITED STATES (USA),UTAH,CLEARFIELD,,,,,61,Trailer,,,,,36,Van Trailer,4,Straight Semi/Semi Trailer,53.000,,2,,
21,Kentucky,210089,2,1,5MADS353*CC******,2024-03-15 02:12:38,0,6,TRAILER,5950,"MAC TRAILER MFG, INC.",6826,MAC TRAILER MANUFACTURING,18288,MAC TRAILER MANUFACTURING,2012,,,6,UNITED STATES (USA),OHIO,ALLIANCE,,,,Commerce Street,61,Trailer,,,,,4,Dump Trailer/Dumping Trailer,,,35.000,Steel Frame,3,,
21,Kentucky,210345,2,1,5WUBU202*EF******,2024-03-15 02:12:38,0,6,TRAILER,10304,"LAWRIMORE MANUFACTURING, INC",2273,LAWRIMORE MANUFACTURING,6085,Lawrimore Manufacturing,2014,,,6,UNITED STATES (USA),ALABAMA,FALKVILLE,,,,,61,Trailer,,,,,16,Utility Trailer,1,Ball Type Pull,20.000,,2,,
22,Louisiana,220286,2,1,1UNST422*DL******,2024-03-19 01:32:13,0,6,TRAILER,1739,"DRAGON PRODUCTS, LLC",956,DRAGON PRODUCTS,4976,Dragon Products,2013,,,6,UNITED STATES (USA),TEXAS,LAPORTE,,,,,61,Trailer,,,,,15,Tank Trailer,4,Straight Semi/Semi Trailer,42.000,,2,,
22,Louisiana,220335,2,1,1UYVS253*L2******,2024-03-19 01:32:13,0,6,TRAILER,10289,UTILITY TRAILER MANUFACTURING COMPANY,10138,UTILITY TRAILER MANUFACTURER,26222,Utility Trailer Manufacturer,2020,,,6,UNITED STATES (USA),UTAH,CLEARFIELD,,,,,61,Trailer,,,,,36,Van Trailer,4,Straight Semi/Semi Trailer,53.000,,2,,
22,Louisiana,220352,2,1,1K91A342*SF023***,2024-03-19 01:32:13,0,6,TRAILER,2333,KENT TRUCK-TRAILER SERVICE INC.,5062,KENT TRAILERS,12454,Kent Trailers,2025,,,6,UNITED STATES (USA),,FLUKER,,,,,61,Trailer,,,,,91,Pole Trailer,,,34.000,Body Type: Offset Pole,2,,
22,Louisiana,220410,1,1,1JJV532D*ML******,2024-03-19 01:32:13,0,6,TRAILER,14508,WABASH NATIONAL CORPORATION,12319,WABASH VANS,10942,Dry Van Duraplate,2021,,,6,UNITED STATES (USA),INDIANA,LAFAYETTE,,,,,61,Trailer,,,,,36,Van Trailer,,,53.000,,2,,
22,Louisiana,220433,2,1,48X1F303*G1******,2024-03-19 01:32:13,0,6,TRAILER,10839,"TRAVIS BODY & TRAILER, INC.",3520,"TRAVIS BODY & TRAILER, INC.",7868,"TRAVIS BODY & TRAILER, INC.",2016,,,6,UNITED STATES (USA),TEXAS,HOUSTON,,,,,61,Trailer,,,,,4,Dump Trailer/Dumping Trailer,30,Other,30.000,Tumer ARx43,3,,
22,Louisiana,220533,1,1,1UNST422*BL******,2024-03-19 01:32:13,0,6,TRAILER,1739,"DRAGON PRODUCTS, LLC",956,DRAGON PRODUCTS,4976,Dragon Products,2011,,,6,UNITED STATES (USA),TEXAS,LAPORTE,,,,,61,Trailer,,,,,15,Tank Trailer,4,Straight Semi/Semi Trailer,42.000,,2,,
22,Louisiana,220546,2,1,5NHULV42*9U******,2024-03-19 01:32:13,0,6,TRAILER,1084,"FOREST RIVER, INC.",531,FOREST RIVER,3027,Limited Edition Value Hauler,2009,,,6,UNITED STATES (USA),GEORGIA,OCILLA,,,,Address: 193 Industrial Drive,61,Trailer,,,,,16,Utility Trailer,,,14.000,,2,,
22,Louisiana,220555,2,1,5JYLT402*EP******,2024-03-19 01:32:13,0,6,TRAILER,2290,PITTS ENTERPRISES INC,2831,PITTS TRAILERS,6775,Pitts Trailers,2014,,,6,UNITED STATES (USA),ALABAMA,PITTSVIEW,,,,,61,Trailer,,,,,,,4,Straight Semi/Semi Trailer,40.000,,2,,
22,Louisiana,220592,1,1,1JJV532D*CL******,2024-03-19 01:32:13,0,6,TRAILER,14508,WABASH NATIONAL CORPORATION,12319,WABASH VANS,10942,Dry Van Duraplate,2012,,,6,UNITED STATES (USA),INDIANA,LAFAYETTE,,,,,61,Trailer,,,,,36,Van Trailer,,,53.000,,2,,
22,Louisiana,220627,1,1,1M9BA382*51435***,2024-03-19 01:32:13,0,6,TRAILER,22478,"MAGNOLIA TRAILERS, INC.",12332,"MAGNOLIA TRAILERS, INC.",32132,"MAGNOLIA TRAILERS, INC.",2005,,,6,UNITED STATES (USA),MISSISSIPPI,LUCEDALE,,,,,61,Trailer,,,,,101,Other,5,Fifth Wheel,38.000,Bolster Trailer,2,,
22,Louisiana,220651,2,1,4LYUS162*LH******,2024-03-19 01:32:13,0,6,TRAILER,8309,"MCCLAIN TRAILERS, INC",4251,"MCCLAIN TRAILERS, INC",9032,"McClain Trailers, Inc",2020,,,6,UNITED STATES (USA),TEXAS,HOUSTON,,,,,61,Trailer,,,,,16,Utility Trailer,,,16.000,Standard Trailer,2,,
22,Louisiana,220663,2,1,1UYVS253*DU******,2024-03-19 01:32:13,0,6,TRAILER,10289,UTILITY TRAILER MANUFACTURING COMPANY,10138,UTILITY TRAILER MANUFACTURER,26222,Utility Trailer Manufacturer,2013,,,6,UNITED STATES (USA),UTAH,CLEARFIELD,,,,,61,Trailer,,,,,36,Van Trailer,4,Straight Semi/Semi Trailer,53.000,,2,,
22,Louisiana,220669,2,1,1UNST422*BL******,2024-03-19 01:32:13,0,6,TRAILER,1739,"DRAGON PRODUCTS, LLC",956,DRAGON PRODUCTS,4976,Dragon Products,2011,,,6,UNITED STATES (USA),TEXAS,LAPORTE,,,,,61,Trailer,,,,,15,Tank Trailer,4,Straight Semi/Semi Trailer,42.000,,2,,
22,Louisiana,220671,1,1,16VGX302*L6******,2024-03-19 01:32:13,0,6,TRAILER,9132,"BIG TEX TRAILER MANUFACTURING, LLC",1136,BIG TEX,5625,Big Tex,2020,,,6,UNITED STATES (USA),TEXAS,WILLS POINT,"Big Tex Trailer Manufacturing, Inc.",,,,61,Trailer,,,,,16,Utility Trailer,3,Gooseneck,30.000,,2,,
22,Louisiana,220689,2,1,1GRAP062*DT******,2024-03-19 01:32:13,0,6,TRAILER,1073,GREAT DANE TRAILERS,520,GREAT DANE TRAILERS,13436,Great Dane Trailers,2013,,,6,UNITED STATES (USA),INDIANA,TERRE HAUTE,,,,,61,Trailer,,,,,,,4,Straight Semi/Semi Trailer,53.000,Dry Freight Van / Reefer Van / Insulated Van,2,,
22,Louisiana,220712,2,1,1UYVS253*P7******,2024-03-19 01:32:13,0,6,TRAILER,10289,UTILITY TRAILER MANUFACTURING COMPANY,10138,UTILITY TRAILER MANUFACTURER,26222,Utility Trailer Manufacturer,2023,,,6,UNITED STATES (USA),VIRGINIA,GLADE SPRING,,,,,61,Trailer,,,,,36,Van Trailer,4,Straight Semi/Semi Trailer,53.000,,2,,
22,Louisiana,220713,2,1,1UNST422*7L******,2024-03-19 01:32:13,1,6,TRAILER,1739,"DRAGON PRODUCTS, LLC",956,DRAGON PRODUCTS,4976,Dragon Products,2007,,,6,UNITED STATES (USA),TEXAS,LAPORTE,,,,,61,Trailer,,,,,15,Tank Trailer,4,Straight Semi/Semi Trailer,42.000,,2,,
22,Louisiana,220757,2,1,1PLE0452*YP******,2024-03-19 01:32:13,0,6,TRAILER,18041,PEERLESS CORPORATION,9288,PEERLESS,23523,Peerless,2000,,,6,UNITED STATES (USA),ARKANSAS,PARAGOULD,,,,,61,Trailer,,,,,34,Chipper Trailer,,,45.000,,2,,
22,Louisiana,220758,2,1,1GRAA062*KW******,2024-03-19 01:32:13,0,6,TRAILER,1073,GREAT DANE TRAILERS,520,GREAT DANE TRAILERS,13436,Great Dane Trailers,2019,,,6,UNITED STATES (USA),NEBRASKA,WAYNE,,,,,61,Trailer,,,,,36,Van Trailer,4,Straight Semi/Semi Trailer,53.000,"Semitrailer - Dry Freight Van, Reefer Van, Insulated Van",2,,
22,Louisiana,220766,1,1,1GRDM962*FH******,2024-03-19 01:32:13,0,6,TRAILER,1073,GREAT DANE TRAILERS,520,GREAT DANE TRAILERS,13436,Great Dane Trailers,2015,,,6,UNITED STATES (USA),TENNESSEE,HUNTSVILLE,,,,,61,Trailer,,,,,,,4,Straight Semi/Semi Trailer,48.000,Platform,2,,
22,Louisiana,220785,3,1,1UYVS253*7G******,2024-03-19 01:32:13,0,6,TRAILER,10289,UTILITY TRAILER MANUFACTURING COMPANY,10138,UTILITY TRAILER MANUFACTURER,26222,Utility Trailer Manufacturer,2007,,,6,UNITED STATES (USA),VIRGINIA,GLADE SPRING,,,,,61,Trailer,,,,,36,Van Trailer,4,Straight Semi/Semi Trailer,53.000,,2,,
22,Louisiana,220789,2,1,1UYVS253*DP******,2024-03-19 01:32:13,0,6,TRAILER,10289,UTILITY TRAILER MANUFACTURING COMPANY,10138,UTILITY TRAILER MANUFACTURER,26222,Utility Trailer Manufacturer,2013,,,6,UNITED STATES (USA),ARKANSAS,PARAGOULD,,,,,61,Trailer,,,,,36,Van Trailer,4,Straight Semi/Semi Trailer,53.000,,2,,
22,Louisiana,220802,2,1,56CPA1U2*DT******,2024-03-19 01:32:13,1,6,TRAILER,7652,"PCI MANUFACTURING, LLC",2658,PCI MANUFACTURING,6527,PCI Manufacturing,2013,,,6,UNITED STATES (USA),TEXAS,SULPHER SPRINGS - NORTH PLANT,,,,,61,Trailer,,,,,25,Vacuum Tank,4,Straight Semi/Semi Trailer,43.000,,2,,
22,Louisiana,220820,1,1,1TTF482C*D3******,2024-03-19 01:32:13,0,6,TRAILER,8231,TRANSCRAFT CORPORATION,12050,TRANSCRAFT/WABASH,27663,Combo Steel/Alum Flatbed,2013,,,6,UNITED STATES (USA),KENTUCKY,CADIZ,,,,,61,Trailer,,,,,6,Flat Bed Trailer/Platform Trailer,6,Kingpin,48.000,,2,,
22,Louisiana,220823,2,1,3EUUB142*P1******,2024-03-19 01:32:13,1,6,TRAILER,22286,NORSTAR TRAILERS MEXICO S DE RL DE CV,12156,NORSTAR TRAILERS MEXICO S DE RL DE CV,31583,NORSTAR TRAILERS MEXICO S DE RL DE CV,2023,,,12,MEXICO,CHIHUAHUA,CD. CUAUHTEMOC,,,,"Address: Km. 10, Carretera a Alvaro Obregon No. 1015, Col. Campo 3-A, C.P. 31607",61,Trailer,,,,,16,Utility Trailer,14,Bumper Pull,14.000,,2,,
22,Louisiana,220835,2,1,4ZECH263*M1******,2024-03-19 01:32:13,0,6,TRAILER,3684,LOAD TRAIL LLC,2111,LOAD TRAIL,5874,Load Trail,2021,,,6,UNITED STATES (USA),TEXAS,SUMNER,,,,,61,Trailer,,,,,3,Car Hauler Trailer,,,26.000,,3,,
22,Louisiana,220836,2,1,1TDH4222*EB******,2024-03-19 01:32:13,0,6,TRAILER,8330,TIMPTE INC.,5331,"TIMPTE, INC",13636,Timpte,2014,,,6,UNITED STATES (USA),NEBRASKA,DAVID CITY,,,,"Seventh VIN position indicates the additional length of the trailer to the nearest inch up to 9 inches. If the additional length is 10 inches or more the seventh character is zero (0) and the sixth character will be increased to the next foot. For example : a 42ft 9in trailer will be represent in VIN position 5, 6 & 7 as ""429"" and a 42ft 10in. trailer will be represented in VIN position 5 , 6 & 7 as ""430"" respectively.",61,Trailer,,,,,174,Dry Bulk Trailer,,,42.000,Dry Bulk-Bottom Hopper,2,,
23,Maine,230003,2,1,1W9P2463*EM350***,2024-03-19 01:32:13,0,6,TRAILER,11452,WESTMOR INDUSTRIES,3806,WESTMOR INDUSTRIES,8296,Westmor Industries,2014,15001-15500 gallons,,6,UNITED STATES (USA),MINNESOTA,MORRIS,,,,,61,Trailer,,,,,160,Cargo Trailer,,,46.000,Cargo Tank,3,,
23,Maine,230113,2,1,5NHUVH22*8U******,2024-03-19 01:32:13,0,6,TRAILER,1084,"FOREST RIVER, INC.",531,FOREST RIVER,2595,Value Hauler,2008,,,6,UNITED STATES (USA),GEORGIA,OCILLA,,,,193 Industrial Drive,61,Trailer,,,,,16,Utility Trailer,,,12.000,,2,,
23,Maine,230116,1,1,46UFU142*M1******,2024-03-19 01:32:13,0,6,TRAILER,16231,"ROADCLIPPER ENTERPRISES, INC.",6469,DIAMOND C TRAILER MFG.,17772,Diamond C Trailer Mfg.,1991,,,6,UNITED STATES (USA),TEXAS,MT. PLEASANT,,,,,61,Trailer,,,,,16,Utility Trailer,,,14.000,Flatbed,2,,
23,Maine,230140,2,1,7FNUC182*K1******,2024-03-19 01:32:13,0,6,TRAILER,1256,"AMERICAN MANUFACTURING OPERATIONS, INC.",8586,"AMERICAN MANUFACTURING OPERATIONS, INC.",22559,"American Manufacturing Operations, Inc.",2019,,,6,UNITED STATES (USA),OHIO,TOLEDO,,,,,61,Trailer,,,,,23,Equipment Trailer,1,Ball Type Pull,18.000,Universal Ball,2,,
23,Maine,230148,1,1,2M533146*G1******,2024-03-19 01:32:13,0,6,TRAILER,5771,THE CANAM MANAC GROUP INC,7933,MANAC,21215,Manac Trailer,2016,,,1,CANADA,QUEBEC,ST. GEORGES,,,,,61,Trailer,,,,,101,Other,,,146.000,Wood Chips,3,,
24,Maryland,240029,1,1,527SR532*NL******,2024-03-19 01:32:13,0,6,TRAILER,6703,CIMC REEFER TRAILER INC.,1561,"CIMC REEFER TRAILER,INC",4978,"CIMC REEFER TRAILER,INC.",2022,,,6,UNITED STATES (USA),CALIFORNIA,LOS ANGELES,"CIMC Reefer Trailer,Inc",,,,61,Trailer,,,,,36,Van Trailer,4,Straight Semi/Semi Trailer,53.000,Trailer Body Type: Reefer Van Trailer,2,,
24,Maryland,240056,2,1,1JJV532W*1L******,2024-03-19 01:32:13,0,6,TRAILER,14508,WABASH NATIONAL CORPORATION,4847,WABASH,13327,Wabash National Corporation,2001,,,6,UNITED STATES (USA),INDIANA,LAFAYETTE,,,,,61,Trailer,,,,,36,Van Trailer,,,53.000,,2,,
24,Maryland,240086,1,1,1UYVS253*9U******,2024-03-19 01:32:13,0,6,TRAILER,10289,UTILITY TRAILER MANUFACTURING COMPANY,10138,UTILITY TRAILER MANUFACTURER,26222,Utility Trailer Manufacturer,2009,,,6,UNITED STATES (USA),UTAH,CLEARFIELD,,,,,61,Trailer,,,,,36,Van Trailer,4,Straight Semi/Semi Trailer,53.000,,2,,
24,Maryland,240104,1,1,1S12E953*VE******,2024-03-19 01:32:13,0,6,TRAILER,14956,"STRICK TRAILERS, LLC",4977,STRICK COMMERCIAL TRAILER,12176,Strick Commercial Trailer,1997,Smooth Side,,6,UNITED STATES (USA),,MONROE,,,,,61,Trailer,,,,,,,4,Straight Semi/Semi Trailer,53.000,Dry Freight Van,2,3,Tandem
24,Maryland,240122,1,1,3H3V532C*CT******,2024-03-19 01:32:13,0,6,TRAILER,14282,"HYUNDAI DE MEXICO, S.A. DE C.V.",4876,HYUNDAI TRANSLEAD TRAILERS,11496,Hyundai Translead Trailers,2012,,,12,MEXICO,BAJA CALIFORNIA,TIJUANA,,,,,61,Trailer,,,,,36,Van Trailer,,,53.000,Material: Aluminum/Steel,2,,
24,Maryland,240122,4,1,1E9AA482*N1588***,2024-03-19 01:32:13,0,6,TRAILER,15165,EXTREME TRAILERS LLC,5106,EXTREME TRAILERS LLC,12731,EXTREME TRAILERS LLC,2022,,,6,UNITED STATES (USA),OHIO,DOVER,,,,,,,,,,,6,Flat Bed Trailer/Platform Trailer,5,Fifth Wheel,48.000,,2,,
24,Maryland,240129,1,1,5MC12481*H5******,2024-03-19 01:32:13,0,6,TRAILER,5772,"MANAC TRAILERS USA, INC.",3896,MANAC TRAILERS USA,8528,Manac,2017,,,6,UNITED STATES (USA),MISSOURI,KENNETT,"Manac Trailers USA, Inc.",,,,61,Trailer,,,,,6,Flat Bed Trailer/Platform Trailer,4,Straight Semi/Semi Trailer,48.000,Platform,2,,
24,Maryland,240158,1,1,5LVBU101*FA******,2024-03-19 01:32:13,0,6,TRAILER,12741,"HOLMES ENTERPRISES, INC.",2829,HOLMES ENTERPRISES,6770,Holmes Enterprises,2015,,,6,UNITED STATES (USA),VIRGINIA,ASHLAND,,,,,61,Trailer,,,,,16,Utility Trailer,14,Bumper Pull,10.000,,1,,
24,Maryland,240183,1,1,3UTVS253*N8******,2024-03-19 01:32:13,0,6,TRAILER,10289,UTILITY TRAILER MANUFACTURING COMPANY,10138,UTILITY TRAILER MANUFACTURER,26222,Utility Trailer Manufacturer,2022,,,12,MEXICO,,PIEDRAS NEGRAS,,,,,61,Trailer,,,,,36,Van Trailer,4,Straight Semi/Semi Trailer,53.000,,2,,
24,Maryland,240202,4,1,1DW1A281*8S******,2024-03-19 01:32:13,0,6,TRAILER,13506,"STOUGHTON TRAILERS, INC.",3414,STOUGHTON TRAILERS,7701,Stoughton trailers,2008,,,6,UNITED STATES (USA),WISCONSIN,STOUGHTON,"Stoughton Trailers, INC",,,,61,Trailer,,,,,36,Van Trailer,4,Straight Semi/Semi Trailer,28.000,,1,,
24,Maryland,240250,2,1,1UYVS253*CM******,2024-03-19 01:32:13,0,6,TRAILER,10289,UTILITY TRAILER MANUFACTURING COMPANY,10138,UTILITY TRAILER MANUFACTURER,26222,Utility Trailer Manufacturer,2012,,,6,UNITED STATES (USA),VIRGINIA,MARION,,,,,61,Trailer,,,,,36,Van Trailer,4,Straight Semi/Semi Trailer,53.000,,2,,
24,Maryland,240253,2,1,1W1K5532*N6******,2024-03-19 01:32:13,0,6,TRAILER,11681,WILSON TRAILER CO.,10450,WILSON,27561,Wilson,2022,,,6,UNITED STATES (USA),MISSOURI,MOBERLY,,,,,61,Trailer,,,,,6,Flat Bed Trailer/Platform Trailer,6,Kingpin,53.000,,2,,
24,Maryland,240288,2,1,1GR1A062*LB******,2024-03-19 01:32:13,0,6,TRAILER,1073,GREAT DANE TRAILERS,520,GREAT DANE TRAILERS,13436,Great Dane Trailers,2020,,,6,UNITED STATES (USA),INDIANA,BRAZIL,,,,,61,Trailer,,,,,,,6,Kingpin,53.000,"Semitrailer - dry freight, reefer, or insulated van",2,,
24,Maryland,240302,2,1,1UYVS253*DM******,2024-03-19 01:32:13,0,6,TRAILER,10289,UTILITY TRAILER MANUFACTURING COMPANY,10138,UTILITY TRAILER MANUFACTURER,26222,Utility Trailer Manufacturer,2013,,,6,UNITED STATES (USA),VIRGINIA,MARION,,,,,61,Trailer,,,,,36,Van Trailer,4,Straight Semi/Semi Trailer,53.000,,2,,
24,Maryland,240315,1,1,1UYVS253*HM******,2024-03-19 01:32:13,0,6,TRAILER,10289,UTILITY TRAILER MANUFACTURING COMPANY,10138,UTILITY TRAILER MANUFACTURER,26222,Utility Trailer Manufacturer,2017,,,6,UNITED STATES (USA),VIRGINIA,MARION,,,,,61,Trailer,,,,,36,Van Trailer,4,Straight Semi/Semi Trailer,53.000,,2,,
24,Maryland,240315,2,1,1UYVS253*L7******,2024-03-19 01:32:13,0,6,TRAILER,10289,UTILITY TRAILER MANUFACTURING COMPANY,10138,UTILITY TRAILER MANUFACTURER,26222,Utility Trailer Manufacturer,2020,,,6,UNITED STATES (USA),VIRGINIA,GLADE SPRING,,,,,61,Trailer,,,,,36,Van Trailer,4,Straight Semi/Semi Trailer,53.000,,2,,
24,Maryland,240335,2,1,1JJV532D*JL******,2024-03-19 01:32:13,0,6,TRAILER,14508,WABASH NATIONAL CORPORATION,12319,WABASH VANS,10942,Dry Van Duraplate,2018,,,6,UNITED STATES (USA),INDIANA,LAFAYETTE,,,,,61,Trailer,,,,,36,Van Trailer,,,53.000,,2,,
24,Maryland,240336,2,1,LJRC4126*G1******,2024-03-19 01:32:13,0,6,TRAILER,9950,"CIMC VEHICLES GROUP CO., LTD.",4101,CIMC VEHICLES GROUP CO,8811,CIMC VEHICLES GROUP CO,2016,,,8,CHINA,,SHENZHEN,,,,"GVWR = 30,000-34,990kg",61,Trailer,9,"Class 8: 33,001 lb and above (14,969 kg and above)",,,109,Container Chassis/Container Trailer,,,41.000,,2,,
24,Maryland,240342,2,1,1UYVS253*K7******,2024-03-19 01:32:13,0,6,TRAILER,10289,UTILITY TRAILER MANUFACTURING COMPANY,10138,UTILITY TRAILER MANUFACTURER,26222,Utility Trailer Manufacturer,2019,,,6,UNITED STATES (USA),VIRGINIA,GLADE SPRING,,,,,61,Trailer,,,,,36,Van Trailer,4,Straight Semi/Semi Trailer,53.000,,2,,
24,Maryland,240342,3,1,1JJV532W*9L******,2024-03-19 01:32:13,0,6,TRAILER,14508,WABASH NATIONAL CORPORATION,4847,WABASH,13327,Wabash National Corporation,2009,,,6,UNITED STATES (USA),INDIANA,LAFAYETTE,,,,,61,Trailer,,,,,36,Van Trailer,,,53.000,,2,,
24,Maryland,240422,2,1,1GRAA062*BW******,2024-03-19 01:32:13,0,6,TRAILER,1073,GREAT DANE TRAILERS,520,GREAT DANE TRAILERS,13436,Great Dane Trailers,2011,,,6,UNITED STATES (USA),NEBRASKA,WAYNE,,,,,61,Trailer,,,,,36,Van Trailer,4,Straight Semi/Semi Trailer,53.000,Trailer Type = Dry Freight/ Reefer/ Insulated Van,2,,
24,Maryland,240435,2,1,1UYVS253*L7******,2024-03-19 01:32:13,0,6,TRAILER,10289,UTILITY TRAILER MANUFACTURING COMPANY,10138,UTILITY TRAILER MANUFACTURER,26222,Utility Trailer Manufacturer,2020,,,6,UNITED STATES (USA),VIRGINIA,GLADE SPRING,,,,,61,Trailer,,,,,36,Van Trailer,4,Straight Semi/Semi Trailer,53.000,,2,,
24,Maryland,240435,3,1,1GRAA062*VB******,2024-03-19 01:32:13,0,6,TRAILER,1073,GREAT DANE TRAILERS,520,GREAT DANE TRAILERS,13436,Great Dane Trailers,1997,,,6,UNITED STATES (USA),INDIANA,BRAZIL,,,,,61,Trailer,,,,,36,Van Trailer,4,Straight Semi/Semi Trailer,6.000,Trailer Type = Dry Freight/ Reefer/ Insulated Van,2,,
24,Maryland,240435,4,1,1GR1A561*LD******,2024-03-19 01:32:13,0,6,TRAILER,1073,GREAT DANE TRAILERS,520,GREAT DANE TRAILERS,13436,Great Dane Trailers,2020,,,6,UNITED STATES (USA),PENNSYLVANIA,DANVILLE,,,,,61,Trailer,,,,,,,6,Kingpin,28.000,"Semitrailer - dry freight, reefer, or insulated van",1,,
24,Maryland,240435,4,2,3H3V281C*HT******,2024-03-19 01:32:13,0,6,TRAILER,14282,"HYUNDAI DE MEXICO, S.A. DE C.V.",4876,HYUNDAI TRANSLEAD TRAILERS,11496,Hyundai Translead Trailers,2017,,,12,MEXICO,BAJA CALIFORNIA,TIJUANA,,,,,61,Trailer,,,,,36,Van Trailer,,,28.000,Material: Aluminum/Steel,1,,
24,Maryland,240435,5,1,1JJV532D*DL******,2024-03-19 01:32:13,0,6,TRAILER,14508,WABASH NATIONAL CORPORATION,12319,WABASH VANS,10942,Dry Van Duraplate,2013,,,6,UNITED STATES (USA),INDIANA,LAFAYETTE,,,,,61,Trailer,,,,,36,Van Trailer,,,53.000,,2,,
24,Maryland,240440,2,1,3H3V532C*FT******,2024-03-19 01:32:13,0,6,TRAILER,14282,"HYUNDAI DE MEXICO, S.A. DE C.V.",4876,HYUNDAI TRANSLEAD TRAILERS,11496,Hyundai Translead Trailers,2015,,,12,MEXICO,BAJA CALIFORNIA,TIJUANA,,,,,61,Trailer,,,,,36,Van Trailer,,,53.000,Material: Aluminum/Steel,2,,
24,Maryland,240457,2,1,LJRC4126*J1******,2024-03-19 01:32:13,0,6,TRAILER,9950,"CIMC VEHICLES GROUP CO., LTD.",4101,CIMC VEHICLES GROUP CO,8811,CIMC VEHICLES GROUP CO,2018,,,8,CHINA,,SHENZHEN,,,,"GVWR = 30,000-34,990kg",61,Trailer,9,"Class 8: 33,001 lb and above (14,969 kg and above)",,,109,Container Chassis/Container Trailer,,,41.000,,2,,
24,Maryland,240463,1,1,1UYVS253*GM******,2024-03-19 01:32:13,0,6,TRAILER,10289,UTILITY TRAILER MANUFACTURING COMPANY,10138,UTILITY TRAILER MANUFACTURER,26222,Utility Trailer Manufacturer,2016,,,6,UNITED STATES (USA),VIRGINIA,MARION,,,,,61,Trailer,,,,,36,Van Trailer,4,Straight Semi/Semi Trailer,53.000,,2,,
25,Massachusetts,250061,2,1,1TTE4820*J1******,2024-03-20 00:50:50,0,6,TRAILER,8231,TRANSCRAFT CORPORATION,10511,TRANSCRAFT,28401,Transcraft,1988,,,6,UNITED STATES (USA),ILLINOIS,ANNA,,,,,61,Trailer,,,,,61,Drop Deck Trailer,6,Kingpin,48.000,,2,,
25,Massachusetts,250211,3,1,1NNC0482*PM******,2024-03-20 00:50:50,0,6,TRAILER,15472,EVANS PRODUCTS COMPANY,6021,MONON,29523,Monon,2023,,,6,UNITED STATES (USA),INDIANA,MONON,,,,,61,Trailer,,,,,109,Container Chassis/Container Trailer,,,48.000,"Other trailer type except ""van trailer""",2,3,Tandem
25,Massachusetts,250214,3,1,1UYVS253*FP******,2024-03-20 00:50:50,0,6,TRAILER,10289,UTILITY TRAILER MANUFACTURING COMPANY,10138,UTILITY TRAILER MANUFACTURER,26222,Utility Trailer Manufacturer,2015,,,6,UNITED STATES (USA),ARKANSAS,PARAGOULD,,,,,61,Trailer,,,,,36,Van Trailer,4,Straight Semi/Semi Trailer,53.000,,2,,
25,Massachusetts,250351,2,1,5HTAB453*X7******,2024-03-20 00:50:50,1,6,TRAILER,5564,"HEIL TRAILER INTERNATIONAL, CO",2365,"HEIL TRAILER INTERNATIONAL, CO.",6142,"Heil Trailer International, Co.",1999,,,6,UNITED STATES (USA),TENNESSEE,ATHENS,,,,Body Shape: Straight Elliptical,61,Trailer,,,,,15,Tank Trailer,,,45.000,AL 306/406,3,,
26,Michigan,260598,2,1,1RNF50A6*ER******,2024-03-20 00:50:50,0,6,TRAILER,3579,"REITNOUER, INC.",5594,REITNOUER INC,14493,Reitnouer Inc Trailers,2014,,,6,UNITED STATES (USA),PENNSYLVANIA,READING,,,,,61,Trailer,9,"Class 8: 33,001 lb and above (14,969 kg and above)",,,6,Flat Bed Trailer/Platform Trailer,6,Kingpin,50.000,Airride,6,,
26,Michigan,260713,2,1,1GRAP062*JT******,2024-03-20 00:50:50,0,6,TRAILER,1073,GREAT DANE TRAILERS,520,GREAT DANE TRAILERS,13436,Great Dane Trailers,2018,,,6,UNITED STATES (USA),INDIANA,TERRE HAUTE,,,,,61,Trailer,,,,,36,Van Trailer,4,Straight Semi/Semi Trailer,53.000,"Semitrailer - Dry Freight Van, Reefer Van, Insulated Van",2,,
26,Michigan,260760,2,1,1UYVS253*EM******,2024-03-20 00:50:50,0,6,TRAILER,10289,UTILITY TRAILER MANUFACTURING COMPANY,10138,UTILITY TRAILER MANUFACTURER,26222,Utility Trailer Manufacturer,2014,,,6,UNITED STATES (USA),VIRGINIA,MARION,,,,,61,Trailer,,,,,36,Van Trailer,4,Straight Semi/Semi Trailer,53.000,,2,,
26,Michigan,261065,2,1,1GR1A062*MT******,2024-03-20 00:50:50,0,6,TRAILER,1073,GREAT DANE TRAILERS,520,GREAT DANE TRAILERS,13436,Great Dane Trailers,2021,,,6,UNITED STATES (USA),INDIANA,TERRE HAUTE,,,,,61,Trailer,,,,,,,6,Kingpin,53.000,"Semitrailer - dry freight, reefer, or insulated van",2,,
28,Mississippi,280130,2,1,1TDH4302*FB******,2024-03-15 02:12:38,0,6,TRAILER,8330,TIMPTE INC.,5331,"TIMPTE, INC",13636,Timpte,2015,,,6,UNITED STATES (USA),NEBRASKA,DAVID CITY,,,,"Seventh VIN position indicates the additional length of the trailer to the nearest inch up to 9 inches. If the additional length is 10 inches or more the seventh character is zero (0) and the sixth character will be increased to the next foot. For example : a 42ft 9in trailer will be represent in VIN position 5, 6 & 7 as ""429"" and a 42ft 10in. trailer will be represented in VIN position 5 , 6 & 7 as ""430"" respectively.",61,Trailer,,,,,174,Dry Bulk Trailer,,,43.000,Dry Bulk-Bottom Hopper,2,,
28,Mississippi,280138,1,1,1JJV532D*NL******,2024-03-15 02:12:38,0,6,TRAILER,14508,WABASH NATIONAL CORPORATION,12319,WABASH VANS,10942,Dry Van Duraplate,2022,,,6,UNITED STATES (USA),INDIANA,LAFAYETTE,,,,,61,Trailer,,,,,36,Van Trailer,6,Kingpin,53.000,,2,,
28,Mississippi,280148,1,1,5MATA442*KA******,2024-03-15 02:12:38,0,6,TRAILER,5950,"MAC TRAILER MFG, INC.",6826,MAC TRAILER MANUFACTURING,18288,MAC TRAILER MANUFACTURING,2019,,,6,UNITED STATES (USA),,SALEM,ALLEN ROAD 20,,,,61,Trailer,,,,,174,Dry Bulk Trailer,6,Kingpin,44.000,Pneumatic Tanker,2,,
28,Mississippi,280190,2,1,1M9BA363*11435***,2024-03-15 02:12:38,1,6,TRAILER,22478,"MAGNOLIA TRAILERS, INC.",12332,"MAGNOLIA TRAILERS, INC.",32132,"MAGNOLIA TRAILERS, INC.",2001,,,6,UNITED STATES (USA),MISSISSIPPI,LUCEDALE,,,,,61,Trailer,,,,,101,Other,5,Fifth Wheel,36.000,Bolster Trailer,3,,
28,Mississippi,280197,2,1,1JJV532W*5L******,2024-03-15 02:12:38,0,6,TRAILER,14508,WABASH NATIONAL CORPORATION,4847,WABASH,13327,Wabash National Corporation,2005,,,6,UNITED STATES (USA),INDIANA,LAFAYETTE,,,,,61,Trailer,,,,,36,Van Trailer,,,53.000,,2,,
28,Mississippi,280199,1,1,1UYVS253*L7******,2024-03-15 02:12:38,0,6,TRAILER,10289,UTILITY TRAILER MANUFACTURING COMPANY,10138,UTILITY TRAILER MANUFACTURER,26222,Utility Trailer Manufacturer,2020,,,6,UNITED STATES (USA),VIRGINIA,GLADE SPRING,,,,,61,Trailer,,,,,36,Van Trailer,4,Straight Semi/Semi Trailer,53.000,,2,,
28,Mississippi,280213,1,1,5JYLT402*HP******,2024-03-15 02:12:38,0,6,TRAILER,2290,PITTS ENTERPRISES INC,2831,PITTS TRAILERS,6775,Pitts Trailers,2017,,,6,UNITED STATES (USA),ALABAMA,PITTSVIEW,,,,,61,Trailer,,,,,,,4,Straight Semi/Semi Trailer,40.000,,2,,
28,Mississippi,280220,1,1,1GRAA062*KB******,2024-03-15 02:12:38,0,6,TRAILER,1073,GREAT DANE TRAILERS,520,GREAT DANE TRAILERS,13436,Great Dane Trailers,2019,,,6,UNITED STATES (USA),INDIANA,BRAZIL,,,,,61,Trailer,,,,,36,Van Trailer,4,Straight Semi/Semi Trailer,53.000,"Semitrailer - Dry Freight Van, Reefer Van, Insulated Van",2,,
28,Mississippi,280240,1,1,1TTF4820*12******,2024-03-15 02:12:38,0,6,TRAILER,8231,TRANSCRAFT CORPORATION,10511,TRANSCRAFT,28401,Transcraft,2001,,,6,UNITED STATES (USA),KENTUCKY,MOUNT STERLING,,,,,61,Trailer,,,,,6,Flat Bed Trailer/Platform Trailer,6,Kingpin,48.000,Platform,2,,
28,Mississippi,280265,1,1,3H3V532C*LR******,2024-03-15 02:12:38,0,6,TRAILER,14282,"HYUNDAI DE MEXICO, S.A. DE C.V.",4876,HYUNDAI TRANSLEAD TRAILERS,11496,Hyundai Translead Trailers,2020,,,12,MEXICO,BAJA CALIFORNIA,ROSARITO,,,,,61,Trailer,,,,,36,Van Trailer,,,53.000,Material: Aluminum/Steel,2,,
28,Mississippi,280285,1,1,4T91B224*EA086***,2024-03-15 02:12:38,0,6,TRAILER,11924,"TISHOMINGO ACQUISITION, LLC,",3514,OX,7860,Tishomingo Acquisition,2014,,,6,UNITED STATES (USA),MISSISSIPPI,TISHOMINGO,,,,,61,Trailer,,,,,4,Dump Trailer/Dumping Trailer,4,Straight Semi/Semi Trailer,24.000,Body Type: Quarter Frame Dump,2,,
28,Mississippi,280289,1,1,5HTSA432*N7******,2024-03-15 02:12:38,0,6,TRAILER,5564,"HEIL TRAILER INTERNATIONAL, CO",2365,"HEIL TRAILER INTERNATIONAL, CO.",6142,"Heil Trailer International, Co.",2022,,,6,UNITED STATES (USA),TENNESSEE,ATHENS,,,,,61,Trailer,,,,,15,Tank Trailer,4,Straight Semi/Semi Trailer,43.000,AL 306/406,2,,
28,Mississippi,280350,2,1,1GRDM032*DH******,2024-03-15 02:12:38,0,6,TRAILER,1073,GREAT DANE TRAILERS,520,GREAT DANE TRAILERS,13436,Great Dane Trailers,2013,,,6,UNITED STATES (USA),TENNESSEE,HUNTSVILLE,,,,,61,Trailer,,,,,,,4,Straight Semi/Semi Trailer,52.000,Platform,2,,
28,Mississippi,280355,1,1,1PLE0422*WP******,2024-03-15 02:12:38,1,6,TRAILER,18041,PEERLESS CORPORATION,9288,PEERLESS,23523,Peerless,1998,,,6,UNITED STATES (USA),ARKANSAS,PARAGOULD,,,,,61,Trailer,,,,,34,Chipper Trailer,,,42.000,,2,,
28,Mississippi,280356,2,1,1V9PD422*BN062***,2024-03-15 02:12:38,0,6,TRAILER,10999,VIKING TRAILERS,5688,VIKING TRAILER,14907,Viking Trailer,2011,Double Bolsters,,6,UNITED STATES (USA),TEXAS,NACOGDOCHES,,,,,61,Trailer,,,,,101,Other,,,42.000,"Pole, Piper or Log Transport Trailer",2,,
28,Mississippi,280366,1,1,1G9BA402*K1091***,2024-03-15 02:12:38,1,6,TRAILER,18256,"GCL , INC.",9513,"GCL, INC.",23780,"GCL, Inc.",2019,4-Bolster,,6,UNITED STATES (USA),MISSISSIPPI,LUCEDALE,,,,,61,Trailer,,,,,,,,,40.000,Type of Trailer: Bolster,2,,
28,Mississippi,280372,2,1,4FPFB121*3G******,2024-03-15 02:12:38,0,6,TRAILER,1489,PACE AMERICAN OF GEORGIA INC.,2500,PACE AMERICAN,6324,Pace American Trailer,2003,,,6,UNITED STATES (USA),GEORGIA,,Pace American of Georgia,,,,,,1,"Class 1: 6,000 lb or less (2,722 kg or less)",,,59,Van/Covered Cargo/Enclosed,,,12.000,Length: 6-20 ft; Width: 4-6 ft; Dump or Enclosed Cargo,1,,
28,Mississippi,280372,3,1,1UYVS253*J3******,2024-03-15 02:12:38,0,6,TRAILER,10289,UTILITY TRAILER MANUFACTURING COMPANY,10138,UTILITY TRAILER MANUFACTURER,26222,Utility Trailer Manufacturer,2018,,,6,UNITED STATES (USA),ARKANSAS,PARAGOULD,,,,,61,Trailer,,,,,36,Van Trailer,4,Straight Semi/Semi Trailer,53.000,,2,,
28,Mississippi,280484,1,1,3H3V532K*NS******,2024-03-15 02:12:38,0,6,TRAILER,14282,"HYUNDAI DE MEXICO, S.A. DE C.V.",4876,HYUNDAI TRANSLEAD TRAILERS,11496,Hyundai Translead Trailers,2022,,,12,MEXICO,BAJA CALIFORNIA,ROSARITO,,,,Body Type: SEMITRAILER,61,Trailer,,,,,36,Van Trailer,6,Kingpin,53.000,,2,,
28,Mississippi,280523,2,1,1JJV532W*8L******,2024-03-15 02:12:38,0,6,TRAILER,14508,WABASH NATIONAL CORPORATION,4847,WABASH,13327,Wabash National Corporation,2008,,,6,UNITED STATES (USA),INDIANA,LAFAYETTE,,,,,61,Trailer,,,,,36,Van Trailer,,,53.000,,2,,
28,Mississippi,280524,4,1,1M9BA402*D1435***,2024-03-15 02:12:38,0,6,TRAILER,22478,"MAGNOLIA TRAILERS, INC.",12332,"MAGNOLIA TRAILERS, INC.",32132,"MAGNOLIA TRAILERS, INC.",2013,,,6,UNITED STATES (USA),MISSISSIPPI,LUCEDALE,,,,,61,Trailer,,,,,101,Other,5,Fifth Wheel,40.000,Bolster Trailer,2,,
28,Mississippi,280600,2,1,1GRAA062*ED******,2024-03-15 02:12:38,0,6,TRAILER,1073,GREAT DANE TRAILERS,520,GREAT DANE TRAILERS,13436,Great Dane Trailers,2014,,,6,UNITED STATES (USA),PENNSYLVANIA,DANVILLE,,,,,61,Trailer,,,,,,,4,Straight Semi/Semi Trailer,53.000,Dry Freight Van / Reefer Van / Insulated Van,2,,
28,Mississippi,280608,1,1,5LKL4935*31******,2024-03-15 02:12:38,0,6,TRAILER,3083,LOAD KING LLC,8486,LOAD KING,22419,Load King,2003,,,6,UNITED STATES (USA),SOUTH DAKOTA,ELK POINT,,,,,61,Trailer,,,,,11,Lowboy/Low bed Trailer,,,49.000,Frame Capacity of Trailer: 46-55 US tons,3,,
29,Missouri,290003,1,1,3H3V532C*LT******,2024-03-15 02:12:38,0,6,TRAILER,14282,"HYUNDAI DE MEXICO, S.A. DE C.V.",4876,HYUNDAI TRANSLEAD TRAILERS,11496,Hyundai Translead Trailers,2020,,,12,MEXICO,BAJA CALIFORNIA,TIJUANA,,,,,61,Trailer,,,,,36,Van Trailer,,,53.000,Material: Aluminum/Steel,2,,
29,Missouri,290014,2,1,1JJV532D*GL******,2024-03-15 02:12:38,0,6,TRAILER,14508,WABASH NATIONAL CORPORATION,12319,WABASH VANS,10942,Dry Van Duraplate,2016,,,6,UNITED STATES (USA),INDIANA,LAFAYETTE,,,,,61,Trailer,,,,,36,Van Trailer,,,53.000,,2,,
29,Missouri,290042,2,1,1GRAA062*6T******,2024-03-15 02:12:38,0,6,TRAILER,1073,GREAT DANE TRAILERS,520,GREAT DANE TRAILERS,13436,Great Dane Trailers,2006,,,6,UNITED STATES (USA),INDIANA,TERRE HAUTE,,,,Effective 03/01/00,61,Trailer,,,,,36,Van Trailer,4,Straight Semi/Semi Trailer,6.000,Trailer Type = Dry Freight/ Reefer/ Insulated Van,2,,
29,Missouri,290044,2,1,1GR1A062*NT******,2024-03-15 02:12:38,0,6,TRAILER,1073,GREAT DANE TRAILERS,520,GREAT DANE TRAILERS,13436,Great Dane Trailers,2022,,,6,UNITED STATES (USA),INDIANA,TERRE HAUTE,,,,,61,Trailer,,,,,,,6,Kingpin,53.000,"Semitrailer - dry freight, reefer, or insulated van",2,,
29,Missouri,290081,1,1,1UYVS253*HM******,2024-03-15 02:12:38,0,6,TRAILER,10289,UTILITY TRAILER MANUFACTURING COMPANY,10138,UTILITY TRAILER MANUFACTURER,26222,Utility Trailer Manufacturer,2017,,,6,UNITED STATES (USA),VIRGINIA,MARION,,,,,61,Trailer,,,,,36,Van Trailer,4,Straight Semi/Semi Trailer,53.000,,2,,
29,Missouri,290084,1,1,1JJV532D*HL******,2024-03-15 02:12:38,0,6,TRAILER,14508,WABASH NATIONAL CORPORATION,12319,WABASH VANS,10942,Dry Van Duraplate,2017,,,6,UNITED STATES (USA),INDIANA,LAFAYETTE,,,,,61,Trailer,,,,,36,Van Trailer,,,53.000,,2,,
29,Missouri,290093,1,1,1UYVS253*DP******,2024-03-15 02:12:38,0,6,TRAILER,10289,UTILITY TRAILER MANUFACTURING COMPANY,10138,UTILITY TRAILER MANUFACTURER,26222,Utility Trailer Manufacturer,2013,,,6,UNITED STATES (USA),ARKANSAS,PARAGOULD,,,,,61,Trailer,,,,,36,Van Trailer,4,Straight Semi/Semi Trailer,53.000,,2,,
29,Missouri,290109,2,1,13N14820*G1******,2024-03-15 02:12:38,0,6,TRAILER,12268,FONTAINE COMMERCIAL PLATFORM,1128,FONTAINE TRAILER CO.,4416,Fontaine Trailer Co.,2016,,,6,UNITED STATES (USA),ALABAMA,HALEYVILLE,,,,Optional Features: None,61,Trailer,,,,,6,Flat Bed Trailer/Platform Trailer,,,48.000,,2,,
29,Missouri,290123,1,1,1UYVS253*FP******,2024-03-15 02:12:38,0,6,TRAILER,10289,UTILITY TRAILER MANUFACTURING COMPANY,10138,UTILITY TRAILER MANUFACTURER,26222,Utility Trailer Manufacturer,2015,,,6,UNITED STATES (USA),ARKANSAS,PARAGOULD,,,,,61,Trailer,,,,,36,Van Trailer,4,Straight Semi/Semi Trailer,53.000,,2,,
29,Missouri,290128,1,1,5JUBT232*JT******,2024-03-15 02:12:38,0,6,TRAILER,3854,"MARINE MASTER TRAILERS, LLC",8421,MARINE MASTER TRAILERS,22342,Marine Master Trailers,2018,,,6,UNITED STATES (USA),TENNESSEE,TULLAHOMA,,,,,61,Trailer,,,,,2,Boat Trailer,,,23.000,Tube Frame,2,,
29,Missouri,290134,2,1,1JJV281D*DL******,2024-03-15 02:12:38,0,6,TRAILER,14508,WABASH NATIONAL CORPORATION,12319,WABASH VANS,10942,Dry Van Duraplate,2013,,,6,UNITED STATES (USA),INDIANA,LAFAYETTE,,,,,61,Trailer,,,,,36,Van Trailer,,,28.000,,1,,
29,Missouri,290134,2,2,1JJV281D*EL******,2024-03-15 02:12:38,0,6,TRAILER,14508,WABASH NATIONAL CORPORATION,12319,WABASH VANS,10942,Dry Van Duraplate,2014,,,6,UNITED STATES (USA),INDIANA,LAFAYETTE,,,,,61,Trailer,,,,,36,Van Trailer,,,28.000,,1,,
29,Missouri,290162,1,1,527SR532*MM******,2024-03-15 02:12:38,0,6,TRAILER,6703,CIMC REEFER TRAILER INC.,1561,"CIMC REEFER TRAILER,INC",4978,"CIMC REEFER TRAILER,INC.",2021,,,6,UNITED STATES (USA),INDIANA,MONON,"CIMC Reefer Trailer,Inc",,,,61,Trailer,,,,,36,Van Trailer,4,Straight Semi/Semi Trailer,53.000,Trailer Body Type: Reefer Van Trailer,2,,
29,Missouri,290162,3,1,1GRAP062*HT******,2024-03-15 02:12:38,0,6,TRAILER,1073,GREAT DANE TRAILERS,520,GREAT DANE TRAILERS,13436,Great Dane Trailers,2017,,,6,UNITED STATES (USA),INDIANA,TERRE HAUTE,,,,,61,Trailer,,,,,,,4,Straight Semi/Semi Trailer,53.000,Dry Freight Van / Reefer Van / Insulated Van,2,,
29,Missouri,290171,2,1,3H3V532C*MT******,2024-03-15 02:12:38,0,6,TRAILER,14282,"HYUNDAI DE MEXICO, S.A. DE C.V.",4876,HYUNDAI TRANSLEAD TRAILERS,11496,Hyundai Translead Trailers,2021,,,12,MEXICO,BAJA CALIFORNIA,TIJUANA,,,,Trailer Type: SEMITRAILER,61,Trailer,,,,,36,Van Trailer,6,Kingpin,53.000,Material: ALUMINUM/STEEL,2,,
29,Missouri,290191,1,1,1DW1A281*KS******,2024-03-15 02:12:38,0,6,TRAILER,13506,"STOUGHTON TRAILERS, INC.",3414,STOUGHTON TRAILERS,7701,Stoughton trailers,2019,,,6,UNITED STATES (USA),WISCONSIN,STOUGHTON,"Stoughton Trailers, INC",,,,61,Trailer,,,,,36,Van Trailer,4,Straight Semi/Semi Trailer,28.000,,1,,
29,Missouri,290191,1,2,1GRAA561*DK******,2024-03-15 02:12:38,0,6,TRAILER,1073,GREAT DANE TRAILERS,520,GREAT DANE TRAILERS,13436,Great Dane Trailers,2013,,,6,UNITED STATES (USA),ILLINOIS,KEWANEE,,,,,61,Trailer,,,,,,,4,Straight Semi/Semi Trailer,28.000,Dry Freight Van / Reefer Van / Insulated Van,1,,
29,Missouri,290201,2,1,1GRAA062*HW******,2024-03-15 02:12:38,0,6,TRAILER,1073,GREAT DANE TRAILERS,520,GREAT DANE TRAILERS,13436,Great Dane Trailers,2017,,,6,UNITED STATES (USA),NEBRASKA,WAYNE,,,,,61,Trailer,,,,,,,4,Straight Semi/Semi Trailer,53.000,Dry Freight Van / Reefer Van / Insulated Van,2,,
29,Missouri,290225,2,1,48X2E282*E1******,2024-03-15 02:12:38,0,6,TRAILER,10839,"TRAVIS BODY & TRAILER, INC.",3520,"TRAVIS BODY & TRAILER, INC.",7868,"TRAVIS BODY & TRAILER, INC.",2014,,,6,UNITED STATES (USA),TEXAS,HOUSTON,,,,,61,Trailer,,,,,4,Dump Trailer/Dumping Trailer,30,Other,28.000,Tumer ARx37,2,,
29,Missouri,290228,1,1,1UYVS253*DU******,2024-03-15 02:12:38,0,6,TRAILER,10289,UTILITY TRAILER MANUFACTURING COMPANY,10138,UTILITY TRAILER MANUFACTURER,26222,Utility Trailer Manufacturer,2013,,,6,UNITED STATES (USA),UTAH,CLEARFIELD,,,,,61,Trailer,,,,,36,Van Trailer,4,Straight Semi/Semi Trailer,53.000,,2,,
29,Missouri,290259,1,1,1UYVS253*H7******,2024-03-15 02:12:38,0,6,TRAILER,10289,UTILITY TRAILER MANUFACTURING COMPANY,10138,UTILITY TRAILER MANUFACTURER,26222,Utility Trailer Manufacturer,2017,,,6,UNITED STATES (USA),VIRGINIA,GLADE SPRING,,,,,61,Trailer,,,,,36,Van Trailer,4,Straight Semi/Semi Trailer,53.000,,2,,
29,Missouri,290259,2,1,3H3V532K*NJ******,2024-03-15 02:12:38,0,6,TRAILER,14282,"HYUNDAI DE MEXICO, S.A. DE C.V.",4876,HYUNDAI TRANSLEAD TRAILERS,11496,Hyundai Translead Trailers,2022,,,12,MEXICO,BAJA CALIFORNIA,TIJUANA,,,,Body Type: SEMITRAILER,61,Trailer,,,,,36,Van Trailer,6,Kingpin,53.000,,2,,
29,Missouri,290260,2,1,1DW1A281*4S******,2024-03-15 02:12:38,0,6,TRAILER,13506,"STOUGHTON TRAILERS, INC.",3414,STOUGHTON TRAILERS,7701,Stoughton trailers,2004,,,6,UNITED STATES (USA),WISCONSIN,STOUGHTON,"Stoughton Trailers, INC",,,,61,Trailer,,,,,36,Van Trailer,4,Straight Semi/Semi Trailer,28.000,,1,,
29,Missouri,290260,2,2,1U3J9101*LB******,2024-03-15 02:12:38,0,6,TRAILER,3197,SILVER EAGLE MANUFACTURING COMPANY,3598,SILVER EAGLE MANUFACTURING COMPANY,7980,SILVER EAGLE MANUFACTURING COMPANY,2020,,,6,UNITED STATES (USA),OREGON,PORTLAND,,,,,61,Trailer,,,,,54,Telescoping Trailer,2,Pintle Hitch/Hook,10.000,"TST20N T-Dolly 96"" Wide",1,,
29,Missouri,290260,2,3,1GRAA561*FK******,2024-03-15 02:12:38,0,6,TRAILER,1073,GREAT DANE TRAILERS,520,GREAT DANE TRAILERS,13436,Great Dane Trailers,2015,,,6,UNITED STATES (USA),ILLINOIS,KEWANEE,,,,,61,Trailer,,,,,,,4,Straight Semi/Semi Trailer,28.000,Dry Freight Van / Reefer Van / Insulated Van,1,,
29,Missouri,290261,1,1,3H3V532C*LR******,2024-03-15 02:12:38,0,6,TRAILER,14282,"HYUNDAI DE MEXICO, S.A. DE C.V.",4876,HYUNDAI TRANSLEAD TRAILERS,11496,Hyundai Translead Trailers,2020,,,12,MEXICO,BAJA CALIFORNIA,ROSARITO,,,,,61,Trailer,,,,,36,Van Trailer,,,53.000,Material: Aluminum/Steel,2,,
29,Missouri,290261,2,1,1DW1A281*4S******,2024-03-15 02:12:38,0,6,TRAILER,13506,"STOUGHTON TRAILERS, INC.",3414,STOUGHTON TRAILERS,7701,Stoughton trailers,2004,,,6,UNITED STATES (USA),WISCONSIN,STOUGHTON,"Stoughton Trailers, INC",,,,61,Trailer,,,,,36,Van Trailer,4,Straight Semi/Semi Trailer,28.000,,1,,
29,Missouri,290261,2,2,1U3J9101*LB******,2024-03-15 02:12:38,0,6,TRAILER,3197,SILVER EAGLE MANUFACTURING COMPANY,3598,SILVER EAGLE MANUFACTURING COMPANY,7980,SILVER EAGLE MANUFACTURING COMPANY,2020,,,6,UNITED STATES (USA),OREGON,PORTLAND,,,,,61,Trailer,,,,,54,Telescoping Trailer,2,Pintle Hitch/Hook,10.000,"TST20N T-Dolly 96"" Wide",1,,
29,Missouri,290261,2,3,1GRAA561*FK******,2024-03-15 02:12:38,0,6,TRAILER,1073,GREAT DANE TRAILERS,520,GREAT DANE TRAILERS,13436,Great Dane Trailers,2015,,,6,UNITED STATES (USA),ILLINOIS,KEWANEE,,,,,61,Trailer,,,,,,,4,Straight Semi/Semi Trailer,28.000,Dry Freight Van / Reefer Van / Insulated Van,1,,
29,Missouri,290261,4,1,1GRAP062*KK******,2024-03-15 02:12:38,0,6,TRAILER,1073,GREAT DANE TRAILERS,520,GREAT DANE TRAILERS,13436,Great Dane Trailers,2019,,,6,UNITED STATES (USA),ILLINOIS,KEWANEE,,,,,61,Trailer,,,,,36,Van Trailer,4,Straight Semi/Semi Trailer,53.000,"Semitrailer - Dry Freight Van, Reefer Van, Insulated Van",2,,
29,Missouri,290262,1,1,3H3V532C*KT******,2024-03-15 02:12:38,0,6,TRAILER,14282,"HYUNDAI DE MEXICO, S.A. DE C.V.",4876,HYUNDAI TRANSLEAD TRAILERS,11496,Hyundai Translead Trailers,2019,,,12,MEXICO,BAJA CALIFORNIA,TIJUANA,,,,,61,Trailer,,,,,36,Van Trailer,,,53.000,Material: Aluminum/Steel,2,,
29,Missouri,290262,3,1,1GRAP062*KK******,2024-03-15 02:12:38,0,6,TRAILER,1073,GREAT DANE TRAILERS,520,GREAT DANE TRAILERS,13436,Great Dane Trailers,2019,,,6,UNITED STATES (USA),ILLINOIS,KEWANEE,,,,,61,Trailer,,,,,36,Van Trailer,4,Straight Semi/Semi Trailer,53.000,"Semitrailer - Dry Freight Van, Reefer Van, Insulated Van",2,,
29,Missouri,290262,4,1,1UYVS253*EP******,2024-03-15 02:12:38,0,6,TRAILER,10289,UTILITY TRAILER MANUFACTURING COMPANY,10138,UTILITY TRAILER MANUFACTURER,26222,Utility Trailer Manufacturer,2014,,,6,UNITED STATES (USA),ARKANSAS,PARAGOULD,,,,,61,Trailer,,,,,36,Van Trailer,4,Straight Semi/Semi Trailer,53.000,,2,,
29,Missouri,290262,5,1,5ZT2RSKC*N3******,2024-03-15 02:12:38,0,6,TRAILER,1084,"FOREST RIVER, INC.",531,FOREST RIVER,18325,ROCKWOOD LIGHT WEIGHT TRAILERS,2022,,,6,UNITED STATES (USA),INDIANA,MILLERSBURG,,,,"Plant address: 302 N Wabash, Millersburg",61,Trailer,,,,,21,Travel Trailer,1,Ball Type Pull,21.000,,1,,
29,Missouri,290265,3,1,1W1MAF1A*PA******,2024-03-15 02:12:38,0,6,TRAILER,11681,WILSON TRAILER CO.,3855,WILSON TRAILER CO.,8390,Wilson Trailer Co.,1993,RIDGE STRAPS - ROLL TARP,,6,UNITED STATES (USA),IOWA,SIOUX CITY,PLANT 2,,,,61,Trailer,,,,,33,Grain Trailer,,,43.000,AXLES: TWO AIR-RIDE,2,,
29,Missouri,290273,1,1,1GR1P062*NJ******,2024-03-15 02:12:38,0,6,TRAILER,1073,GREAT DANE TRAILERS,520,GREAT DANE TRAILERS,13436,Great Dane Trailers,2022,,,6,UNITED STATES (USA),ARKANSAS,JONESBORO,,,,,61,Trailer,,,,,,,6,Kingpin,53.000,"Semitrailer - dry freight, reefer, or insulated van",2,,
29,Missouri,290325,2,1,1UYVS253*BP******,2024-03-15 02:12:38,0,6,TRAILER,10289,UTILITY TRAILER MANUFACTURING COMPANY,10138,UTILITY TRAILER MANUFACTURER,26222,Utility Trailer Manufacturer,2011,,,6,UNITED STATES (USA),ARKANSAS,PARAGOULD,,,,,61,Trailer,,,,,36,Van Trailer,4,Straight Semi/Semi Trailer,53.000,,2,,
29,Missouri,290343,1,1,53BATEA2*MB******,2024-03-15 02:12:38,0,6,TRAILER,6339,"LGS INDUSTRIES, INC.",1919,LGS INDUSTRIES,26090,Impact,2021,,,6,UNITED STATES (USA),INDIANA,BRISTOL,,,,,61,Trailer,,,,,5,Enclosed Trailer,,,,Type of Trailer: Tag,2,,
29,Missouri,290343,2,1,1GRAA062*5T******,2024-03-15 02:12:38,0,6,TRAILER,1073,GREAT DANE TRAILERS,520,GREAT DANE TRAILERS,13436,Great Dane Trailers,2005,,,6,UNITED STATES (USA),INDIANA,TERRE HAUTE,,,,Effective 03/01/00,61,Trailer,,,,,36,Van Trailer,4,Straight Semi/Semi Trailer,6.000,Trailer Type = Dry Freight/ Reefer/ Insulated Van,2,,
29,Missouri,290346,3,1,1PLE0452*NP******,2024-03-15 02:12:38,0,6,TRAILER,18041,PEERLESS CORPORATION,9288,PEERLESS,23523,Peerless,2022,,,6,UNITED STATES (USA),ARKANSAS,PARAGOULD,,,,,61,Trailer,,,,,34,Chipper Trailer,,,45.000,,2,,
29,Missouri,290351,1,1,1UYVS253*1P******,2024-03-15 02:12:38,"1,400",6,TRAILER,10289,UTILITY TRAILER MANUFACTURING COMPANY,10138,UTILITY TRAILER MANUFACTURER,26222,Utility Trailer Manufacturer,2001,,,6,UNITED STATES (USA),ARKANSAS,PARAGOULD,,,,,61,Trailer,,,,,36,Van Trailer,4,Straight Semi/Semi Trailer,53.000,,2,,
29,Missouri,290380,1,1,3H3V532C*JT******,2024-03-15 02:12:38,0,6,TRAILER,14282,"HYUNDAI DE MEXICO, S.A. DE C.V.",4876,HYUNDAI TRANSLEAD TRAILERS,11496,Hyundai Translead Trailers,2018,,,12,MEXICO,BAJA CALIFORNIA,TIJUANA,,,,,61,Trailer,,,,,36,Van Trailer,,,53.000,Material: Aluminum/Steel,2,,
29,Missouri,290395,2,1,7HLBE162*KE******,2024-03-15 02:12:38,0,6,TRAILER,17653,"3&1 ENTERPRISES, LLC DBA IMPACT TRAILERS",8792,"3&1 ENTERPRISES, LLC DBA IMPACT TRAILERS",22887,"3&1 Enterprises, LLC dba Impact Trailers",2019,,,6,UNITED STATES (USA),INDIANA,ELKHART,,,,,61,Trailer,,,,,5,Enclosed Trailer,1,Ball Type Pull,16.000,,2,,
29,Missouri,290420,1,1,1UYVS253*HG******,2024-03-15 02:12:38,0,6,TRAILER,10289,UTILITY TRAILER MANUFACTURING COMPANY,10138,UTILITY TRAILER MANUFACTURER,26222,Utility Trailer Manufacturer,2017,,,6,UNITED STATES (USA),VIRGINIA,GLADE SPRING,,,,,61,Trailer,,,,,36,Van Trailer,4,Straight Semi/Semi Trailer,53.000,,2,,
29,Missouri,290462,2,1,1GRAA062*JW******,2024-03-15 02:12:38,0,6,TRAILER,1073,GREAT DANE TRAILERS,520,GREAT DANE TRAILERS,13436,Great Dane Trailers,2018,,,6,UNITED STATES (USA),NEBRASKA,WAYNE,,,,,61,Trailer,,,,,36,Van Trailer,4,Straight Semi/Semi Trailer,53.000,"Semitrailer - Dry Freight Van, Reefer Van, Insulated Van",2,,
29,Missouri,290520,1,1,1UYVS253*9G******,2024-03-15 02:12:38,0,6,TRAILER,10289,UTILITY TRAILER MANUFACTURING COMPANY,10138,UTILITY TRAILER MANUFACTURER,26222,Utility Trailer Manufacturer,2009,,,6,UNITED STATES (USA),VIRGINIA,GLADE SPRING,,,,,61,Trailer,,,,,36,Van Trailer,4,Straight Semi/Semi Trailer,53.000,,2,,
29,Missouri,290520,2,1,1GRAA062*DT******,2024-03-15 02:12:38,0,6,TRAILER,1073,GREAT DANE TRAILERS,520,GREAT DANE TRAILERS,13436,Great Dane Trailers,2013,,,6,UNITED STATES (USA),INDIANA,TERRE HAUTE,,,,,61,Trailer,,,,,,,4,Straight Semi/Semi Trailer,53.000,Dry Freight Van / Reefer Van / Insulated Van,2,,
29,Missouri,290535,2,1,5MC42321*D3******,2024-03-15 02:12:38,0,6,TRAILER,5772,"MANAC TRAILERS USA, INC.",3896,MANAC TRAILERS USA,8528,Manac,2013,,,6,UNITED STATES (USA),MISSOURI,ORAN,"Manac Trailers USA, Inc.",,,,61,Trailer,,,,,4,Dump Trailer/Dumping Trailer,4,Straight Semi/Semi Trailer,32.000,Kingpin,2,,
29,Missouri,290560,1,1,1GRAP062*FT******,2024-03-15 02:12:38,0,6,TRAILER,1073,GREAT DANE TRAILERS,520,GREAT DANE TRAILERS,13436,Great Dane Trailers,2015,,,6,UNITED STATES (USA),INDIANA,TERRE HAUTE,,,,,61,Trailer,,,,,,,4,Straight Semi/Semi Trailer,53.000,Dry Freight Van / Reefer Van / Insulated Van,2,,
29,Missouri,290565,1,1,1M9AN8G2*9H355***,2024-03-15 02:12:38,0,6,TRAILER,19392,"MISSISSIPPI TANK AND MANUFACTURING COMPANY, DBA MISSISSIPPI TANK COMPANY",10147,MISSISSIPPI TANK COMPANY,26244,Mississippi Tank Company,2009,,,6,UNITED STATES (USA),ALABAMA,HATTIESBURG,,,,,61,Trailer,,,,,,,,,,Trailer Type: Ammonia (NH3) and/or 265 W.P.,2,,
29,Missouri,290575,2,1,1W9AA382*G1198***,2024-03-15 02:12:38,0,6,TRAILER,10333,"WARREN MANUFACTURING, INC.",6970,"WARREN MANUFACTURING, INC.",18541,"WARREN MANUFACTURING, INC.",2016,,,6,UNITED STATES (USA),ALABAMA,BIRMINGHAM,,,,,61,Trailer,,,,,,,,,38.000,Aluminum Construction,2,,
29,Missouri,290602,2,1,1UYVS253*M6******,2024-03-15 02:12:38,0,6,TRAILER,10289,UTILITY TRAILER MANUFACTURING COMPANY,10138,UTILITY TRAILER MANUFACTURER,26222,Utility Trailer Manufacturer,2021,,,6,UNITED STATES (USA),VIRGINIA,MARION,,,,,61,Trailer,,,,,36,Van Trailer,4,Straight Semi/Semi Trailer,53.000,,2,,
29,Missouri,290618,2,1,1S12GC40*YB******,2024-03-15 02:12:38,0,6,TRAILER,14956,"STRICK TRAILERS, LLC",4977,STRICK COMMERCIAL TRAILER,12176,Strick Commercial Trailer,2000,,,6,UNITED STATES (USA),,BERWICK,,,,,61,Trailer,,,,,46,Chassis,3,Gooseneck,40.000,,2,3,Tandem
29,Missouri,290639,2,1,1TDH4222*GB******,2024-03-15 02:12:38,0,6,TRAILER,8330,TIMPTE INC.,5331,"TIMPTE, INC",13636,Timpte,2016,,,6,UNITED STATES (USA),NEBRASKA,DAVID CITY,,,,"Seventh VIN position indicates the additional length of the trailer to the nearest inch up to 9 inches. If the additional length is 10 inches or more the seventh character is zero (0) and the sixth character will be increased to the next foot. For example : a 42ft 9in trailer will be represent in VIN position 5, 6 & 7 as ""429"" and a 42ft 10in. trailer will be represented in VIN position 5 , 6 & 7 as ""430"" respectively.",61,Trailer,,,,,174,Dry Bulk Trailer,,,42.000,Dry Bulk-Bottom Hopper,2,,
29,Missouri,290650,2,1,1GRAA062*HT******,2024-03-15 02:12:38,0,6,TRAILER,1073,GREAT DANE TRAILERS,520,GREAT DANE TRAILERS,13436,Great Dane Trailers,2017,,,6,UNITED STATES (USA),INDIANA,TERRE HAUTE,,,,,61,Trailer,,,,,,,4,Straight Semi/Semi Trailer,53.000,Dry Freight Van / Reefer Van / Insulated Van,2,,
29,Missouri,290677,1,1,1JJV532W*7L******,2024-03-15 02:12:38,0,6,TRAILER,14508,WABASH NATIONAL CORPORATION,4847,WABASH,13327,Wabash National Corporation,2007,,,6,UNITED STATES (USA),INDIANA,LAFAYETTE,,,,,61,Trailer,,,,,36,Van Trailer,,,53.000,,2,,
29,Missouri,290703,2,1,1JJV281W*7L******,2024-03-15 02:12:38,0,6,TRAILER,14508,WABASH NATIONAL CORPORATION,4847,WABASH,13327,Wabash National Corporation,2007,,,6,UNITED STATES (USA),INDIANA,LAFAYETTE,,,,,61,Trailer,,,,,36,Van Trailer,,,28.000,,1,,
29,Missouri,290703,2,2,1JJV281D*JL******,2024-03-15 02:12:38,0,6,TRAILER,14508,WABASH NATIONAL CORPORATION,12319,WABASH VANS,10942,Dry Van Duraplate,2018,,,6,UNITED STATES (USA),INDIANA,LAFAYETTE,,,,,61,Trailer,,,,,36,Van Trailer,,,28.000,,1,,
29,Missouri,290708,1,1,1UYVS253*J2******,2024-03-15 02:12:38,0,6,TRAILER,10289,UTILITY TRAILER MANUFACTURING COMPANY,10138,UTILITY TRAILER MANUFACTURER,26222,Utility Trailer Manufacturer,2018,,,6,UNITED STATES (USA),UTAH,CLEARFIELD,,,,,61,Trailer,,,,,36,Van Trailer,4,Straight Semi/Semi Trailer,53.000,,2,,
29,Missouri,290715,1,1,1UNST422*CL******,2024-03-15 02:12:38,0,6,TRAILER,1739,"DRAGON PRODUCTS, LLC",956,DRAGON PRODUCTS,4976,Dragon Products,2012,,,6,UNITED STATES (USA),TEXAS,LAPORTE,,,,,61,Trailer,,,,,15,Tank Trailer,4,Straight Semi/Semi Trailer,42.000,,2,,
29,Missouri,290717,1,1,1W1K4432*M7******,2024-03-15 02:12:38,0,6,TRAILER,11681,WILSON TRAILER CO.,10450,WILSON,27561,Wilson,2021,,,6,UNITED STATES (USA),SOUTH DAKOTA,LENNOX,,,,,61,Trailer,,,,,33,Grain Trailer,6,Kingpin,43.000,,2,,
29,Missouri,290744,2,1,1GRAP062*MT******,2024-03-15 02:12:38,0,6,TRAILER,1073,GREAT DANE TRAILERS,520,GREAT DANE TRAILERS,13436,Great Dane Trailers,2021,,,6,UNITED STATES (USA),INDIANA,TERRE HAUTE,,,,,61,Trailer,,,,,36,Van Trailer,4,Straight Semi/Semi Trailer,53.000,"Semitrailer - Dry Freight Van, Reefer Van, Insulated Van",2,,
29,Missouri,290764,1,1,1UYVS253*BU******,2024-03-15 02:12:38,0,6,TRAILER,10289,UTILITY TRAILER MANUFACTURING COMPANY,10138,UTILITY TRAILER MANUFACTURER,26222,Utility Trailer Manufacturer,2011,,,6,UNITED STATES (USA),UTAH,CLEARFIELD,,,,,61,Trailer,,,,,36,Van Trailer,4,Straight Semi/Semi Trailer,53.000,,2,,
29,Missouri,290783,2,1,1TDH5002*8B******,2024-03-15 02:12:38,0,6,TRAILER,8330,TIMPTE INC.,5331,"TIMPTE, INC",13636,Timpte,2008,,,6,UNITED STATES (USA),NEBRASKA,DAVID CITY,,,,"Seventh VIN position indicates the additional length of the trailer to the nearest inch up to 9 inches. If the additional length is 10 inches or more the seventh character is zero (0) and the sixth character will be increased to the next foot. For example : a 42ft 9in trailer will be represent in VIN position 5, 6 & 7 as ""429"" and a 42ft 10in. trailer will be represented in VIN position 5 , 6 & 7 as ""430"" respectively.",61,Trailer,,,,,174,Dry Bulk Trailer,,,50.000,Dry Bulk-Bottom Hopper,2,,
29,Missouri,290791,2,1,1UYVS253*EP******,2024-03-15 02:12:38,0,6,TRAILER,10289,UTILITY TRAILER MANUFACTURING COMPANY,10138,UTILITY TRAILER MANUFACTURER,26222,Utility Trailer Manufacturer,2014,,,6,UNITED STATES (USA),ARKANSAS,PARAGOULD,,,,,61,Trailer,,,,,36,Van Trailer,4,Straight Semi/Semi Trailer,53.000,,2,,
29,Missouri,290800,1,1,1PT01AAD*T9******,2024-03-15 02:12:38,0,6,TRAILER,3233,TRAILMOBILE (PULLMAN INCORPORATED),6072,TRAILMOBILE,15904,Trailmobile Trailer,1996,Optimum,,6,UNITED STATES (USA),ILLINOIS,CHARLESTON,,,,,61,Trailer,,,,,,,,,,Straight Frame,,5,Single
29,Missouri,290812,3,1,1JJV532W*6L******,2024-03-15 02:12:38,0,6,TRAILER,14508,WABASH NATIONAL CORPORATION,4847,WABASH,13327,Wabash National Corporation,2006,,,6,UNITED STATES (USA),INDIANA,LAFAYETTE,,,,,61,Trailer,,,,,36,Van Trailer,,,53.000,,2,,
29,Missouri,290821,2,1,1DW1A532*PS******,2024-03-15 02:12:38,0,6,TRAILER,13506,"STOUGHTON TRAILERS, INC.",3414,STOUGHTON TRAILERS,7701,Stoughton trailers,2023,,,6,UNITED STATES (USA),WISCONSIN,STOUGHTON,"Stoughton Trailers, INC",,,,61,Trailer,,,,,36,Van Trailer,4,Straight Semi/Semi Trailer,53.000,,2,,
29,Missouri,290843,1,1,48X1F392*D1******,2024-03-15 02:12:38,0,6,TRAILER,10839,"TRAVIS BODY & TRAILER, INC.",3520,"TRAVIS BODY & TRAILER, INC.",7868,"TRAVIS BODY & TRAILER, INC.",2013,,,6,UNITED STATES (USA),TEXAS,HOUSTON,,,,,61,Trailer,,,,,4,Dump Trailer/Dumping Trailer,30,Other,39.000,Tumer ARx43,2,,
29,Missouri,290846,1,1,1TDH4222*9B******,2024-03-15 02:12:38,0,6,TRAILER,8330,TIMPTE INC.,5331,"TIMPTE, INC",13636,Timpte,2009,,,6,UNITED STATES (USA),NEBRASKA,DAVID CITY,,,,"Seventh VIN position indicates the additional length of the trailer to the nearest inch up to 9 inches. If the additional length is 10 inches or more the seventh character is zero (0) and the sixth character will be increased to the next foot. For example : a 42ft 9in trailer will be represent in VIN position 5, 6 & 7 as ""429"" and a 42ft 10in. trailer will be represented in VIN position 5 , 6 & 7 as ""430"" respectively.",61,Trailer,,,,,174,Dry Bulk Trailer,,,42.000,Dry Bulk-Bottom Hopper,2,,
29,Missouri,290846,2,1,1JJV532W*5L******,2024-03-15 02:12:38,0,6,TRAILER,14508,WABASH NATIONAL CORPORATION,4847,WABASH,13327,Wabash National Corporation,2005,,,6,UNITED STATES (USA),INDIANA,LAFAYETTE,,,,,61,Trailer,,,,,36,Van Trailer,,,53.000,,2,,
29,Missouri,290862,1,1,1GR1A561*LD******,2024-03-15 02:12:38,0,6,TRAILER,1073,GREAT DANE TRAILERS,520,GREAT DANE TRAILERS,13436,Great Dane Trailers,2020,,,6,UNITED STATES (USA),PENNSYLVANIA,DANVILLE,,,,,61,Trailer,,,,,,,6,Kingpin,28.000,"Semitrailer - dry freight, reefer, or insulated van",1,,
29,Missouri,290862,1,2,3H3V281C*KT******,2024-03-15 02:12:38,0,6,TRAILER,14282,"HYUNDAI DE MEXICO, S.A. DE C.V.",4876,HYUNDAI TRANSLEAD TRAILERS,11496,Hyundai Translead Trailers,2019,,,12,MEXICO,BAJA CALIFORNIA,TIJUANA,,,,,61,Trailer,,,,,36,Van Trailer,,,28.000,Material: Aluminum/Steel,1,,
29,Missouri,290863,1,1,1PMA2442*85******,2024-03-15 02:12:38,0,6,TRAILER,6179,"POLAR TANK TRAILER, LLC",2921,POLAR TANK TRAILER,6874,Polar Tank Trailer,2008,,,6,UNITED STATES (USA),MISSOURI,SPRINGFIELD,,,,,61,Trailer,,,,,15,Tank Trailer,30,Other,44.000,Vessel Code: DOT 406,2,,
29,Missouri,290865,2,1,1DW1A532*FS******,2024-03-15 02:12:38,0,6,TRAILER,13506,"STOUGHTON TRAILERS, INC.",3414,STOUGHTON TRAILERS,7701,Stoughton trailers,2015,,,6,UNITED STATES (USA),WISCONSIN,STOUGHTON,"Stoughton Trailers, INC",,,,61,Trailer,,,,,36,Van Trailer,4,Straight Semi/Semi Trailer,53.000,,2,,
29,Missouri,290891,2,1,1UYVS253*GU******,2024-03-15 02:12:38,0,6,TRAILER,10289,UTILITY TRAILER MANUFACTURING COMPANY,10138,UTILITY TRAILER MANUFACTURER,26222,Utility Trailer Manufacturer,2016,,,6,UNITED STATES (USA),UTAH,CLEARFIELD,,,,,61,Trailer,,,,,36,Van Trailer,4,Straight Semi/Semi Trailer,53.000,,2,,
29,Missouri,290914,1,1,3H3V532C*MT******,2024-03-15 02:12:38,0,6,TRAILER,14282,"HYUNDAI DE MEXICO, S.A. DE C.V.",4876,HYUNDAI TRANSLEAD TRAILERS,11496,Hyundai Translead Trailers,2021,,,12,MEXICO,BAJA CALIFORNIA,TIJUANA,,,,Trailer Type: SEMITRAILER,61,Trailer,,,,,36,Van Trailer,6,Kingpin,53.000,Material: ALUMINUM/STEEL,2,,
29,Missouri,290919,1,1,1W1P5326*M5******,2024-03-15 02:12:38,0,6,TRAILER,11681,WILSON TRAILER CO.,10450,WILSON,27561,Wilson,2021,,,6,UNITED STATES (USA),SOUTH DAKOTA,YANKTON,,,,,61,Trailer,,,,,6,Flat Bed Trailer/Platform Trailer,2,Pintle Hitch/Hook,32.000,,6,,
29,Missouri,290958,2,1,1UYVS253*J3******,2024-03-15 02:12:38,0,6,TRAILER,10289,UTILITY TRAILER MANUFACTURING COMPANY,10138,UTILITY TRAILER MANUFACTURER,26222,Utility Trailer Manufacturer,2018,,,6,UNITED STATES (USA),ARKANSAS,PARAGOULD,,,,,61,Trailer,,,,,36,Van Trailer,4,Straight Semi/Semi Trailer,53.000,,2,,
29,Missouri,290961,1,1,1UYVS253*P3******,2024-03-15 02:12:38,0,6,TRAILER,10289,UTILITY TRAILER MANUFACTURING COMPANY,10138,UTILITY TRAILER MANUFACTURER,26222,Utility Trailer Manufacturer,2023,,,6,UNITED STATES (USA),ARKANSAS,PARAGOULD,,,,,61,Trailer,,,,,36,Van Trailer,4,Straight Semi/Semi Trailer,53.000,,2,,
29,Missouri,290975,2,1,13N14820*K1******,2024-03-15 02:12:38,0,6,TRAILER,12268,FONTAINE COMMERCIAL PLATFORM,1128,FONTAINE TRAILER CO.,4416,Fontaine Trailer Co.,2019,,,6,UNITED STATES (USA),ALABAMA,HALEYVILLE,,,,Optional Features: None,61,Trailer,,,,,6,Flat Bed Trailer/Platform Trailer,,,48.000,,2,,
30,Montana,300002,1,1,1GR1A062*NK******,2024-03-15 02:12:38,0,6,TRAILER,1073,GREAT DANE TRAILERS,520,GREAT DANE TRAILERS,13436,Great Dane Trailers,2022,,,6,UNITED STATES (USA),ILLINOIS,KEWANEE,,,,,61,Trailer,,,,,,,6,Kingpin,53.000,"Semitrailer - dry freight, reefer, or insulated van",2,,
30,Montana,300004,2,1,527SR532*NM******,2024-03-15 02:12:38,0,6,TRAILER,6703,CIMC REEFER TRAILER INC.,1561,"CIMC REEFER TRAILER,INC",4978,"CIMC REEFER TRAILER,INC.",2022,,,6,UNITED STATES (USA),INDIANA,MONON,"CIMC Reefer Trailer,Inc",,,,61,Trailer,,,,,36,Van Trailer,4,Straight Semi/Semi Trailer,53.000,Trailer Body Type: Reefer Van Trailer,2,,
30,Montana,300014,1,1,1GRAP062*KT******,2024-03-15 02:12:38,0,6,TRAILER,1073,GREAT DANE TRAILERS,520,GREAT DANE TRAILERS,13436,Great Dane Trailers,2019,,,6,UNITED STATES (USA),INDIANA,TERRE HAUTE,,,,,61,Trailer,,,,,36,Van Trailer,4,Straight Semi/Semi Trailer,53.000,"Semitrailer - Dry Freight Van, Reefer Van, Insulated Van",2,,
30,Montana,300016,1,1,5DN11534*BB******,2024-03-15 02:12:38,0,6,TRAILER,8543,WESTERN TRAILER COMPANY,3808,WESTERN TRAILER COMPANY,8295,Western Trailer Company,2011,,,6,UNITED STATES (USA),IDAHO,BOISE,Western Trailer Company,,,,61,Trailer,,,,,6,Flat Bed Trailer/Platform Trailer,4,Straight Semi/Semi Trailer,53.000,,4,,
30,Montana,300021,1,1,3H3V532C*ET******,2024-03-15 02:12:38,0,6,TRAILER,14282,"HYUNDAI DE MEXICO, S.A. DE C.V.",4876,HYUNDAI TRANSLEAD TRAILERS,11496,Hyundai Translead Trailers,2014,,,12,MEXICO,BAJA CALIFORNIA,TIJUANA,,,,,61,Trailer,,,,,36,Van Trailer,,,53.000,Material: Aluminum/Steel,2,,
30,Montana,300029,2,1,1PMS3501*F1******,2024-03-15 02:12:38,0,6,TRAILER,6179,"POLAR TANK TRAILER, LLC",2921,POLAR TANK TRAILER,6874,Polar Tank Trailer,2015,,,6,UNITED STATES (USA),MINNESOTA,OPOLE,,,,,61,Trailer,,,,,15,Tank Trailer,,,50.000,Vessel Code: DOT 407,1,,
30,Montana,300029,3,1,1LH835WH*M1******,2024-03-15 02:12:38,0,6,TRAILER,3729,"LANDOLL COMPANY, LLC",2123,LANDOLL CORPORATION,24431,835F,2021,,,6,UNITED STATES (USA),KANSAS,MARYSVILLE,,,,Dual Wheels,61,Trailer,9,"Class 8: 33,001 lb and above (14,969 kg and above)",,,26,Fifth Wheel,3,Gooseneck,,"Tandem axle (25,000 lb. capacity) anti-lock brakes, 10' 9"" or 12' detachable gooseneck, 22 to 32 ft. bed. Updated Grote electrical system, and high flow hydraulics. Color coded airlines with air suspension control center with high flow suspension dump. GVWR 88,000 pounds (39,917 kg)",,3,Tandem
30,Montana,300033,2,1,1A9LS252*ED571***,2024-03-15 02:12:38,0,6,TRAILER,5716,ALPINE INDUSTRIAL LLC,8911,"ALPINE INDUSTRIAL, LLC",23020,"Alpine Industrial, LLC",2014,,,6,UNITED STATES (USA),IDAHO,DEARY,,,,,61,Trailer,,,,,102,Standard,,,25.000,Log/Fabricated Frame,2,,
30,Montana,300036,2,1,5DN11534*KB******,2024-03-15 02:12:38,0,6,TRAILER,8543,WESTERN TRAILER COMPANY,3808,WESTERN TRAILER COMPANY,8295,Western Trailer Company,2019,,,6,UNITED STATES (USA),IDAHO,BOISE,Western Trailer Company,,,,61,Trailer,,,,,6,Flat Bed Trailer/Platform Trailer,4,Straight Semi/Semi Trailer,53.000,,4,,
30,Montana,300038,1,1,5VKBF121*MS******,2024-03-15 02:12:38,0,6,TRAILER,11571,"GREAT NORTHERN TRAILER WORKS, INC.",1410,GREAT NORTHERN TRAILER WORKS,4757,GREAT NORTHERN TRAILER WORKS,2021,,,6,UNITED STATES (USA),OREGON,SUTHERLIN,,,,,61,Trailer,,,,,6,Flat Bed Trailer/Platform Trailer,1,Ball Type Pull,12.000,,1,,
30,Montana,300038,2,1,3H3V532C*MR******,2024-03-15 02:12:38,0,6,TRAILER,14282,"HYUNDAI DE MEXICO, S.A. DE C.V.",4876,HYUNDAI TRANSLEAD TRAILERS,11496,Hyundai Translead Trailers,2021,,,12,MEXICO,BAJA CALIFORNIA,ROSARITO,,,,Trailer Type: SEMITRAILER,61,Trailer,,,,,36,Van Trailer,6,Kingpin,53.000,Material: ALUMINUM/STEEL,2,,
30,Montana,300072,2,1,1UYVS253*AU******,2024-03-15 02:12:38,0,6,TRAILER,10289,UTILITY TRAILER MANUFACTURING COMPANY,10138,UTILITY TRAILER MANUFACTURER,26222,Utility Trailer Manufacturer,2010,,,6,UNITED STATES (USA),UTAH,CLEARFIELD,,,,,61,Trailer,,,,,36,Van Trailer,4,Straight Semi/Semi Trailer,53.000,,2,,
30,Montana,300078,1,1,4P5DL142*G1******,2024-03-15 02:12:38,0,6,TRAILER,16013,"PJ TRAILERS MANUFACTURING, INC.",6060,PJ,28324,PJ,2016,,,6,UNITED STATES (USA),TEXAS,SUMNER,,,,,61,Trailer,,,,,4,Dump Trailer/Dumping Trailer,30,Other,14.000,Variable HITCH based on Size/Type of Trailer,2,,
30,Montana,300078,4,1,1TKD0433*MW******,2024-03-15 02:12:38,0,6,TRAILER,13498,TRAIL KING INDUSTRIES,3251,TRAIL KING INDUSTRIES,7386,TRAIL KING INDUSTRIES,2021,,,6,UNITED STATES (USA),NORTH DAKOTA,WEST FARGO,,,,Configuration: Position not used at this time.,61,Trailer,,,,,4,Dump Trailer/Dumping Trailer,,,43.000,"Trailer Length: Inverted Hoist= Add 2FT( but leave the unit part # as is)   Extend Apron = Add 1 Ft( if apron 14"" extended floor plate)",3,,
30,Montana,300092,2,2,1UYVS128*M2******,2024-03-15 02:12:38,0,6,TRAILER,10289,UTILITY TRAILER MANUFACTURING COMPANY,10138,UTILITY TRAILER MANUFACTURER,26222,Utility Trailer Manufacturer,2021,,,6,UNITED STATES (USA),UTAH,CLEARFIELD,,,,,61,Trailer,,,,,36,Van Trailer,4,Straight Semi/Semi Trailer,28.000,,1,,
30,Montana,300123,2,1,4YMBU121*HN******,2024-03-15 02:12:38,0,6,TRAILER,13315,"CARRY-ON TRAILER, INC.",4933,CARRY-ON TRAILER,12040,Carry-On Trailer,2017,,,6,UNITED STATES (USA),NEVADA,WINNEMUCCA,,,,,61,Trailer,,,,,32,Open Bed Trailer,1,Ball Type Pull,12.000,,1,,
30,Montana,300137,2,1,5DN11534*5B******,2024-03-15 02:12:38,0,6,TRAILER,8543,WESTERN TRAILER COMPANY,3808,WESTERN TRAILER COMPANY,8295,Western Trailer Company,2005,,,6,UNITED STATES (USA),IDAHO,BOISE,Western Trailer Company,,,,61,Trailer,,,,,6,Flat Bed Trailer/Platform Trailer,4,Straight Semi/Semi Trailer,53.000,,4,,
30,Montana,300147,1,1,1GRAA062*EE******,2024-03-15 02:12:38,1,6,TRAILER,1073,GREAT DANE TRAILERS,520,GREAT DANE TRAILERS,13436,Great Dane Trailers,2014,,,6,UNITED STATES (USA),GEORGIA,STATESBORO,,,,,61,Trailer,,,,,,,4,Straight Semi/Semi Trailer,53.000,Dry Freight Van / Reefer Van / Insulated Van,2,,
30,Montana,300147,3,1,1UYVS253*FM******,2024-03-15 02:12:38,0,6,TRAILER,10289,UTILITY TRAILER MANUFACTURING COMPANY,10138,UTILITY TRAILER MANUFACTURER,26222,Utility Trailer Manufacturer,2015,,,6,UNITED STATES (USA),VIRGINIA,MARION,,,,,61,Trailer,,,,,36,Van Trailer,4,Straight Semi/Semi Trailer,53.000,,2,,
30,Montana,300172,1,1,3H3V532C*HT******,2024-03-15 02:12:38,0,6,TRAILER,14282,"HYUNDAI DE MEXICO, S.A. DE C.V.",4876,HYUNDAI TRANSLEAD TRAILERS,11496,Hyundai Translead Trailers,2017,,,12,MEXICO,BAJA CALIFORNIA,TIJUANA,,,,,61,Trailer,,,,,36,Van Trailer,,,53.000,Material: Aluminum/Steel,2,,
30,Montana,300173,2,1,5R8GF402*NM******,2024-03-15 02:12:38,0,6,TRAILER,10758,"MAXEY TRAILERS MFG., INC.",8628,MAXEY TRAILERS MFG,22643,Maxey Trailers MFG,2022,,,6,UNITED STATES (USA),TEXAS,MAXEY,,,,,61,Trailer,,,,,6,Flat Bed Trailer/Platform Trailer,3,Gooseneck,40.000,,2,,
31,Nebraska,310018,1,1,3H3V532C*MR******,2024-03-15 02:12:38,0,6,TRAILER,14282,"HYUNDAI DE MEXICO, S.A. DE C.V.",4876,HYUNDAI TRANSLEAD TRAILERS,11496,Hyundai Translead Trailers,2021,,,12,MEXICO,BAJA CALIFORNIA,ROSARITO,,,,Trailer Type: SEMITRAILER,61,Trailer,,,,,36,Van Trailer,6,Kingpin,53.000,Material: ALUMINUM/STEEL,2,,
31,Nebraska,310018,2,1,1UYVS253*L6******,2024-03-15 02:12:38,0,6,TRAILER,10289,UTILITY TRAILER MANUFACTURING COMPANY,10138,UTILITY TRAILER MANUFACTURER,26222,Utility Trailer Manufacturer,2020,,,6,UNITED STATES (USA),VIRGINIA,MARION,,,,,61,Trailer,,,,,36,Van Trailer,4,Straight Semi/Semi Trailer,53.000,,2,,
31,Nebraska,310018,3,1,1W1B5328*L6******,2024-03-15 02:12:38,0,6,TRAILER,11681,WILSON TRAILER CO.,10450,WILSON,27561,Wilson,2020,,,6,UNITED STATES (USA),MISSOURI,MOBERLY,,,,,61,Trailer,,,,,6,Flat Bed Trailer/Platform Trailer,31,Ball Hitch,32.000,,8,,
31,Nebraska,310019,1,1,3H3V532C*KR******,2024-03-15 02:12:38,0,6,TRAILER,14282,"HYUNDAI DE MEXICO, S.A. DE C.V.",4876,HYUNDAI TRANSLEAD TRAILERS,11496,Hyundai Translead Trailers,2019,,,12,MEXICO,BAJA CALIFORNIA,ROSARITO,,,,,61,Trailer,,,,,36,Van Trailer,,,53.000,Material: Aluminum/Steel,2,,
31,Nebraska,310020,7,1,4J6US182*2B******,2024-03-15 02:12:38,1,6,TRAILER,2826,THE H&H TRAILER CO.,6221,H&H TRAILER CO,17237,H&H Trailer Co,2002,,,6,UNITED STATES (USA),IOWA,BRADDYVILLE,,,,,61,Trailer,,,,,16,Utility Trailer,,,18.000,,2,5,Single
31,Nebraska,310048,2,1,575200F2*JH******,2024-03-15 02:12:38,0,6,TRAILER,16014,"UNIVERSAL TRAILER CARGO GROUP, INC.",6062,WELLS CARGO,15857,Wells Cargo Trailer,2018,,,6,UNITED STATES (USA),INDIANA,ELKHART,,,,,61,Trailer,,,,,101,Other,30,Other,,Enclosed or Flatbed Trailer,2,,
31,Nebraska,310048,3,1,1DW1A532*6S******,2024-03-15 02:12:38,0,6,TRAILER,13506,"STOUGHTON TRAILERS, INC.",3414,STOUGHTON TRAILERS,7701,Stoughton trailers,2006,,,6,UNITED STATES (USA),WISCONSIN,STOUGHTON,"Stoughton Trailers, INC",,,,61,Trailer,,,,,36,Van Trailer,4,Straight Semi/Semi Trailer,53.000,,2,,
31,Nebraska,310054,2,1,1TDH4302*LB******,2024-03-15 02:12:38,0,6,TRAILER,8330,TIMPTE INC.,5331,"TIMPTE, INC",13636,Timpte,2020,,,6,UNITED STATES (USA),NEBRASKA,DAVID CITY,,,,"Seventh VIN position indicates the additional length of the trailer to the nearest inch up to 9 inches. If the additional length is 10 inches or more the seventh character is zero (0) and the sixth character will be increased to the next foot. For example : a 42ft 9in trailer will be represent in VIN position 5, 6 & 7 as ""429"" and a 42ft 10in. trailer will be represented in VIN position 5 , 6 & 7 as ""430"" respectively.",61,Trailer,,,,,174,Dry Bulk Trailer,,,43.000,Dry Bulk-Bottom Hopper,2,,
31,Nebraska,310059,2,1,16V3F332*N6******,2024-03-15 02:12:38,0,6,TRAILER,9132,"BIG TEX TRAILER MANUFACTURING, LLC",1136,BIG TEX,5625,Big Tex,2022,,,6,UNITED STATES (USA),TEXAS,WILLS POINT,"Big Tex Trailer Manufacturing, Inc.",,,,61,Trailer,,,,,6,Flat Bed Trailer/Platform Trailer,3,Gooseneck,33.000,,2,,
31,Nebraska,310062,2,1,1GRAA062*4B******,2024-03-15 02:12:38,0,6,TRAILER,1073,GREAT DANE TRAILERS,520,GREAT DANE TRAILERS,13436,Great Dane Trailers,2004,,,6,UNITED STATES (USA),INDIANA,BRAZIL,,,,,61,Trailer,,,,,36,Van Trailer,4,Straight Semi/Semi Trailer,6.000,Trailer Type = Dry Freight/ Reefer/ Insulated Van,2,,
31,Nebraska,310131,1,1,1TDH5003*HB******,2024-03-15 02:12:38,0,6,TRAILER,8330,TIMPTE INC.,5331,"TIMPTE, INC",13636,Timpte,2017,,,6,UNITED STATES (USA),NEBRASKA,DAVID CITY,,,,"Seventh VIN position indicates the additional length of the trailer to the nearest inch up to 9 inches. If the additional length is 10 inches or more the seventh character is zero (0) and the sixth character will be increased to the next foot. For example : a 42ft 9in trailer will be represent in VIN position 5, 6 & 7 as ""429"" and a 42ft 10in. trailer will be represented in VIN position 5 , 6 & 7 as ""430"" respectively.",61,Trailer,,,,,174,Dry Bulk Trailer,,,50.000,Dry Bulk-Bottom Hopper,3,,
31,Nebraska,310139,2,1,1UYFS253*N5******,2024-03-15 02:12:38,0,6,TRAILER,10289,UTILITY TRAILER MANUFACTURING COMPANY,10138,UTILITY TRAILER MANUFACTURER,26222,Utility Trailer Manufacturer,2022,,,6,UNITED STATES (USA),ALABAMA,ENTERPRISE,,,,,61,Trailer,,,,,6,Flat Bed Trailer/Platform Trailer,4,Straight Semi/Semi Trailer,53.000,,2,,
31,Nebraska,310147,2,1,1GRAA062*JB******,2024-03-15 02:12:38,0,6,TRAILER,1073,GREAT DANE TRAILERS,520,GREAT DANE TRAILERS,13436,Great Dane Trailers,2018,,,6,UNITED STATES (USA),INDIANA,BRAZIL,,,,,61,Trailer,,,,,36,Van Trailer,4,Straight Semi/Semi Trailer,53.000,"Semitrailer - Dry Freight Van, Reefer Van, Insulated Van",2,,
31,Nebraska,310160,2,1,1F9SE422*YB114***,2024-03-15 02:12:38,0,6,TRAILER,5143,FARM BED MANUFACTURING,6750,EAGLE BRIDGE,18168,EAGLE BRIDGE,2000,,,6,UNITED STATES (USA),IDAHO,BOISE,,,,,61,Trailer,,,,,,,,,42.000,SELF LOADING TRAILER,2,,
31,Nebraska,310196,1,1,1PMA2533*45******,2024-03-15 02:12:38,0,6,TRAILER,6179,"POLAR TANK TRAILER, LLC",2921,POLAR TANK TRAILER,6874,Polar Tank Trailer,2004,,,6,UNITED STATES (USA),MISSOURI,SPRINGFIELD,,,,,61,Trailer,,,,,15,Tank Trailer,30,Other,53.000,Vessel Code: DOT 406,3,,
31,Nebraska,310196,2,1,1DW1A532*KS******,2024-03-15 02:12:38,0,6,TRAILER,13506,"STOUGHTON TRAILERS, INC.",3414,STOUGHTON TRAILERS,7701,Stoughton trailers,2019,,,6,UNITED STATES (USA),WISCONSIN,STOUGHTON,"Stoughton Trailers, INC",,,,61,Trailer,,,,,36,Van Trailer,4,Straight Semi/Semi Trailer,53.000,,2,,
32,Nevada,320052,1,1,1WC200C1*47******,2024-03-15 02:12:38,0,6,TRAILER,16014,"UNIVERSAL TRAILER CARGO GROUP, INC.",6062,WELLS CARGO,15857,Wells Cargo Trailer,2004,,,6,UNITED STATES (USA),ARIZONA,,,,,,61,Trailer,,,,,5,Enclosed Trailer,,,,8 to less than 10 ft,1,,
32,Nevada,320072,2,1,3H3C402K*NJ******,2024-03-15 02:12:38,0,6,TRAILER,14282,"HYUNDAI DE MEXICO, S.A. DE C.V.",4876,HYUNDAI TRANSLEAD TRAILERS,11496,Hyundai Translead Trailers,2022,,,12,MEXICO,BAJA CALIFORNIA,TIJUANA,,,,Body Type: SEMITRAILER,61,Trailer,,,,,109,Container Chassis/Container Trailer,6,Kingpin,40.000,,2,,
32,Nevada,320079,1,1,3H3V532K*NS******,2024-03-15 02:12:38,0,6,TRAILER,14282,"HYUNDAI DE MEXICO, S.A. DE C.V.",4876,HYUNDAI TRANSLEAD TRAILERS,11496,Hyundai Translead Trailers,2022,,,12,MEXICO,BAJA CALIFORNIA,ROSARITO,,,,Body Type: SEMITRAILER,61,Trailer,,,,,36,Van Trailer,6,Kingpin,53.000,,2,,
32,Nevada,320130,3,1,1GR1A062*NW******,2024-03-15 02:12:38,0,6,TRAILER,1073,GREAT DANE TRAILERS,520,GREAT DANE TRAILERS,13436,Great Dane Trailers,2022,,,6,UNITED STATES (USA),NEBRASKA,WAYNE,,,,,61,Trailer,,,,,,,6,Kingpin,53.000,"Semitrailer - dry freight, reefer, or insulated van",2,,
32,Nevada,320160,1,1,5WSABB23*KN******,2024-03-15 02:12:38,0,6,TRAILER,10142,WALKER STAINLESS EQUIPMENT CO,6978,WALKER,32634,NON-DOT/TC Spec,2019,3A/Foodgrade/Water/Fertilizer/Septic/Dry Bulk/Etc.,,6,UNITED STATES (USA),WISCONSIN,NEW LISBON,,,,,61,Trailer,,,,,15,Tank Trailer,4,Straight Semi/Semi Trailer,,Length of Trailer: 40-49 feet,2,,
32,Nevada,320184,1,1,1GRAA062*HW******,2024-03-15 02:12:38,0,6,TRAILER,1073,GREAT DANE TRAILERS,520,GREAT DANE TRAILERS,13436,Great Dane Trailers,2017,,,6,UNITED STATES (USA),NEBRASKA,WAYNE,,,,,61,Trailer,,,,,,,4,Straight Semi/Semi Trailer,53.000,Dry Freight Van / Reefer Van / Insulated Van,2,,
32,Nevada,320186,1,1,1S12E953*6E******,2024-03-15 02:12:38,0,6,TRAILER,14956,"STRICK TRAILERS, LLC",4977,STRICK COMMERCIAL TRAILER,12176,Strick Commercial Trailer,2006,Smooth Side,,6,UNITED STATES (USA),,MONROE,,,,,61,Trailer,,,,,,,4,Straight Semi/Semi Trailer,53.000,Dry Freight Van,2,3,Tandem
32,Nevada,320213,2,1,1TKL0454*FW******,2024-03-15 02:12:38,0,6,TRAILER,13498,TRAIL KING INDUSTRIES,3251,TRAIL KING INDUSTRIES,7386,TRAIL KING INDUSTRIES,2015,,,6,UNITED STATES (USA),NORTH DAKOTA,WEST FARGO,,,,Configuration: Position not used at this time.,61,Trailer,,,,,,,,,45.000,"Trailer Length: Inverted Hoist= Add 2FT( but leave the unit part # as is)   Extend Apron = Add 1 Ft( if apron 14"" extended floor plate)",4,,
32,Nevada,320228,2,1,1UYVS253*GG******,2024-03-15 02:12:38,0,6,TRAILER,10289,UTILITY TRAILER MANUFACTURING COMPANY,10138,UTILITY TRAILER MANUFACTURER,26222,Utility Trailer Manufacturer,2016,,,6,UNITED STATES (USA),VIRGINIA,GLADE SPRING,,,,,61,Trailer,,,,,36,Van Trailer,4,Straight Semi/Semi Trailer,53.000,,2,,
32,Nevada,320297,2,1,1TKD0403*JW******,2024-03-15 02:12:38,0,6,TRAILER,13498,TRAIL KING INDUSTRIES,3251,TRAIL KING INDUSTRIES,7386,TRAIL KING INDUSTRIES,2018,,,6,UNITED STATES (USA),NORTH DAKOTA,WEST FARGO,,,,Configuration: Position not used at this time.,61,Trailer,,,,,4,Dump Trailer/Dumping Trailer,,,40.000,"Trailer Length: Inverted Hoist= Add 2FT( but leave the unit part # as is)   Extend Apron = Add 1 Ft( if apron 14"" extended floor plate)",3,,
32,Nevada,320297,2,2,1TKD0252*JW******,2024-03-15 02:12:38,0,6,TRAILER,13498,TRAIL KING INDUSTRIES,3251,TRAIL KING INDUSTRIES,7386,TRAIL KING INDUSTRIES,2018,,,6,UNITED STATES (USA),NORTH DAKOTA,WEST FARGO,,,,Configuration: Position not used at this time.,61,Trailer,,,,,4,Dump Trailer/Dumping Trailer,,,25.000,"Trailer Length: Inverted Hoist= Add 2FT( but leave the unit part # as is)   Extend Apron = Add 1 Ft( if apron 14"" extended floor plate)",2,,
32,Nevada,320314,1,1,1TKA0482*FM******,2024-03-15 02:12:38,0,6,TRAILER,13498,TRAIL KING INDUSTRIES,3251,TRAIL KING INDUSTRIES,7386,TRAIL KING INDUSTRIES,2015,,,6,UNITED STATES (USA),SOUTH DAKOTA,MITCHELL,,,,Configuration: Position not used at this time.,61,Trailer,,,,,8,Hydraulic Trailer,,,48.000,"Trailer Length: Inverted Hoist= Add 2FT( but leave the unit part # as is)   Extend Apron = Add 1 Ft( if apron 14"" extended floor plate)",2,,
32,Nevada,320352,1,1,1UYVS253*L2******,2024-03-15 02:12:38,0,6,TRAILER,10289,UTILITY TRAILER MANUFACTURING COMPANY,10138,UTILITY TRAILER MANUFACTURER,26222,Utility Trailer Manufacturer,2020,,,6,UNITED STATES (USA),UTAH,CLEARFIELD,,,,,61,Trailer,,,,,36,Van Trailer,4,Straight Semi/Semi Trailer,53.000,,2,,
32,Nevada,320355,1,1,5V8VC532*FM******,2024-03-15 02:12:38,0,6,TRAILER,16522,VANGUARD NATIONAL TRAILER CORPORTATION,6474,VANGUARD NATIONAL TRAILER CORPORATION (VNTC),17782,VANGUARD NATIONAL TRAILER CORPORATION (VNTC),2015,,,6,UNITED STATES (USA),INDIANA,MONON,,,,,61,Trailer,,,,,186,Dry Freight,6,Kingpin,53.000,Composite Plate Semitrailer (VXP),,3,Tandem
32,Nevada,320366,1,1,1E1H5Y28*DR******,2024-03-15 02:12:38,0,6,TRAILER,5338,EAST MANUFACTURING CORP.,1334,EAST MANUFACTURING CORP.,4686,East Manufacturing Corp,2013,,,6,UNITED STATES (USA),OHIO,RANDOLPH,,,,,61,Trailer,9,"Class 8: 33,001 lb and above (14,969 kg and above)",,,6,Flat Bed Trailer/Platform Trailer,,,48.000,Standard Flat Bed Trailer,2,,
33,New Hampshire,330013,1,1,2M533146*11******,2024-03-20 00:50:50,0,6,TRAILER,5771,THE CANAM MANAC GROUP INC,7933,MANAC,21215,Manac Trailer,2001,,,1,CANADA,QUEBEC,ST. GEORGES,,,,,61,Trailer,,,,,101,Other,,,146.000,Wood Chips,3,,
33,New Hampshire,330031,1,1,1UYVS253*7U******,2024-03-20 00:50:50,0,6,TRAILER,10289,UTILITY TRAILER MANUFACTURING COMPANY,10138,UTILITY TRAILER MANUFACTURER,26222,Utility Trailer Manufacturer,2007,,,6,UNITED STATES (USA),UTAH,CLEARFIELD,,,,,61,Trailer,,,,,36,Van Trailer,4,Straight Semi/Semi Trailer,53.000,,2,,
33,New Hampshire,330034,2,1,1DW1A532*DS******,2024-03-20 00:50:50,0,6,TRAILER,13506,"STOUGHTON TRAILERS, INC.",3414,STOUGHTON TRAILERS,7701,Stoughton trailers,2013,,,6,UNITED STATES (USA),WISCONSIN,STOUGHTON,"Stoughton Trailers, INC",,,,61,Trailer,,,,,36,Van Trailer,4,Straight Semi/Semi Trailer,53.000,,2,,
33,New Hampshire,330086,2,1,1UYVS128*BM******,2024-03-20 00:50:50,0,6,TRAILER,10289,UTILITY TRAILER MANUFACTURING COMPANY,10138,UTILITY TRAILER MANUFACTURER,26222,Utility Trailer Manufacturer,2011,,,6,UNITED STATES (USA),VIRGINIA,MARION,,,,,61,Trailer,,,,,36,Van Trailer,4,Straight Semi/Semi Trailer,28.000,,1,,
33,New Hampshire,330096,2,1,5HTSN463*17******,2024-03-20 00:50:50,0,6,TRAILER,5564,"HEIL TRAILER INTERNATIONAL, CO",2365,"HEIL TRAILER INTERNATIONAL, CO.",6142,"Heil Trailer International, Co.",2001,,,6,UNITED STATES (USA),TENNESSEE,ATHENS,,,,Body Shape: Jet,61,Trailer,,,,,103,Bulk,,,46.000,Al Pneumatic,3,,
33,New Hampshire,330109,1,1,1GRAP062*JD******,2024-03-20 00:50:50,0,6,TRAILER,1073,GREAT DANE TRAILERS,520,GREAT DANE TRAILERS,13436,Great Dane Trailers,2018,,,6,UNITED STATES (USA),PENNSYLVANIA,DANVILLE,,,,,61,Trailer,,,,,36,Van Trailer,4,Straight Semi/Semi Trailer,53.000,"Semitrailer - Dry Freight Van, Reefer Van, Insulated Van",2,,
33,New Hampshire,330123,1,1,1E1U2Z38*FR******,2024-03-20 00:50:50,0,6,TRAILER,5338,EAST MANUFACTURING CORP.,1334,EAST MANUFACTURING CORP.,4686,East Manufacturing Corp,2015,,,6,UNITED STATES (USA),OHIO,RANDOLPH,,,,,61,Trailer,9,"Class 8: 33,001 lb and above (14,969 kg and above)",,,,,,,,Unloader Trailer,3,,
33,New Hampshire,330129,2,1,1E1D2S38*9R******,2024-03-20 00:50:50,0,6,TRAILER,5338,EAST MANUFACTURING CORP.,1334,EAST MANUFACTURING CORP.,4686,East Manufacturing Corp,2009,,,6,UNITED STATES (USA),OHIO,RANDOLPH,,,,,61,Trailer,9,"Class 8: 33,001 lb and above (14,969 kg and above)",,,4,Dump Trailer/Dumping Trailer,,,36.000,Aluminum Body - Aluminum Frame,3,,
34,New Jersey,340090,2,1,5V8VC532*NM******,2024-03-15 02:12:38,0,6,TRAILER,16522,VANGUARD NATIONAL TRAILER CORPORTATION,6474,VANGUARD NATIONAL TRAILER CORPORATION (VNTC),17782,VANGUARD NATIONAL TRAILER CORPORATION (VNTC),2022,,,6,UNITED STATES (USA),INDIANA,MONON,,,,,61,Trailer,,,,,186,Dry Freight,6,Kingpin,53.000,Composite Plate Semitrailer (VXP),,3,Tandem
34,New Jersey,340097,1,1,5WKBE242*K1******,2024-03-15 02:12:38,0,6,TRAILER,9286,"FREEDOM TRAILERS, LLC",1220,"FREEDOM TRAILERS, LLC",4541,"Freedom Trailers, LLC",2019,,,6,UNITED STATES (USA),GEORGIA,WILLACOOCHEE,"Freedom Trailers, LLC",,,,61,Trailer,,,,,5,Enclosed Trailer,1,Ball Type Pull,24.000,,2,,
34,New Jersey,340102,2,1,1JJV532D*GL******,2024-03-15 02:12:38,0,6,TRAILER,14508,WABASH NATIONAL CORPORATION,12319,WABASH VANS,10942,Dry Van Duraplate,2016,,,6,UNITED STATES (USA),INDIANA,LAFAYETTE,,,,,61,Trailer,,,,,36,Van Trailer,,,53.000,,2,,
34,New Jersey,340152,2,1,1JJV532D*JL******,2024-03-15 02:12:38,0,6,TRAILER,14508,WABASH NATIONAL CORPORATION,12319,WABASH VANS,10942,Dry Van Duraplate,2018,,,6,UNITED STATES (USA),INDIANA,LAFAYETTE,,,,,61,Trailer,,,,,36,Van Trailer,,,53.000,,2,,
34,New Jersey,340164,2,1,5HABE162*KN******,2024-03-15 02:12:38,0,6,TRAILER,12754,"HOMESTEADER, INC.",1570,HOMESTEADER,5676,Homesteader,2019,,,6,UNITED STATES (USA),TENNESSEE,NEW TAZEWELL,,,,,61,Trailer,,,,,5,Enclosed Trailer,1,Ball Type Pull,16.000,,2,,
34,New Jersey,340195,1,1,3H3V532C*JR******,2024-03-15 02:12:38,0,6,TRAILER,14282,"HYUNDAI DE MEXICO, S.A. DE C.V.",4876,HYUNDAI TRANSLEAD TRAILERS,11496,Hyundai Translead Trailers,2018,,,12,MEXICO,BAJA CALIFORNIA,ROSARITO,,,,,61,Trailer,,,,,36,Van Trailer,,,53.000,Material: Aluminum/Steel,2,,
34,New Jersey,340214,2,1,1RNF48A2*7R******,2024-03-15 02:12:38,0,6,TRAILER,3579,"REITNOUER, INC.",5594,REITNOUER INC,14493,Reitnouer Inc Trailers,2007,,,6,UNITED STATES (USA),PENNSYLVANIA,READING,,,,,61,Trailer,9,"Class 8: 33,001 lb and above (14,969 kg and above)",,,6,Flat Bed Trailer/Platform Trailer,6,Kingpin,48.000,Airride,2,,
34,New Jersey,340225,1,1,5EF2GC40*NB******,2024-03-15 02:12:38,0,6,TRAILER,4094,CHEETAH CHASSIS CORPORATION,4029,CHEETAH CHASSIS,8699,CHEETAH CHASSIS,2022,,,6,UNITED STATES (USA),PENNSYLVANIA,BERWICK,,,,,61,Trailer,,,,,46,Chassis,4,Straight Semi/Semi Trailer,40.000,Gooseneck Chassis,2,,
34,New Jersey,340227,2,1,LJRC4126*G1******,2024-03-15 02:12:38,0,6,TRAILER,9950,"CIMC VEHICLES GROUP CO., LTD.",4101,CIMC VEHICLES GROUP CO,8811,CIMC VEHICLES GROUP CO,2016,,,8,CHINA,,SHENZHEN,,,,"GVWR = 30,000-34,990kg",61,Trailer,9,"Class 8: 33,001 lb and above (14,969 kg and above)",,,109,Container Chassis/Container Trailer,,,41.000,,2,,
34,New Jersey,340250,2,1,5E0AC144*9G******,2024-03-15 02:12:38,0,6,TRAILER,20895,"COTTRELL, INC.",12482,COTTRELL,32568,"C-10, C-11, C-12, C-14, C-5008, C-5307, C-5309, C-7510, C-7512, C-8ENC, CS-12, CS-5304, CS-6SD, CS-8504, CX-5304, CX-6, CX-7, EZ-5307, 31M",2009,,,6,UNITED STATES (USA),GEORGIA,GAINESVILLE,,,,,61,Trailer,,,,,3,Car Hauler Trailer,5,Fifth Wheel,,Trailer Length (feet): 44-46,2,3,Tandem
34,New Jersey,340256,2,1,1NNF0452*EM******,2024-03-15 02:12:38,0,6,TRAILER,15472,EVANS PRODUCTS COMPANY,6021,MONON,29523,Monon,2014,,,6,UNITED STATES (USA),INDIANA,MONON,,,,,61,Trailer,,,,,6,Flat Bed Trailer/Platform Trailer,,,45.000,"Other trailer type except ""van trailer""",2,3,Tandem
34,New Jersey,340269,1,1,1UYVS253*5U******,2024-03-15 02:12:38,0,6,TRAILER,10289,UTILITY TRAILER MANUFACTURING COMPANY,10138,UTILITY TRAILER MANUFACTURER,26222,Utility Trailer Manufacturer,2005,,,6,UNITED STATES (USA),UTAH,CLEARFIELD,,,,,61,Trailer,,,,,36,Van Trailer,4,Straight Semi/Semi Trailer,53.000,,2,,
34,New Jersey,340276,1,1,1TTE5320*61******,2024-03-15 02:12:38,0,6,TRAILER,8231,TRANSCRAFT CORPORATION,10511,TRANSCRAFT,28401,Transcraft,2006,,,6,UNITED STATES (USA),ILLINOIS,ANNA,,,,,61,Trailer,,,,,61,Drop Deck Trailer,6,Kingpin,53.000,,2,,
34,New Jersey,340296,1,1,1UYVS253*HG******,2024-03-15 02:12:38,0,6,TRAILER,10289,UTILITY TRAILER MANUFACTURING COMPANY,10138,UTILITY TRAILER MANUFACTURER,26222,Utility Trailer Manufacturer,2017,,,6,UNITED STATES (USA),VIRGINIA,GLADE SPRING,,,,,61,Trailer,,,,,36,Van Trailer,4,Straight Semi/Semi Trailer,53.000,,2,,
34,New Jersey,340296,2,1,1GRAA962*5B******,2024-03-15 02:12:38,0,6,TRAILER,1073,GREAT DANE TRAILERS,520,GREAT DANE TRAILERS,13436,Great Dane Trailers,2005,,,6,UNITED STATES (USA),INDIANA,BRAZIL,,,,,61,Trailer,,,,,36,Van Trailer,4,Straight Semi/Semi Trailer,96.000,Trailer Type = Dry Freight/ Reefer/ Insulated Van,2,,
34,New Jersey,340299,2,1,3H3V532C*HT******,2024-03-15 02:12:38,0,6,TRAILER,14282,"HYUNDAI DE MEXICO, S.A. DE C.V.",4876,HYUNDAI TRANSLEAD TRAILERS,11496,Hyundai Translead Trailers,2017,,,12,MEXICO,BAJA CALIFORNIA,TIJUANA,,,,,61,Trailer,,,,,36,Van Trailer,,,53.000,Material: Aluminum/Steel,2,,
34,New Jersey,340350,1,1,5E0AA164*PG******,2024-03-15 02:12:38,0,6,TRAILER,20895,"COTTRELL, INC.",12482,COTTRELL,32567,"C-09, C-11, CS-10, CS-12M3, CX-09, CX-5LSCH, CX-AK7, CX-LSFA-TRI",2023,,,6,UNITED STATES (USA),GEORGIA,GAINESVILLE,,,,,61,Trailer,,,,,3,Car Hauler Trailer,5,Fifth Wheel,,Trailer Length (feet): 48-50,2,3,Tandem
34,New Jersey,340430,2,1,1UYVS253*CU******,2024-03-15 02:12:38,0,6,TRAILER,10289,UTILITY TRAILER MANUFACTURING COMPANY,10138,UTILITY TRAILER MANUFACTURER,26222,Utility Trailer Manufacturer,2012,,,6,UNITED STATES (USA),UTAH,CLEARFIELD,,,,,61,Trailer,,,,,36,Van Trailer,4,Straight Semi/Semi Trailer,53.000,,2,,
34,New Jersey,340430,3,1,3H3V532C*MT******,2024-03-15 02:12:38,0,6,TRAILER,14282,"HYUNDAI DE MEXICO, S.A. DE C.V.",4876,HYUNDAI TRANSLEAD TRAILERS,11496,Hyundai Translead Trailers,2021,,,12,MEXICO,BAJA CALIFORNIA,TIJUANA,,,,Trailer Type: SEMITRAILER,61,Trailer,,,,,36,Van Trailer,6,Kingpin,53.000,Material: ALUMINUM/STEEL,2,,
34,New Jersey,340430,4,1,1UYVS253*BM******,2024-03-15 02:12:38,0,6,TRAILER,10289,UTILITY TRAILER MANUFACTURING COMPANY,10138,UTILITY TRAILER MANUFACTURER,26222,Utility Trailer Manufacturer,2011,,,6,UNITED STATES (USA),VIRGINIA,MARION,,,,,61,Trailer,,,,,36,Van Trailer,4,Straight Semi/Semi Trailer,53.000,,2,,
34,New Jersey,340442,3,1,1JJV532W*4L******,2024-03-15 02:12:38,0,6,TRAILER,14508,WABASH NATIONAL CORPORATION,4847,WABASH,13327,Wabash National Corporation,2004,,,6,UNITED STATES (USA),INDIANA,LAFAYETTE,,,,,61,Trailer,,,,,36,Van Trailer,,,53.000,,2,,
34,New Jersey,340532,1,1,5V8VC532*NT******,2024-03-15 02:12:38,0,6,TRAILER,16522,VANGUARD NATIONAL TRAILER CORPORTATION,6474,VANGUARD NATIONAL TRAILER CORPORATION (VNTC),17782,VANGUARD NATIONAL TRAILER CORPORATION (VNTC),2022,,,6,UNITED STATES (USA),GEORGIA,TRENTON,,,,,61,Trailer,,,,,186,Dry Freight,6,Kingpin,53.000,Composite Plate Semitrailer (VXP),,3,Tandem
34,New Jersey,340539,1,1,1UYVS253*5U******,2024-03-15 02:12:38,0,6,TRAILER,10289,UTILITY TRAILER MANUFACTURING COMPANY,10138,UTILITY TRAILER MANUFACTURER,26222,Utility Trailer Manufacturer,2005,,,6,UNITED STATES (USA),UTAH,CLEARFIELD,,,,,61,Trailer,,,,,36,Van Trailer,4,Straight Semi/Semi Trailer,53.000,,2,,
34,New Jersey,340565,3,1,1JJV532W*XL******,2024-03-15 02:12:38,0,6,TRAILER,14508,WABASH NATIONAL CORPORATION,4847,WABASH,13327,Wabash National Corporation,1999,,,6,UNITED STATES (USA),INDIANA,LAFAYETTE,,,,,61,Trailer,,,,,36,Van Trailer,,,53.000,,2,,
34,New Jersey,340588,2,1,3H3V532C*JT******,2024-03-15 02:12:38,0,6,TRAILER,14282,"HYUNDAI DE MEXICO, S.A. DE C.V.",4876,HYUNDAI TRANSLEAD TRAILERS,11496,Hyundai Translead Trailers,2018,,,12,MEXICO,BAJA CALIFORNIA,TIJUANA,,,,,61,Trailer,,,,,36,Van Trailer,,,53.000,Material: Aluminum/Steel,2,,
35,New Mexico,350008,1,1,1UYVS253*DU******,2024-03-15 02:12:38,0,6,TRAILER,10289,UTILITY TRAILER MANUFACTURING COMPANY,10138,UTILITY TRAILER MANUFACTURER,26222,Utility Trailer Manufacturer,2013,,,6,UNITED STATES (USA),UTAH,CLEARFIELD,,,,,61,Trailer,,,,,36,Van Trailer,4,Straight Semi/Semi Trailer,53.000,,2,,
35,New Mexico,350049,1,1,4R7BU121*GT******,2024-03-15 02:12:38,0,6,TRAILER,7387,"TOP HAT INDUSTRIES, INC.",5660,TOP HAT INDUSTRIES,14641,Top Hat Industries,2016,,,6,UNITED STATES (USA),TEXAS,NAPLES,,,,,61,Trailer,,,,,16,Utility Trailer,14,Bumper Pull,12.000,,1,,
35,New Mexico,350060,1,1,1JJV281D*KL******,2024-03-15 02:12:38,0,6,TRAILER,14508,WABASH NATIONAL CORPORATION,12319,WABASH VANS,10942,Dry Van Duraplate,2019,,,6,UNITED STATES (USA),INDIANA,LAFAYETTE,,,,,61,Trailer,,,,,36,Van Trailer,,,28.000,,1,,
35,New Mexico,350122,2,1,1D9ST422*BV661***,2024-03-15 02:12:38,0,6,TRAILER,7719,"DRAGON ESP, LTD",956,DRAGON PRODUCTS,4976,Dragon Products,2011,,,6,UNITED STATES (USA),TEXAS,VE,,,,,61,Trailer,,,,,15,Tank Trailer,4,Straight Semi/Semi Trailer,42.000,,2,,
35,New Mexico,350286,2,1,15RB0402*S1******,2024-03-15 02:12:38,0,6,TRAILER,15505,BOCATS  INC,6052,BOCATS,15830,Bocats Trailer,2025,Open Top,,6,UNITED STATES (USA),KANSAS,GARDEN CITY,,,,,61,Trailer,,,,,101,Other,,,40.000,Chain Trailer,2,,
36,New York,360201,1,1,1GRAP062*KD******,2024-03-15 02:12:38,0,6,TRAILER,1073,GREAT DANE TRAILERS,520,GREAT DANE TRAILERS,13436,Great Dane Trailers,2019,,,6,UNITED STATES (USA),PENNSYLVANIA,DANVILLE,,,,,61,Trailer,,,,,36,Van Trailer,4,Straight Semi/Semi Trailer,53.000,"Semitrailer - Dry Freight Van, Reefer Van, Insulated Van",2,,
36,New York,360832,2,1,1JJV532D*LL******,2024-03-15 02:12:38,0,6,TRAILER,14508,WABASH NATIONAL CORPORATION,12319,WABASH VANS,10942,Dry Van Duraplate,2020,,,6,UNITED STATES (USA),INDIANA,LAFAYETTE,,,,,61,Trailer,,,,,36,Van Trailer,,,53.000,,2,,
38,North Dakota,380065,2,1,1TDH3613*NB******,2024-03-20 00:50:50,0,6,TRAILER,8330,TIMPTE INC.,5331,"TIMPTE, INC",13636,Timpte,2022,,,6,UNITED STATES (USA),NEBRASKA,DAVID CITY,,,,"Seventh VIN position indicates the additional length of the trailer to the nearest inch up to 9 inches. If the additional length is 10 inches or more the seventh character is zero (0) and the sixth character will be increased to the next foot. For example : a 42ft 9in trailer will be represent in VIN position 5, 6 & 7 as ""429"" and a 42ft 10in. trailer will be represented in VIN position 5 , 6 & 7 as ""430"" respectively.",61,Trailer,,,,,174,Dry Bulk Trailer,,,36.000,Bottom Hopper,3,,
39,Ohio,390009,2,1,1GR1P062*KB******,2024-03-15 02:12:38,0,6,TRAILER,1073,GREAT DANE TRAILERS,520,GREAT DANE TRAILERS,13436,Great Dane Trailers,2019,,,6,UNITED STATES (USA),INDIANA,BRAZIL,,,,,61,Trailer,,,,,,,6,Kingpin,53.000,"Semitrailer - dry freight, reefer, or insulated van",2,,
39,Ohio,390012,2,1,1UYVS253*J7******,2024-03-15 02:12:38,0,6,TRAILER,10289,UTILITY TRAILER MANUFACTURING COMPANY,10138,UTILITY TRAILER MANUFACTURER,26222,Utility Trailer Manufacturer,2018,,,6,UNITED STATES (USA),VIRGINIA,GLADE SPRING,,,,,61,Trailer,,,,,36,Van Trailer,4,Straight Semi/Semi Trailer,53.000,,2,,
39,Ohio,390012,3,1,1GRAA062*3D******,2024-03-15 02:12:38,0,6,TRAILER,1073,GREAT DANE TRAILERS,520,GREAT DANE TRAILERS,13436,Great Dane Trailers,2003,,,6,UNITED STATES (USA),PENNSYLVANIA,DANVILLE,,,,Effective 12/01/01,61,Trailer,,,,,36,Van Trailer,4,Straight Semi/Semi Trailer,6.000,Trailer Type = Dry Freight/ Reefer/ Insulated Van,2,,
39,Ohio,390083,1,1,13N15320*K1******,2024-03-15 02:12:38,0,6,TRAILER,12268,FONTAINE COMMERCIAL PLATFORM,1128,FONTAINE TRAILER CO.,4416,Fontaine Trailer Co.,2019,,,6,UNITED STATES (USA),ALABAMA,HALEYVILLE,,,,Optional Features: None,61,Trailer,,,,,6,Flat Bed Trailer/Platform Trailer,,,53.000,,2,,
39,Ohio,390098,2,1,4U3J0533*BL******,2024-03-15 02:12:38,0,6,TRAILER,9213,"BULL MOOSE HEAVY HAUL, INC",6869,X-L SPECIALIZED TRAILERS INC,18367,X-L SPECIALIZED TRAILERS INC,2011,,,6,UNITED STATES (USA),IOWA,MANCHESTER,,,,,61,Trailer,,,,,,,,,53.000,"Front-loading Detachable/Non-Rigid Neck (MFG, MDE, HDG, HDE, Folding Goose Neck)",3,,
39,Ohio,390119,2,1,5MAPA484*LA******,2024-03-15 02:12:38,0,6,TRAILER,5950,"MAC TRAILER MFG, INC.",6826,MAC TRAILER MANUFACTURING,18288,MAC TRAILER MANUFACTURING,2020,,,6,UNITED STATES (USA),,SALEM,ALLEN ROAD 20,,,,61,Trailer,,,,,6,Flat Bed Trailer/Platform Trailer,6,Kingpin,48.000,Body with Aluminum Frame,4,,
39,Ohio,390134,2,1,1TTF532A*K3******,2024-03-15 02:12:38,0,6,TRAILER,8231,TRANSCRAFT CORPORATION,12051,BENSON/WABASH,27664,Aluminium Flatbed,2019,,,6,UNITED STATES (USA),KENTUCKY,CADIZ,,,,,61,Trailer,,,,,6,Flat Bed Trailer/Platform Trailer,6,Kingpin,53.000,,2,,
39,Ohio,390139,1,1,3H3V532K*NS******,2024-03-15 02:12:38,0,6,TRAILER,14282,"HYUNDAI DE MEXICO, S.A. DE C.V.",4876,HYUNDAI TRANSLEAD TRAILERS,11496,Hyundai Translead Trailers,2022,,,12,MEXICO,BAJA CALIFORNIA,ROSARITO,,,,Body Type: SEMITRAILER,61,Trailer,,,,,36,Van Trailer,6,Kingpin,53.000,,2,,
39,Ohio,390155,2,1,7F21C281*H2******,2024-03-15 02:12:38,0,6,TRAILER,13986,"XPO MANUFACTURING, LLC",4823,XPO,10709,XPO,2017,,,6,UNITED STATES (USA),ARKANSAS,SEARCY,,,,,61,Trailer,,,,,,,6,Kingpin,28.000,Body Type: New Rectangular Dry Freight Van,1,,
39,Ohio,390155,2,2,7F21C281*H2******,2024-03-15 02:12:38,0,6,TRAILER,13986,"XPO MANUFACTURING, LLC",4823,XPO,10709,XPO,2017,,,6,UNITED STATES (USA),ARKANSAS,SEARCY,,,,,61,Trailer,,,,,,,6,Kingpin,28.000,Body Type: New Rectangular Dry Freight Van,1,,
39,Ohio,390197,1,1,1JJV281W*9L******,2024-03-15 02:12:38,0,6,TRAILER,14508,WABASH NATIONAL CORPORATION,4847,WABASH,13327,Wabash National Corporation,2009,,,6,UNITED STATES (USA),INDIANA,LAFAYETTE,,,,,61,Trailer,,,,,36,Van Trailer,,,28.000,,1,,
39,Ohio,390197,1,2,1JJV281D*DL******,2024-03-15 02:12:38,0,6,TRAILER,14508,WABASH NATIONAL CORPORATION,12319,WABASH VANS,10942,Dry Van Duraplate,2013,,,6,UNITED STATES (USA),INDIANA,LAFAYETTE,,,,,61,Trailer,,,,,36,Van Trailer,,,28.000,,1,,
39,Ohio,390204,2,1,1UYFS248*CA******,2024-03-15 02:12:38,0,6,TRAILER,10289,UTILITY TRAILER MANUFACTURING COMPANY,10138,UTILITY TRAILER MANUFACTURER,26222,Utility Trailer Manufacturer,2012,,,6,UNITED STATES (USA),ALABAMA,ENTERPRISE,,,,,61,Trailer,,,,,6,Flat Bed Trailer/Platform Trailer,4,Straight Semi/Semi Trailer,48.000,,2,,
39,Ohio,390233,2,1,3H3V532C*JR******,2024-03-15 02:12:38,0,6,TRAILER,14282,"HYUNDAI DE MEXICO, S.A. DE C.V.",4876,HYUNDAI TRANSLEAD TRAILERS,11496,Hyundai Translead Trailers,2018,,,12,MEXICO,BAJA CALIFORNIA,ROSARITO,,,,,61,Trailer,,,,,36,Van Trailer,,,53.000,Material: Aluminum/Steel,2,,
39,Ohio,390241,1,1,1GRAA062*BW******,2024-03-15 02:12:38,0,6,TRAILER,1073,GREAT DANE TRAILERS,520,GREAT DANE TRAILERS,13436,Great Dane Trailers,2011,,,6,UNITED STATES (USA),NEBRASKA,WAYNE,,,,,61,Trailer,,,,,36,Van Trailer,4,Straight Semi/Semi Trailer,53.000,Trailer Type = Dry Freight/ Reefer/ Insulated Van,2,,
39,Ohio,390273,1,1,1JJV532D*DL******,2024-03-15 02:12:38,0,6,TRAILER,14508,WABASH NATIONAL CORPORATION,12319,WABASH VANS,10942,Dry Van Duraplate,2013,,,6,UNITED STATES (USA),INDIANA,LAFAYETTE,,,,,61,Trailer,,,,,36,Van Trailer,,,53.000,,2,,
39,Ohio,390273,2,1,1TDH4002*KB******,2024-03-15 02:12:38,0,6,TRAILER,8330,TIMPTE INC.,5331,"TIMPTE, INC",13636,Timpte,2019,,,6,UNITED STATES (USA),NEBRASKA,DAVID CITY,,,,"Seventh VIN position indicates the additional length of the trailer to the nearest inch up to 9 inches. If the additional length is 10 inches or more the seventh character is zero (0) and the sixth character will be increased to the next foot. For example : a 42ft 9in trailer will be represent in VIN position 5, 6 & 7 as ""429"" and a 42ft 10in. trailer will be represented in VIN position 5 , 6 & 7 as ""430"" respectively.",61,Trailer,,,,,174,Dry Bulk Trailer,,,40.000,Dry Bulk-Bottom Hopper,2,,
39,Ohio,390275,4,1,4X4TSMB2*J7******,2024-03-15 02:12:38,0,6,TRAILER,1084,"FOREST RIVER, INC.",531,FOREST RIVER,2435,Salem Towables,2018,,,6,UNITED STATES (USA),INDIANA,MIDDLEBURY,,,,Address: 11555 Harter Drive,61,Trailer,,,,,21,Travel Trailer,,,26.000,,2,,
39,Ohio,390335,2,1,5MADS284*YC******,2024-03-15 02:12:38,0,6,TRAILER,5950,"MAC TRAILER MFG, INC.",6826,MAC TRAILER MANUFACTURING,18288,MAC TRAILER MANUFACTURING,2000,,,6,UNITED STATES (USA),OHIO,ALLIANCE,,,,Commerce Street,61,Trailer,,,,,4,Dump Trailer/Dumping Trailer,,,28.000,Steel Frame,4,,
39,Ohio,390378,2,1,1JJV281D*DL******,2024-03-15 02:12:38,0,6,TRAILER,14508,WABASH NATIONAL CORPORATION,12319,WABASH VANS,10942,Dry Van Duraplate,2013,,,6,UNITED STATES (USA),INDIANA,LAFAYETTE,,,,,61,Trailer,,,,,36,Van Trailer,,,28.000,,1,,
39,Ohio,390378,2,2,1JJV281W*9L******,2024-03-15 02:12:38,0,6,TRAILER,14508,WABASH NATIONAL CORPORATION,4847,WABASH,13327,Wabash National Corporation,2009,,,6,UNITED STATES (USA),INDIANA,LAFAYETTE,,,,,61,Trailer,,,,,36,Van Trailer,,,28.000,,1,,
39,Ohio,390395,2,1,1GRAA062*6T******,2024-03-15 02:12:38,0,6,TRAILER,1073,GREAT DANE TRAILERS,520,GREAT DANE TRAILERS,13436,Great Dane Trailers,2006,,,6,UNITED STATES (USA),INDIANA,TERRE HAUTE,,,,Effective 03/01/00,61,Trailer,,,,,36,Van Trailer,4,Straight Semi/Semi Trailer,6.000,Trailer Type = Dry Freight/ Reefer/ Insulated Van,2,,
39,Ohio,390423,2,1,1UYVS253*7G******,2024-03-15 02:12:38,0,6,TRAILER,10289,UTILITY TRAILER MANUFACTURING COMPANY,10138,UTILITY TRAILER MANUFACTURER,26222,Utility Trailer Manufacturer,2007,,,6,UNITED STATES (USA),VIRGINIA,GLADE SPRING,,,,,61,Trailer,,,,,36,Van Trailer,4,Straight Semi/Semi Trailer,53.000,,2,,
39,Ohio,390460,2,1,3H3C403S*5T******,2024-03-15 02:12:38,0,6,TRAILER,14282,"HYUNDAI DE MEXICO, S.A. DE C.V.",4876,HYUNDAI TRANSLEAD TRAILERS,11496,Hyundai Translead Trailers,2005,,,12,MEXICO,BAJA CALIFORNIA,TIJUANA,,,,,61,Trailer,,,,,109,Container Chassis/Container Trailer,,,40.000,Material: Steel,3,,
39,Ohio,390468,2,1,1JJV532D*JL******,2024-03-15 02:12:38,0,6,TRAILER,14508,WABASH NATIONAL CORPORATION,12319,WABASH VANS,10942,Dry Van Duraplate,2018,,,6,UNITED STATES (USA),INDIANA,LAFAYETTE,,,,,61,Trailer,,,,,36,Van Trailer,,,53.000,,2,,
39,Ohio,390514,1,1,1TH3A66K*J1******,2024-03-15 02:12:38,1,6,TRAILER,13547,FLINT HILLS INDUSTRIES INC,5808,HILLSBORO,15196,HILLSBORO INDUSTRIES TRAILER,1988,Gooseneck,,6,UNITED STATES (USA),KANSAS,HILLSBORO,,,,,61,Trailer,,,,,101,Other,3,Gooseneck,17.000,Flatbed,,,
39,Ohio,390547,2,1,1S9DA382*5S188***,2024-03-15 02:12:38,0,6,TRAILER,1464,"SPECTOR MANUFACTURING, INC.",4409,SPECTOR MANUFACTURING,9233,Spector Manufacturing Inc.,2005,,,6,UNITED STATES (USA),PENNSYLVANIA,SAINT CLAIR,"Spector Manufacturing, Inc.",,,,61,Trailer,,,,,4,Dump Trailer/Dumping Trailer,30,Other,38.000,,2,,
39,Ohio,390570,2,1,1GRAA062*JW******,2024-03-15 02:12:38,0,6,TRAILER,1073,GREAT DANE TRAILERS,520,GREAT DANE TRAILERS,13436,Great Dane Trailers,2018,,,6,UNITED STATES (USA),NEBRASKA,WAYNE,,,,,61,Trailer,,,,,36,Van Trailer,4,Straight Semi/Semi Trailer,53.000,"Semitrailer - Dry Freight Van, Reefer Van, Insulated Van",2,,
39,Ohio,390585,1,1,1JJV532B*LL******,2024-03-15 02:12:38,0,6,TRAILER,14508,WABASH NATIONAL CORPORATION,12319,WABASH VANS,10945,Refrigerated Van,2020,,,6,UNITED STATES (USA),INDIANA,LAFAYETTE,,,,,61,Trailer,,,,,36,Van Trailer,,,53.000,,2,,
39,Ohio,390697,1,1,4MJFG252*BE******,2024-03-15 02:12:38,0,6,TRAILER,1254,"CORNELIUS MANUFACTURING, INC.",682,CMI,3802,CMI,2011,,,6,UNITED STATES (USA),INDIANA,ELNORA,,,,,61,Trailer,,,,,6,Flat Bed Trailer/Platform Trailer,3,Gooseneck,25.000,,2,,
39,Ohio,390727,1,1,3H3V482C*LR******,2024-03-15 02:12:38,0,6,TRAILER,14282,"HYUNDAI DE MEXICO, S.A. DE C.V.",4876,HYUNDAI TRANSLEAD TRAILERS,11496,Hyundai Translead Trailers,2020,,,12,MEXICO,BAJA CALIFORNIA,ROSARITO,,,,,61,Trailer,,,,,36,Van Trailer,,,48.000,Material: Aluminum/Steel,2,,
39,Ohio,390727,2,1,3H3V532C*MR******,2024-03-15 02:12:38,0,6,TRAILER,14282,"HYUNDAI DE MEXICO, S.A. DE C.V.",4876,HYUNDAI TRANSLEAD TRAILERS,11496,Hyundai Translead Trailers,2021,,,12,MEXICO,BAJA CALIFORNIA,ROSARITO,,,,Trailer Type: SEMITRAILER,61,Trailer,,,,,36,Van Trailer,6,Kingpin,53.000,Material: ALUMINUM/STEEL,2,,
39,Ohio,390727,4,1,1RNF45A2*CR******,2024-03-15 02:12:38,0,6,TRAILER,3579,"REITNOUER, INC.",5594,REITNOUER INC,14493,Reitnouer Inc Trailers,2012,,,6,UNITED STATES (USA),PENNSYLVANIA,READING,,,,,61,Trailer,9,"Class 8: 33,001 lb and above (14,969 kg and above)",,,6,Flat Bed Trailer/Platform Trailer,6,Kingpin,45.000,Airride,2,,
39,Ohio,390764,2,1,1GRAA962*7D******,2024-03-15 02:12:38,0,6,TRAILER,1073,GREAT DANE TRAILERS,520,GREAT DANE TRAILERS,13436,Great Dane Trailers,2007,,,6,UNITED STATES (USA),PENNSYLVANIA,DANVILLE,,,,Effective 12/01/01,61,Trailer,,,,,36,Van Trailer,4,Straight Semi/Semi Trailer,96.000,Trailer Type = Dry Freight/ Reefer/ Insulated Van,2,,
39,Ohio,390806,5,1,5HTSP422*Y9******,2024-03-15 02:12:38,0,6,TRAILER,5564,"HEIL TRAILER INTERNATIONAL, CO",2365,"HEIL TRAILER INTERNATIONAL, CO.",6142,"Heil Trailer International, Co.",2000,,,6,UNITED STATES (USA),PENNSYLVANIA,LANCASTER,,,,Body Shape: Flo,61,Trailer,,,,,103,Bulk,,,42.000,Al Pneumatic,2,,
39,Ohio,390816,2,1,1D9BG534*E1609***,2024-03-15 02:12:38,0,6,TRAILER,11391,"DOONAN SPECIALIZED TRAILER, LLC",1335,DOONAN SPECIALIZED TRAILER,4689,Doonan Specialized Trailer,2014,,,6,UNITED STATES (USA),KANSAS,GREAT BEND,,,,,61,Trailer,,,,,61,Drop Deck Trailer,,,,Platform,4,,
39,Ohio,390856,1,1,13N14530*X1******,2024-03-15 02:12:38,0,6,TRAILER,12268,FONTAINE COMMERCIAL PLATFORM,1128,FONTAINE TRAILER CO.,4416,Fontaine Trailer Co.,1999,,,6,UNITED STATES (USA),ALABAMA,HALEYVILLE,,,,,61,Trailer,,,,,6,Flat Bed Trailer/Platform Trailer,,,45.000,"Tandem Axles, Spread",2,,
39,Ohio,390870,2,1,3H3V532C*JT******,2024-03-15 02:12:38,0,6,TRAILER,14282,"HYUNDAI DE MEXICO, S.A. DE C.V.",4876,HYUNDAI TRANSLEAD TRAILERS,11496,Hyundai Translead Trailers,2018,,,12,MEXICO,BAJA CALIFORNIA,TIJUANA,,,,,61,Trailer,,,,,36,Van Trailer,,,53.000,Material: Aluminum/Steel,2,,
39,Ohio,390908,2,1,1GRAA062*FE******,2024-03-15 02:12:38,0,6,TRAILER,1073,GREAT DANE TRAILERS,520,GREAT DANE TRAILERS,13436,Great Dane Trailers,2015,,,6,UNITED STATES (USA),GEORGIA,STATESBORO,,,,,61,Trailer,,,,,,,4,Straight Semi/Semi Trailer,53.000,Dry Freight Van / Reefer Van / Insulated Van,2,,
39,Ohio,390912,4,1,1GRAP561*KK******,2024-03-15 02:12:38,0,6,TRAILER,1073,GREAT DANE TRAILERS,520,GREAT DANE TRAILERS,13436,Great Dane Trailers,2019,,,6,UNITED STATES (USA),ILLINOIS,KEWANEE,,,,,61,Trailer,,,,,36,Van Trailer,4,Straight Semi/Semi Trailer,28.000,"Semitrailer - Dry Freight Van, Reefer Van, Insulated Van",1,,
39,Ohio,390912,4,2,3H3V281C*HT******,2024-03-15 02:12:38,0,6,TRAILER,14282,"HYUNDAI DE MEXICO, S.A. DE C.V.",4876,HYUNDAI TRANSLEAD TRAILERS,11496,Hyundai Translead Trailers,2017,,,12,MEXICO,BAJA CALIFORNIA,TIJUANA,,,,,61,Trailer,,,,,36,Van Trailer,,,28.000,Material: Aluminum/Steel,1,,
39,Ohio,390917,1,1,1UYVS253*P3******,2024-03-15 02:12:38,1,6,TRAILER,10289,UTILITY TRAILER MANUFACTURING COMPANY,10138,UTILITY TRAILER MANUFACTURER,26222,Utility Trailer Manufacturer,2023,,,6,UNITED STATES (USA),ARKANSAS,PARAGOULD,,,,,61,Trailer,,,,,36,Van Trailer,4,Straight Semi/Semi Trailer,53.000,,2,,
39,Ohio,390931,2,1,1TDH4002*AB******,2024-03-15 02:12:38,0,6,TRAILER,8330,TIMPTE INC.,5331,"TIMPTE, INC",13636,Timpte,2010,,,6,UNITED STATES (USA),NEBRASKA,DAVID CITY,,,,"Seventh VIN position indicates the additional length of the trailer to the nearest inch up to 9 inches. If the additional length is 10 inches or more the seventh character is zero (0) and the sixth character will be increased to the next foot. For example : a 42ft 9in trailer will be represent in VIN position 5, 6 & 7 as ""429"" and a 42ft 10in. trailer will be represented in VIN position 5 , 6 & 7 as ""430"" respectively.",61,Trailer,,,,,174,Dry Bulk Trailer,,,40.000,Dry Bulk-Bottom Hopper,2,,
39,Ohio,390988,1,1,1JJV532B*FL******,2024-03-15 02:12:38,0,6,TRAILER,14508,WABASH NATIONAL CORPORATION,12319,WABASH VANS,10945,Refrigerated Van,2015,,,6,UNITED STATES (USA),INDIANA,LAFAYETTE,,,,,61,Trailer,,,,,36,Van Trailer,,,53.000,,2,,
39,Ohio,390988,2,1,1JJV532D*KL******,2024-03-15 02:12:38,0,6,TRAILER,14508,WABASH NATIONAL CORPORATION,12319,WABASH VANS,10942,Dry Van Duraplate,2019,,,6,UNITED STATES (USA),INDIANA,LAFAYETTE,,,,,61,Trailer,,,,,36,Van Trailer,,,53.000,,2,,
39,Ohio,390991,1,1,1E1D2M38*7R******,2024-03-15 02:12:38,0,6,TRAILER,5338,EAST MANUFACTURING CORP.,1334,EAST MANUFACTURING CORP.,4686,East Manufacturing Corp,2007,,,6,UNITED STATES (USA),OHIO,RANDOLPH,,,,,61,Trailer,9,"Class 8: 33,001 lb and above (14,969 kg and above)",,,4,Dump Trailer/Dumping Trailer,,,28.000,Aluminum Body - Aluminum Frame,3,,
39,Ohio,390998,2,1,3H3V532C*GT******,2024-03-15 02:12:38,0,6,TRAILER,14282,"HYUNDAI DE MEXICO, S.A. DE C.V.",4876,HYUNDAI TRANSLEAD TRAILERS,11496,Hyundai Translead Trailers,2016,,,12,MEXICO,BAJA CALIFORNIA,TIJUANA,,,,,61,Trailer,,,,,36,Van Trailer,,,53.000,Material: Aluminum/Steel,2,,
39,Ohio,391006,1,1,5MADN392*LC******,2024-03-15 02:12:38,0,6,TRAILER,5950,"MAC TRAILER MFG, INC.",6826,MAC TRAILER MANUFACTURING,18288,MAC TRAILER MANUFACTURING,2020,,,6,UNITED STATES (USA),,ALLIANCE,CORPORATE 10,,,,61,Trailer,,,,,4,Dump Trailer/Dumping Trailer,6,Kingpin,39.000,Frameless Body,2,,
39,Ohio,391039,1,1,1UYVS253*K7******,2024-03-15 02:12:38,0,6,TRAILER,10289,UTILITY TRAILER MANUFACTURING COMPANY,10138,UTILITY TRAILER MANUFACTURER,26222,Utility Trailer Manufacturer,2019,,,6,UNITED STATES (USA),VIRGINIA,GLADE SPRING,,,,,61,Trailer,,,,,36,Van Trailer,4,Straight Semi/Semi Trailer,53.000,,2,,
39,Ohio,391039,4,1,1UYVS253*9U******,2024-03-15 02:12:38,0,6,TRAILER,10289,UTILITY TRAILER MANUFACTURING COMPANY,10138,UTILITY TRAILER MANUFACTURER,26222,Utility Trailer Manufacturer,2009,,,6,UNITED STATES (USA),UTAH,CLEARFIELD,,,,,61,Trailer,,,,,36,Van Trailer,4,Straight Semi/Semi Trailer,53.000,,2,,
39,Ohio,391041,1,1,3ELA6RX2*NG******,2024-03-15 02:12:38,0,6,TRAILER,18817,COMERCIALIZADORA NIMMKA SA DE CV,9883,ATRO,25411,ATRO,2022,,,12,MEXICO,NUEVO LEON,GARCÍA,,,,,61,Trailer,,,,,36,Van Trailer,6,Kingpin,53.000,Dry Van Trailer,2,,
39,Ohio,391052,3,1,1GRAA962*HB******,2024-03-15 02:12:38,0,6,TRAILER,1073,GREAT DANE TRAILERS,520,GREAT DANE TRAILERS,13436,Great Dane Trailers,2017,,,6,UNITED STATES (USA),INDIANA,BRAZIL,,,,,61,Trailer,,,,,,,4,Straight Semi/Semi Trailer,48.000,Dry Freight Van / Reefer Van / Insulated Van,2,,
39,Ohio,391066,2,1,3H3V532C*ET******,2024-03-15 02:12:38,0,6,TRAILER,14282,"HYUNDAI DE MEXICO, S.A. DE C.V.",4876,HYUNDAI TRANSLEAD TRAILERS,11496,Hyundai Translead Trailers,2014,,,12,MEXICO,BAJA CALIFORNIA,TIJUANA,,,,,61,Trailer,,,,,36,Van Trailer,,,53.000,Material: Aluminum/Steel,2,,
39,Ohio,391108,1,1,1JJV532D*HL******,2024-03-15 02:12:38,0,6,TRAILER,14508,WABASH NATIONAL CORPORATION,12319,WABASH VANS,10942,Dry Van Duraplate,2017,,,6,UNITED STATES (USA),INDIANA,LAFAYETTE,,,,,61,Trailer,,,,,36,Van Trailer,,,53.000,,2,,
39,Ohio,391108,3,1,1JJV532D*HL******,2024-03-15 02:12:38,0,6,TRAILER,14508,WABASH NATIONAL CORPORATION,12319,WABASH VANS,10942,Dry Van Duraplate,2017,,,6,UNITED STATES (USA),INDIANA,LAFAYETTE,,,,,61,Trailer,,,,,36,Van Trailer,,,53.000,,2,,
39,Ohio,391112,3,1,2A9TD202*MN125***,2024-03-15 02:12:38,0,6,TRAILER,15757,ASPEN CUSTOM TRAILERS,11816,ASPEN CUSTOM TRAILERS,30544,ASPEN CUSTOM TRAILERS,2021,,,1,CANADA,ALBERTA,LEDUC,,,,,61,Trailer,,,,,45,Dolly,30,Other,20.000,Tag  Pin-on connection,2,,
39,Ohio,391142,1,1,5MADA332*EC******,2024-03-15 02:12:38,0,6,TRAILER,5950,"MAC TRAILER MFG, INC.",6826,MAC TRAILER MANUFACTURING,18288,MAC TRAILER MANUFACTURING,2014,,,6,UNITED STATES (USA),OHIO,ALLIANCE,,,,Commerce Street,61,Trailer,,,,,4,Dump Trailer/Dumping Trailer,,,33.000,Aluminum Frame,2,,
39,Ohio,391144,2,1,1GRAP062*HJ******,2024-03-15 02:12:38,0,6,TRAILER,1073,GREAT DANE TRAILERS,520,GREAT DANE TRAILERS,13436,Great Dane Trailers,2017,,,6,UNITED STATES (USA),ARKANSAS,JONESBORO,,,,"Jacksonville Florida (ended 02/1988); Jonesboro, Arkansas (effective 09/03/02)",61,Trailer,,,,,,,4,Straight Semi/Semi Trailer,53.000,Dry Freight Van / Reefer Van / Insulated Van,2,,
39,Ohio,391156,8,1,1UYVS253*FM******,2024-03-15 02:12:38,0,6,TRAILER,10289,UTILITY TRAILER MANUFACTURING COMPANY,10138,UTILITY TRAILER MANUFACTURER,26222,Utility Trailer Manufacturer,2015,,,6,UNITED STATES (USA),VIRGINIA,MARION,,,,,61,Trailer,,,,,36,Van Trailer,4,Straight Semi/Semi Trailer,53.000,,2,,
39,Ohio,391162,2,1,13N15320*H1******,2024-03-15 02:12:38,0,6,TRAILER,12268,FONTAINE COMMERCIAL PLATFORM,1128,FONTAINE TRAILER CO.,4416,Fontaine Trailer Co.,2017,,,6,UNITED STATES (USA),ALABAMA,HALEYVILLE,,,,Optional Features: None,61,Trailer,,,,,6,Flat Bed Trailer/Platform Trailer,,,53.000,,2,,
39,Ohio,391164,2,1,5R8GF402*LM******,2024-03-15 02:12:38,0,6,TRAILER,10758,"MAXEY TRAILERS MFG., INC.",8628,MAXEY TRAILERS MFG,22643,Maxey Trailers MFG,2020,,,6,UNITED STATES (USA),TEXAS,MAXEY,,,,,61,Trailer,,,,,6,Flat Bed Trailer/Platform Trailer,3,Gooseneck,40.000,,2,,
39,Ohio,391177,1,1,1UYVS253*DM******,2024-03-15 02:12:38,0,6,TRAILER,10289,UTILITY TRAILER MANUFACTURING COMPANY,10138,UTILITY TRAILER MANUFACTURER,26222,Utility Trailer Manufacturer,2013,,,6,UNITED STATES (USA),VIRGINIA,MARION,,,,,61,Trailer,,,,,36,Van Trailer,4,Straight Semi/Semi Trailer,53.000,,2,,
39,Ohio,391197,1,1,3H3V532C*JT******,2024-03-15 02:12:38,0,6,TRAILER,14282,"HYUNDAI DE MEXICO, S.A. DE C.V.",4876,HYUNDAI TRANSLEAD TRAILERS,11496,Hyundai Translead Trailers,2018,,,12,MEXICO,BAJA CALIFORNIA,TIJUANA,,,,,61,Trailer,,,,,36,Van Trailer,,,53.000,Material: Aluminum/Steel,2,,
39,Ohio,391197,7,1,5V8VC532*PM******,2024-03-15 02:12:38,0,6,TRAILER,16522,VANGUARD NATIONAL TRAILER CORPORTATION,6474,VANGUARD NATIONAL TRAILER CORPORATION (VNTC),17782,VANGUARD NATIONAL TRAILER CORPORATION (VNTC),2023,,,6,UNITED STATES (USA),INDIANA,MONON,,,,,61,Trailer,,,,,186,Dry Freight,6,Kingpin,53.000,Composite Plate Semitrailer (VXP),,3,Tandem
39,Ohio,391197,11,1,1GRAP062*NK******,2024-03-15 02:12:38,0,6,TRAILER,1073,GREAT DANE TRAILERS,520,GREAT DANE TRAILERS,13436,Great Dane Trailers,2022,,,6,UNITED STATES (USA),ILLINOIS,KEWANEE,,,,,61,Trailer,,,,,36,Van Trailer,4,Straight Semi/Semi Trailer,53.000,"Semitrailer - Dry Freight Van, Reefer Van, Insulated Van",2,,
39,Ohio,391197,12,1,1UYVS253*3M******,2024-03-15 02:12:38,0,6,TRAILER,10289,UTILITY TRAILER MANUFACTURING COMPANY,10138,UTILITY TRAILER MANUFACTURER,26222,Utility Trailer Manufacturer,2003,,,6,UNITED STATES (USA),VIRGINIA,MARION,,,,,61,Trailer,,,,,36,Van Trailer,4,Straight Semi/Semi Trailer,53.000,,2,,
39,Ohio,391197,14,1,1UYVS253*L7******,2024-03-15 02:12:38,0,6,TRAILER,10289,UTILITY TRAILER MANUFACTURING COMPANY,10138,UTILITY TRAILER MANUFACTURER,26222,Utility Trailer Manufacturer,2020,,,6,UNITED STATES (USA),VIRGINIA,GLADE SPRING,,,,,61,Trailer,,,,,36,Van Trailer,4,Straight Semi/Semi Trailer,53.000,,2,,
39,Ohio,391197,15,1,1JJV532B*BL******,2024-03-15 02:12:38,0,6,TRAILER,14508,WABASH NATIONAL CORPORATION,12319,WABASH VANS,10945,Refrigerated Van,2011,,,6,UNITED STATES (USA),INDIANA,LAFAYETTE,,,,,61,Trailer,,,,,36,Van Trailer,,,53.000,,2,,
39,Ohio,391197,26,1,13N14820*P1******,2024-03-15 02:12:38,0,6,TRAILER,12268,FONTAINE COMMERCIAL PLATFORM,1128,FONTAINE TRAILER CO.,4416,Fontaine Trailer Co.,2023,,,6,UNITED STATES (USA),ALABAMA,HALEYVILLE,,,,Optional Features: None,61,Trailer,,,,,6,Flat Bed Trailer/Platform Trailer,,,48.000,,2,,
39,Ohio,391197,30,1,3H3V482S*NJ******,2024-03-15 02:12:38,0,6,TRAILER,14282,"HYUNDAI DE MEXICO, S.A. DE C.V.",4876,HYUNDAI TRANSLEAD TRAILERS,11496,Hyundai Translead Trailers,2022,,,12,MEXICO,BAJA CALIFORNIA,TIJUANA,,,,Material: Steel,61,Trailer,,,,,36,Van Trailer,,,48.000,,2,,
41,Oregon,410011,2,1,1G9G2LA2*MA008***,2024-03-15 02:12:38,0,6,TRAILER,9652,"GENERAL TRAILER COMPANY, INC.",8978,GENERAL TRAILER,23105,General Trailer,2021,,,6,UNITED STATES (USA),OREGON,SPRINGFIELD,,,,,61,Trailer,,,,,19,Logging Trailer,2,Pintle Hitch/Hook,10.000,,2,,
41,Oregon,410064,1,1,1GRAA062*EW******,2024-03-15 02:12:38,0,6,TRAILER,1073,GREAT DANE TRAILERS,520,GREAT DANE TRAILERS,13436,Great Dane Trailers,2014,,,6,UNITED STATES (USA),NEBRASKA,WAYNE,,,,,61,Trailer,,,,,,,4,Straight Semi/Semi Trailer,53.000,Dry Freight Van / Reefer Van / Insulated Van,2,,
41,Oregon,410090,1,1,1W15482A*K6******,2024-03-15 02:12:38,0,6,TRAILER,11681,WILSON TRAILER CO.,10450,WILSON,27561,Wilson,2019,,,6,UNITED STATES (USA),MISSOURI,MOBERLY,,,,Type of suspension: Air Ride,61,Trailer,,,,,6,Flat Bed Trailer/Platform Trailer,,,48.000,,2,,
41,Oregon,410093,1,1,1GRDM802*GH******,2024-03-15 02:12:38,0,6,TRAILER,1073,GREAT DANE TRAILERS,520,GREAT DANE TRAILERS,13436,Great Dane Trailers,2016,,,6,UNITED STATES (USA),TENNESSEE,HUNTSVILLE,,,,,61,Trailer,,,,,,,4,Straight Semi/Semi Trailer,40.000,Platform,2,,
41,Oregon,410114,2,1,5DN12534*HB******,2024-03-15 02:12:38,0,6,TRAILER,8543,WESTERN TRAILER COMPANY,3808,WESTERN TRAILER COMPANY,8295,Western Trailer Company,2017,,,6,UNITED STATES (USA),IDAHO,BOISE,Western Trailer Company,,,,61,Trailer,,,,,34,Chipper Trailer,4,Straight Semi/Semi Trailer,53.000,,4,,
41,Oregon,410145,2,1,1JJV532W*YL******,2024-03-15 02:12:38,0,6,TRAILER,14508,WABASH NATIONAL CORPORATION,4847,WABASH,13327,Wabash National Corporation,2000,,,6,UNITED STATES (USA),INDIANA,LAFAYETTE,,,,,61,Trailer,,,,,36,Van Trailer,,,53.000,,2,,
41,Oregon,410281,2,1,5DN11534*5B******,2024-03-15 02:12:38,0,6,TRAILER,8543,WESTERN TRAILER COMPANY,3808,WESTERN TRAILER COMPANY,8295,Western Trailer Company,2005,,,6,UNITED STATES (USA),IDAHO,BOISE,Western Trailer Company,,,,61,Trailer,,,,,6,Flat Bed Trailer/Platform Trailer,4,Straight Semi/Semi Trailer,53.000,,4,,
41,Oregon,410286,3,1,5MAPA482*MA******,2024-03-15 02:12:38,0,6,TRAILER,5950,"MAC TRAILER MFG, INC.",6826,MAC TRAILER MANUFACTURING,18288,MAC TRAILER MANUFACTURING,2021,,,6,UNITED STATES (USA),OHIO,SALEM,ALLEN ROAD 20,,,,61,Trailer,,,,,6,Flat Bed Trailer/Platform Trailer,6,Kingpin,48.000,ALUMINUM FRAME,2,,
41,Oregon,410304,2,1,1GRAP062*JT******,2024-03-15 02:12:38,0,6,TRAILER,1073,GREAT DANE TRAILERS,520,GREAT DANE TRAILERS,13436,Great Dane Trailers,2018,,,6,UNITED STATES (USA),INDIANA,TERRE HAUTE,,,,,61,Trailer,,,,,36,Van Trailer,4,Straight Semi/Semi Trailer,53.000,"Semitrailer - Dry Freight Van, Reefer Van, Insulated Van",2,,
41,Oregon,410414,1,1,1KKVE532*DL******,2024-03-15 02:12:38,0,6,TRAILER,2340,KENTUCKY MANUFACTURING CO.,2048,KENTUCKY,30822,Electronics Trailer,2013,,,6,UNITED STATES (USA),KENTUCKY,LOUISVILLE,Kentucky Manufacturing Co.,,,,61,Trailer,,,,,36,Van Trailer,,,53.000,,2,,
41,Oregon,410419,1,1,1UYVS253*M7******,2024-03-15 02:12:38,0,6,TRAILER,10289,UTILITY TRAILER MANUFACTURING COMPANY,10138,UTILITY TRAILER MANUFACTURER,26222,Utility Trailer Manufacturer,2021,,,6,UNITED STATES (USA),VIRGINIA,GLADE SPRING,,,,,61,Trailer,,,,,36,Van Trailer,4,Straight Semi/Semi Trailer,53.000,,2,,
41,Oregon,410426,2,1,1UYVS253*EP******,2024-03-15 02:12:38,1,6,TRAILER,10289,UTILITY TRAILER MANUFACTURING COMPANY,10138,UTILITY TRAILER MANUFACTURER,26222,Utility Trailer Manufacturer,2014,,,6,UNITED STATES (USA),ARKANSAS,PARAGOULD,,,,,61,Trailer,,,,,36,Van Trailer,4,Straight Semi/Semi Trailer,53.000,,2,,
41,Oregon,410433,2,1,1GR4M062*PH******,2024-03-15 02:12:38,0,6,TRAILER,1073,GREAT DANE TRAILERS,520,GREAT DANE TRAILERS,13436,Great Dane Trailers,2023,,,6,UNITED STATES (USA),TENNESSEE,HUNTSVILLE,,,,,61,Trailer,,,,,,,6,Kingpin,53.000,Semitrailer - platform,2,,
41,Oregon,410436,1,1,3H3V482C*FT******,2024-03-15 02:12:38,0,6,TRAILER,14282,"HYUNDAI DE MEXICO, S.A. DE C.V.",4876,HYUNDAI TRANSLEAD TRAILERS,11496,Hyundai Translead Trailers,2015,,,12,MEXICO,BAJA CALIFORNIA,TIJUANA,,,,,61,Trailer,,,,,36,Van Trailer,,,48.000,Material: Aluminum/Steel,2,,
41,Oregon,410444,1,1,3H3V532S*NJ******,2024-03-15 02:12:38,0,6,TRAILER,14282,"HYUNDAI DE MEXICO, S.A. DE C.V.",4876,HYUNDAI TRANSLEAD TRAILERS,11496,Hyundai Translead Trailers,2022,,,12,MEXICO,BAJA CALIFORNIA,TIJUANA,,,,Material: Steel,61,Trailer,,,,,36,Van Trailer,,,53.000,,2,,
41,Oregon,410444,2,1,1JJV532D*NL******,2024-03-15 02:12:38,0,6,TRAILER,14508,WABASH NATIONAL CORPORATION,12319,WABASH VANS,10942,Dry Van Duraplate,2022,,,6,UNITED STATES (USA),INDIANA,LAFAYETTE,,,,,61,Trailer,,,,,36,Van Trailer,6,Kingpin,53.000,,2,,
41,Oregon,410489,2,1,1DW1A532*HS******,2024-03-15 02:12:38,0,6,TRAILER,13506,"STOUGHTON TRAILERS, INC.",3414,STOUGHTON TRAILERS,7701,Stoughton trailers,2017,,,6,UNITED STATES (USA),WISCONSIN,STOUGHTON,"Stoughton Trailers, INC",,,,61,Trailer,,,,,36,Van Trailer,4,Straight Semi/Semi Trailer,53.000,,2,,
41,Oregon,410493,1,1,5JW2U252*H3******,2024-03-15 02:12:38,0,6,TRAILER,9916,NOVAE LLC,2410,SURE-TRAC,6193,Sure-Trac Trailers,2017,,,6,UNITED STATES (USA),INDIANA,COLUMBIA CITY,,,,,61,Trailer,,,,,16,Utility Trailer,2,Pintle Hitch/Hook,25.000,Open Body,2,,
41,Oregon,410501,1,1,1UYVS253*N2******,2024-03-15 02:12:38,0,6,TRAILER,10289,UTILITY TRAILER MANUFACTURING COMPANY,10138,UTILITY TRAILER MANUFACTURER,26222,Utility Trailer Manufacturer,2022,,,6,UNITED STATES (USA),UTAH,CLEARFIELD,,,,,61,Trailer,,,,,36,Van Trailer,4,Straight Semi/Semi Trailer,53.000,,2,,
41,Oregon,410552,1,1,1S12GC40*FC******,2024-03-15 02:12:38,0,6,TRAILER,14956,"STRICK TRAILERS, LLC",4977,STRICK COMMERCIAL TRAILER,12176,Strick Commercial Trailer,1985,,,6,UNITED STATES (USA),,DUNMORE,,,,,61,Trailer,,,,,46,Chassis,3,Gooseneck,40.000,,2,3,Tandem
41,Oregon,410557,1,1,3H3V352C*ET******,2024-03-15 02:12:38,0,6,TRAILER,14282,"HYUNDAI DE MEXICO, S.A. DE C.V.",4876,HYUNDAI TRANSLEAD TRAILERS,11496,Hyundai Translead Trailers,2014,,,12,MEXICO,BAJA CALIFORNIA,TIJUANA,,,,,61,Trailer,,,,,36,Van Trailer,,,35.000,Material: Aluminum/Steel,2,,
41,Oregon,410557,1,2,3H3V281C*CT******,2024-03-15 02:12:38,0,6,TRAILER,14282,"HYUNDAI DE MEXICO, S.A. DE C.V.",4876,HYUNDAI TRANSLEAD TRAILERS,11496,Hyundai Translead Trailers,2012,,,12,MEXICO,BAJA CALIFORNIA,TIJUANA,,,,,61,Trailer,,,,,36,Van Trailer,,,28.000,Material: Aluminum/Steel,1,,
41,Oregon,410591,2,1,1J9TA422*WB053***,2024-03-15 02:12:38,0,6,TRAILER,18087,"JAMES RUSSELL ENGINEERING WORKS, INC.",9332,"JAMES RUSSELL ENGINEERING WORKS, INC.",23568,"James Russell Engineering Works, Inc.",1998,Liquid Argon,,6,UNITED STATES (USA),MASSACHUSETTS,BOSTON,,,,,61,Trailer,,,,,15,Tank Trailer,,,42.000,,2,,
42,Pennsylvania,420024,1,1,1UYVS253*N6******,2024-03-19 01:32:13,0,6,TRAILER,10289,UTILITY TRAILER MANUFACTURING COMPANY,10138,UTILITY TRAILER MANUFACTURER,26222,Utility Trailer Manufacturer,2022,,,6,UNITED STATES (USA),VIRGINIA,MARION,,,,,61,Trailer,,,,,36,Van Trailer,4,Straight Semi/Semi Trailer,53.000,,2,,
42,Pennsylvania,420046,2,1,1UYVS253*L7******,2024-03-19 01:32:13,0,6,TRAILER,10289,UTILITY TRAILER MANUFACTURING COMPANY,10138,UTILITY TRAILER MANUFACTURER,26222,Utility Trailer Manufacturer,2020,,,6,UNITED STATES (USA),VIRGINIA,GLADE SPRING,,,,,61,Trailer,,,,,36,Van Trailer,4,Straight Semi/Semi Trailer,53.000,,2,,
42,Pennsylvania,420055,3,1,1JJV532D*LL******,2024-03-19 01:32:13,0,6,TRAILER,14508,WABASH NATIONAL CORPORATION,12319,WABASH VANS,10942,Dry Van Duraplate,2020,,,6,UNITED STATES (USA),INDIANA,LAFAYETTE,,,,,61,Trailer,,,,,36,Van Trailer,,,53.000,,2,,
42,Pennsylvania,420057,2,1,1UYVS253*K3******,2024-03-19 01:32:13,0,6,TRAILER,10289,UTILITY TRAILER MANUFACTURING COMPANY,10138,UTILITY TRAILER MANUFACTURER,26222,Utility Trailer Manufacturer,2019,,,6,UNITED STATES (USA),ARKANSAS,PARAGOULD,,,,,61,Trailer,,,,,36,Van Trailer,4,Straight Semi/Semi Trailer,53.000,,2,,
42,Pennsylvania,420064,2,1,58CB1EE2*KC******,2024-03-19 01:32:13,0,6,TRAILER,7342,"BWISE MANUFACTURING, LLC",4746,BWISE MANUFACTURING,10040,Bwise Manufacturing LLC,2019,,,6,UNITED STATES (USA),PUERTO RICO,CHAMBERSBURG,Bwise Manufacturing,,,,61,Trailer,,,,,23,Equipment Trailer,14,Bumper Pull,18.000,Standard,2,,
42,Pennsylvania,420067,2,1,1GRAA962*AB******,2024-03-19 01:32:13,0,6,TRAILER,1073,GREAT DANE TRAILERS,520,GREAT DANE TRAILERS,13436,Great Dane Trailers,2010,,,6,UNITED STATES (USA),INDIANA,BRAZIL,,,,,61,Trailer,,,,,36,Van Trailer,4,Straight Semi/Semi Trailer,48.000,Trailer Type = Dry Freight/ Reefer/ Insulated Van,2,,
42,Pennsylvania,420079,1,1,5V8VC482*LM******,2024-03-19 01:32:13,0,6,TRAILER,16522,VANGUARD NATIONAL TRAILER CORPORTATION,6474,VANGUARD NATIONAL TRAILER CORPORATION (VNTC),17782,VANGUARD NATIONAL TRAILER CORPORATION (VNTC),2020,,,6,UNITED STATES (USA),INDIANA,MONON,,,,,61,Trailer,,,,,186,Dry Freight,6,Kingpin,48.000,Composite Plate Semitrailer (VXP),,3,Tandem
42,Pennsylvania,420101,2,1,1L9L6CV2*ML593***,2024-03-19 01:32:13,1,6,TRAILER,19486,LOHR NORTH AMERICA,12260,LOHR NORTH AMERICA,31959,LOHR,2021,,,6,UNITED STATES (USA),ALABAMA,LINCOLN,,,,1445 McCAIG ROAD,61,Trailer,,,,,3,Car Hauler Trailer,5,Fifth Wheel,48.000,,2,,
42,Pennsylvania,420106,2,1,1TDH4002*JB******,2024-03-19 01:32:13,0,6,TRAILER,8330,TIMPTE INC.,5331,"TIMPTE, INC",13636,Timpte,2018,,,6,UNITED STATES (USA),NEBRASKA,DAVID CITY,,,,"Seventh VIN position indicates the additional length of the trailer to the nearest inch up to 9 inches. If the additional length is 10 inches or more the seventh character is zero (0) and the sixth character will be increased to the next foot. For example : a 42ft 9in trailer will be represent in VIN position 5, 6 & 7 as ""429"" and a 42ft 10in. trailer will be represented in VIN position 5 , 6 & 7 as ""430"" respectively.",61,Trailer,,,,,174,Dry Bulk Trailer,,,40.000,Dry Bulk-Bottom Hopper,2,,
42,Pennsylvania,420124,2,1,46UFU402*L1******,2024-03-19 01:32:13,0,6,TRAILER,16231,"ROADCLIPPER ENTERPRISES, INC.",6469,DIAMOND C TRAILER MFG.,17772,Diamond C Trailer Mfg.,1990,,,6,UNITED STATES (USA),TEXAS,MT. PLEASANT,,,,,61,Trailer,,,,,16,Utility Trailer,,,40.000,Flatbed,2,,
42,Pennsylvania,420174,2,1,5V8VA532*LM******,2024-03-19 01:32:13,0,6,TRAILER,16522,VANGUARD NATIONAL TRAILER CORPORTATION,6474,VANGUARD NATIONAL TRAILER CORPORATION (VNTC),17782,VANGUARD NATIONAL TRAILER CORPORATION (VNTC),2020,,,6,UNITED STATES (USA),INDIANA,MONON,,,,,61,Trailer,,,,,186,Dry Freight,6,Kingpin,53.000,"Interior Post Aluminum Sheet Trailer (VIP, MaxCube)",,3,Tandem
42,Pennsylvania,420186,2,1,3H3V532C*GT******,2024-03-19 01:32:13,0,6,TRAILER,14282,"HYUNDAI DE MEXICO, S.A. DE C.V.",4876,HYUNDAI TRANSLEAD TRAILERS,11496,Hyundai Translead Trailers,2016,,,12,MEXICO,BAJA CALIFORNIA,TIJUANA,,,,,61,Trailer,,,,,36,Van Trailer,,,53.000,Material: Aluminum/Steel,2,,
42,Pennsylvania,420201,1,1,5JW1D122*N1******,2024-03-19 01:32:13,0,6,TRAILER,9916,NOVAE LLC,2410,SURE-TRAC,6193,Sure-Trac Trailers,2022,,,6,UNITED STATES (USA),INDIANA,MARKLE,,,,,61,Trailer,,,,,4,Dump Trailer/Dumping Trailer,1,Ball Type Pull,12.000,Solid Side Body,2,,
42,Pennsylvania,420201,2,1,1NNVX532*WM******,2024-03-19 01:32:13,0,6,TRAILER,15472,EVANS PRODUCTS COMPANY,6021,MONON,29523,Monon,1998,,,6,UNITED STATES (USA),INDIANA,MONON,,,,,61,Trailer,,,,,101,Other,,,53.000,Exterior Post,2,3,Tandem
42,Pennsylvania,420202,2,1,1UYVS253*EU******,2024-03-19 01:32:13,0,6,TRAILER,10289,UTILITY TRAILER MANUFACTURING COMPANY,10138,UTILITY TRAILER MANUFACTURER,26222,Utility Trailer Manufacturer,2014,,,6,UNITED STATES (USA),UTAH,CLEARFIELD,,,,,61,Trailer,,,,,36,Van Trailer,4,Straight Semi/Semi Trailer,53.000,,2,,
42,Pennsylvania,420206,2,1,1JJV532D*ML******,2024-03-19 01:32:13,0,6,TRAILER,14508,WABASH NATIONAL CORPORATION,12319,WABASH VANS,10942,Dry Van Duraplate,2021,,,6,UNITED STATES (USA),INDIANA,LAFAYETTE,,,,,61,Trailer,,,,,36,Van Trailer,,,53.000,,2,,
42,Pennsylvania,420212,2,1,1UYVS253*N2******,2024-03-19 01:32:13,0,6,TRAILER,10289,UTILITY TRAILER MANUFACTURING COMPANY,10138,UTILITY TRAILER MANUFACTURER,26222,Utility Trailer Manufacturer,2022,,,6,UNITED STATES (USA),UTAH,CLEARFIELD,,,,,61,Trailer,,,,,36,Van Trailer,4,Straight Semi/Semi Trailer,53.000,,2,,
42,Pennsylvania,420214,2,1,3H3V532C*5T******,2024-03-19 01:32:13,0,6,TRAILER,14282,"HYUNDAI DE MEXICO, S.A. DE C.V.",4876,HYUNDAI TRANSLEAD TRAILERS,11496,Hyundai Translead Trailers,2005,,,12,MEXICO,BAJA CALIFORNIA,TIJUANA,,,,,61,Trailer,,,,,36,Van Trailer,,,53.000,Material: Aluminum/Steel,2,,
42,Pennsylvania,420227,1,1,7F21B281*M2******,2024-03-19 01:32:13,0,6,TRAILER,13986,"XPO MANUFACTURING, LLC",4823,XPO,10709,XPO,2021,,,6,UNITED STATES (USA),ARKANSAS,SEARCY,,,,,61,Trailer,,,,,,,6,Kingpin,28.000,Body Type: New Wedge Dry Freight Van utilizing some reconditioned parts,1,,
42,Pennsylvania,420227,1,2,1RZ1KA1A*J1******,2024-03-19 01:32:13,0,6,TRAILER,6992,"CON-WAY MANUFACTURING, INC.",1881,CON-WAY MANUFACTURING,5385,CON-WAY MANUFACTURING,2018,,,6,UNITED STATES (USA),CALIFORNIA,FONTANA,,,,Body Construction = Exterior Post Aluminum,61,Trailer,,,,,131,Truck Campers,,,28.000,Length = less than 29 but at least 28,1,,
42,Pennsylvania,420227,2,1,1RZ1KC1A*T2******,2024-03-19 01:32:13,0,6,TRAILER,6992,"CON-WAY MANUFACTURING, INC.",1881,CON-WAY MANUFACTURING,5385,CON-WAY MANUFACTURING,1996,,,6,UNITED STATES (USA),ARIZONA,SEARCY,,,,Body Construction = Smooth-side Aluminum,61,Trailer,,,,,131,Truck Campers,,,28.000,Length = less than 29 but at least 28,1,,
42,Pennsylvania,420227,2,2,7F21B281*L2******,2024-03-19 01:32:13,0,6,TRAILER,13986,"XPO MANUFACTURING, LLC",4823,XPO,10709,XPO,2020,,,6,UNITED STATES (USA),ARKANSAS,SEARCY,,,,,61,Trailer,,,,,,,6,Kingpin,28.000,Body Type: New Wedge Dry Freight Van utilizing some reconditioned parts,1,,
42,Pennsylvania,420254,2,1,1E9T7920*FE007***,2024-03-19 01:32:13,0,6,TRAILER,12434,E.D. ETNYRE & CO.,9133,ETNYRE,23367,Etnyre,2015,,,6,UNITED STATES (USA),ILLINOIS,OREGON,,,,,61,Trailer,,,,,15,Tank Trailer,,,79.000,,2,,
42,Pennsylvania,420308,1,1,1UYVS253*GU******,2024-03-19 01:32:13,0,6,TRAILER,10289,UTILITY TRAILER MANUFACTURING COMPANY,10138,UTILITY TRAILER MANUFACTURER,26222,Utility Trailer Manufacturer,2016,,,6,UNITED STATES (USA),UTAH,CLEARFIELD,,,,,61,Trailer,,,,,36,Van Trailer,4,Straight Semi/Semi Trailer,53.000,,2,,
42,Pennsylvania,420308,2,1,5V8VC532*KM******,2024-03-19 01:32:13,0,6,TRAILER,16522,VANGUARD NATIONAL TRAILER CORPORTATION,6474,VANGUARD NATIONAL TRAILER CORPORATION (VNTC),17782,VANGUARD NATIONAL TRAILER CORPORATION (VNTC),2019,,,6,UNITED STATES (USA),INDIANA,MONON,,,,,61,Trailer,,,,,186,Dry Freight,6,Kingpin,53.000,Composite Plate Semitrailer (VXP),,3,Tandem
42,Pennsylvania,420309,2,1,58CB1DB2*HC******,2024-03-19 01:32:13,0,6,TRAILER,7342,"BWISE MANUFACTURING, LLC",4746,BWISE MANUFACTURING,10040,Bwise Manufacturing LLC,2017,,,6,UNITED STATES (USA),PUERTO RICO,CHAMBERSBURG,Bwise Manufacturing,,,,61,Trailer,,,,,4,Dump Trailer/Dumping Trailer,14,Bumper Pull,12.000,Standard,2,,
42,Pennsylvania,420327,2,1,1JJV532D*KL******,2024-03-19 01:32:13,0,6,TRAILER,14508,WABASH NATIONAL CORPORATION,12319,WABASH VANS,10942,Dry Van Duraplate,2019,,,6,UNITED STATES (USA),INDIANA,LAFAYETTE,,,,,61,Trailer,,,,,36,Van Trailer,,,53.000,,2,,
42,Pennsylvania,420350,1,1,1JJV532D*PL******,2024-03-19 01:32:13,0,6,TRAILER,14508,WABASH NATIONAL CORPORATION,12319,WABASH VANS,10942,Dry Van Duraplate,2023,,,6,UNITED STATES (USA),INDIANA,LAFAYETTE,,,,,61,Trailer,,,,,36,Van Trailer,6,Kingpin,53.000,,2,,
42,Pennsylvania,420350,2,1,1GRAA062*FK******,2024-03-19 01:32:13,0,6,TRAILER,1073,GREAT DANE TRAILERS,520,GREAT DANE TRAILERS,13436,Great Dane Trailers,2015,,,6,UNITED STATES (USA),ILLINOIS,KEWANEE,,,,,61,Trailer,,,,,,,4,Straight Semi/Semi Trailer,53.000,Dry Freight Van / Reefer Van / Insulated Van,2,,
42,Pennsylvania,420350,4,1,1RNF46A2*SR******,2024-03-19 01:32:13,1,6,TRAILER,3579,"REITNOUER, INC.",5594,REITNOUER INC,14493,Reitnouer Inc Trailers,2025,,,6,UNITED STATES (USA),PENNSYLVANIA,READING,,,,,61,Trailer,9,"Class 8: 33,001 lb and above (14,969 kg and above)",,,6,Flat Bed Trailer/Platform Trailer,6,Kingpin,46.000,Airride,2,,
42,Pennsylvania,420350,5,1,5MC12481*H3******,2024-03-19 01:32:13,0,6,TRAILER,5772,"MANAC TRAILERS USA, INC.",3896,MANAC TRAILERS USA,8528,Manac,2017,,,6,UNITED STATES (USA),MISSOURI,ORAN,"Manac Trailers USA, Inc.",,,,61,Trailer,,,,,6,Flat Bed Trailer/Platform Trailer,4,Straight Semi/Semi Trailer,48.000,Platform,2,,
42,Pennsylvania,420380,2,1,5V8VA532*7M******,2024-03-19 01:32:13,0,6,TRAILER,16522,VANGUARD NATIONAL TRAILER CORPORTATION,6474,VANGUARD NATIONAL TRAILER CORPORATION (VNTC),17782,VANGUARD NATIONAL TRAILER CORPORATION (VNTC),2007,,,6,UNITED STATES (USA),INDIANA,MONON,,,,,61,Trailer,,,,,,,,,53.000,Interior Post Aluminum Semi Trailer,2,3,Tandem
42,Pennsylvania,420409,1,1,1GRAP062*HT******,2024-03-19 01:32:13,0,6,TRAILER,1073,GREAT DANE TRAILERS,520,GREAT DANE TRAILERS,13436,Great Dane Trailers,2017,,,6,UNITED STATES (USA),INDIANA,TERRE HAUTE,,,,,61,Trailer,,,,,,,4,Straight Semi/Semi Trailer,53.000,Dry Freight Van / Reefer Van / Insulated Van,2,,
42,Pennsylvania,420414,2,1,1GRAA962*JD******,2024-03-19 01:32:13,0,6,TRAILER,1073,GREAT DANE TRAILERS,520,GREAT DANE TRAILERS,13436,Great Dane Trailers,2018,,,6,UNITED STATES (USA),PENNSYLVANIA,DANVILLE,,,,,61,Trailer,,,,,36,Van Trailer,4,Straight Semi/Semi Trailer,48.000,"Semitrailer - Dry Freight Van, Reefer Van, Insulated Van",2,,
42,Pennsylvania,420417,1,1,1DW1C532*YS******,2024-03-19 01:32:13,0,6,TRAILER,13506,"STOUGHTON TRAILERS, INC.",3414,STOUGHTON TRAILERS,7701,Stoughton trailers,2000,,,6,UNITED STATES (USA),WISCONSIN,STOUGHTON,"Stoughton Trailers, INC",,,,61,Trailer,,,,,46,Chassis,4,Straight Semi/Semi Trailer,53.000,,2,,
42,Pennsylvania,420417,5,2,3H3V281K*NJ******,2024-03-19 01:32:13,0,6,TRAILER,14282,"HYUNDAI DE MEXICO, S.A. DE C.V.",4876,HYUNDAI TRANSLEAD TRAILERS,11496,Hyundai Translead Trailers,2022,,,12,MEXICO,BAJA CALIFORNIA,TIJUANA,,,,Body Type: SEMITRAILER,61,Trailer,,,,,36,Van Trailer,6,Kingpin,28.000,,1,,
42,Pennsylvania,420417,7,1,4X4TRLB2*61******,2024-03-19 01:32:13,1,6,TRAILER,1084,"FOREST RIVER, INC.",531,FOREST RIVER,3158,Rockwood Lite Weight Trailers,2006,,,6,UNITED STATES (USA),INDIANA,MILLERSBURG,,,,Address: 66135 C.R. 13,61,Trailer,,,,,21,Travel Trailer,,,26.000,,2,,
42,Pennsylvania,420417,11,1,1E1U2Y28*GR******,2024-03-19 01:32:13,0,6,TRAILER,5338,EAST MANUFACTURING CORP.,1334,EAST MANUFACTURING CORP.,4686,East Manufacturing Corp,2016,,,6,UNITED STATES (USA),OHIO,RANDOLPH,,,,,61,Trailer,9,"Class 8: 33,001 lb and above (14,969 kg and above)",,,,,,,48.000,Unloader Trailer,2,,
42,Pennsylvania,420444,1,1,1JJV532D*EL******,2024-03-19 01:32:13,0,6,TRAILER,14508,WABASH NATIONAL CORPORATION,12319,WABASH VANS,10942,Dry Van Duraplate,2014,,,6,UNITED STATES (USA),INDIANA,LAFAYETTE,,,,,61,Trailer,,,,,36,Van Trailer,,,53.000,,2,,
42,Pennsylvania,420444,3,1,3H3V532C*JT******,2024-03-19 01:32:13,0,6,TRAILER,14282,"HYUNDAI DE MEXICO, S.A. DE C.V.",4876,HYUNDAI TRANSLEAD TRAILERS,11496,Hyundai Translead Trailers,2018,,,12,MEXICO,BAJA CALIFORNIA,TIJUANA,,,,,61,Trailer,,,,,36,Van Trailer,,,53.000,Material: Aluminum/Steel,2,,
42,Pennsylvania,420448,1,1,1TDH4002*DB******,2024-03-19 01:32:13,0,6,TRAILER,8330,TIMPTE INC.,5331,"TIMPTE, INC",13636,Timpte,2013,,,6,UNITED STATES (USA),NEBRASKA,DAVID CITY,,,,"Seventh VIN position indicates the additional length of the trailer to the nearest inch up to 9 inches. If the additional length is 10 inches or more the seventh character is zero (0) and the sixth character will be increased to the next foot. For example : a 42ft 9in trailer will be represent in VIN position 5, 6 & 7 as ""429"" and a 42ft 10in. trailer will be represented in VIN position 5 , 6 & 7 as ""430"" respectively.",61,Trailer,,,,,174,Dry Bulk Trailer,,,40.000,Dry Bulk-Bottom Hopper,2,,
42,Pennsylvania,420458,1,1,5EF2GC40*GB******,2024-03-19 01:32:13,0,6,TRAILER,4094,CHEETAH CHASSIS CORPORATION,4029,CHEETAH CHASSIS,8699,CHEETAH CHASSIS,2016,,,6,UNITED STATES (USA),PENNSYLVANIA,BERWICK,,,,,61,Trailer,,,,,46,Chassis,4,Straight Semi/Semi Trailer,40.000,Gooseneck Chassis,2,3,Tandem
42,Pennsylvania,420473,2,1,3H3V532C*AT******,2024-03-19 01:32:13,0,6,TRAILER,14282,"HYUNDAI DE MEXICO, S.A. DE C.V.",4876,HYUNDAI TRANSLEAD TRAILERS,11496,Hyundai Translead Trailers,2010,,,12,MEXICO,BAJA CALIFORNIA,TIJUANA,,,,,61,Trailer,,,,,36,Van Trailer,,,53.000,Material: Aluminum/Steel,2,,
42,Pennsylvania,420482,1,1,5A3U610S*4L******,2024-03-19 01:32:13,0,6,TRAILER,8757,"CAR MATE TRAILERS, INC.",864,CAR MATE TRAILERS,4046,Car Mate Trailers,2004,,,6,UNITED STATES (USA),PENNSYLVANIA,LEEPER,,,,,61,Trailer,,,,,16,Utility Trailer,,,10.000,Width 4-8 feet,1,,
42,Pennsylvania,420569,2,1,3H3V532C*JT******,2024-03-19 01:32:13,0,6,TRAILER,14282,"HYUNDAI DE MEXICO, S.A. DE C.V.",4876,HYUNDAI TRANSLEAD TRAILERS,11496,Hyundai Translead Trailers,2018,,,12,MEXICO,BAJA CALIFORNIA,TIJUANA,,,,,61,Trailer,,,,,36,Van Trailer,,,53.000,Material: Aluminum/Steel,2,,
42,Pennsylvania,420579,1,1,1JJV532D*PL******,2024-03-19 01:32:13,0,6,TRAILER,14508,WABASH NATIONAL CORPORATION,12319,WABASH VANS,10942,Dry Van Duraplate,2023,,,6,UNITED STATES (USA),INDIANA,LAFAYETTE,,,,,61,Trailer,,,,,36,Van Trailer,6,Kingpin,53.000,,2,,
42,Pennsylvania,420595,2,1,2W9HC402*4G001***,2024-03-19 01:32:13,0,6,TRAILER,10140,"WALINGA, INC.",6967,"WALINGA, INC.",18536,"WALINGA, INC.",2004,,,1,CANADA,,GUELPH,,,,,61,Trailer,,,,,101,Other,,,40.000,AUGER AND BLOWER,2,,
42,Pennsylvania,420659,2,1,1GRAA062*JB******,2024-03-19 01:32:13,0,6,TRAILER,1073,GREAT DANE TRAILERS,520,GREAT DANE TRAILERS,13436,Great Dane Trailers,2018,,,6,UNITED STATES (USA),INDIANA,BRAZIL,,,,,61,Trailer,,,,,36,Van Trailer,4,Straight Semi/Semi Trailer,53.000,"Semitrailer - Dry Freight Van, Reefer Van, Insulated Van",2,,
42,Pennsylvania,420662,3,1,1TTE482S*F3******,2024-03-19 01:32:13,0,6,TRAILER,8231,TRANSCRAFT CORPORATION,12050,TRANSCRAFT/WABASH,27662,Steel Flatbed,2015,,,6,UNITED STATES (USA),KENTUCKY,CADIZ,,,,,61,Trailer,,,,,61,Drop Deck Trailer,6,Kingpin,48.000,,2,,
42,Pennsylvania,420668,2,1,1JJV532D*ML******,2024-03-19 01:32:13,1,6,TRAILER,14508,WABASH NATIONAL CORPORATION,12319,WABASH VANS,10942,Dry Van Duraplate,2021,,,6,UNITED STATES (USA),INDIANA,LAFAYETTE,,,,,61,Trailer,,,,,36,Van Trailer,,,53.000,,2,,
42,Pennsylvania,420700,1,1,1TTF5320*72******,2024-03-19 01:32:13,0,6,TRAILER,8231,TRANSCRAFT CORPORATION,10511,TRANSCRAFT,28401,Transcraft,2007,,,6,UNITED STATES (USA),KENTUCKY,MOUNT STERLING,,,,,61,Trailer,,,,,6,Flat Bed Trailer/Platform Trailer,6,Kingpin,53.000,Platform,2,,
42,Pennsylvania,420716,2,1,3H3V532C*JR******,2024-03-19 01:32:13,0,6,TRAILER,14282,"HYUNDAI DE MEXICO, S.A. DE C.V.",4876,HYUNDAI TRANSLEAD TRAILERS,11496,Hyundai Translead Trailers,2018,,,12,MEXICO,BAJA CALIFORNIA,ROSARITO,,,,,61,Trailer,,,,,36,Van Trailer,,,53.000,Material: Aluminum/Steel,2,,
42,Pennsylvania,420723,1,1,3H3V281C*4T******,2024-03-19 01:32:13,0,6,TRAILER,14282,"HYUNDAI DE MEXICO, S.A. DE C.V.",4876,HYUNDAI TRANSLEAD TRAILERS,11496,Hyundai Translead Trailers,2004,,,12,MEXICO,BAJA CALIFORNIA,TIJUANA,,,,,61,Trailer,,,,,36,Van Trailer,,,28.000,Material: Aluminum/Steel,1,,
42,Pennsylvania,420723,1,2,1KKVD281*CL******,2024-03-19 01:32:13,0,6,TRAILER,2340,KENTUCKY MANUFACTURING CO.,2048,KENTUCKY,30821,Drop Trailer,2012,,,6,UNITED STATES (USA),KENTUCKY,LOUISVILLE,Kentucky Manufacturing Co.,,,,61,Trailer,,,,,36,Van Trailer,,,28.000,,1,,
42,Pennsylvania,420725,1,1,1DW1A281*HS******,2024-03-19 01:32:13,0,6,TRAILER,13506,"STOUGHTON TRAILERS, INC.",3414,STOUGHTON TRAILERS,7701,Stoughton trailers,2017,,,6,UNITED STATES (USA),WISCONSIN,STOUGHTON,"Stoughton Trailers, INC",,,,61,Trailer,,,,,36,Van Trailer,4,Straight Semi/Semi Trailer,28.000,,1,,
42,Pennsylvania,420728,1,1,1JJV532D*FL******,2024-03-19 01:32:13,0,6,TRAILER,14508,WABASH NATIONAL CORPORATION,12319,WABASH VANS,10942,Dry Van Duraplate,2015,,,6,UNITED STATES (USA),INDIANA,LAFAYETTE,,,,,61,Trailer,,,,,36,Van Trailer,,,53.000,,2,,
42,Pennsylvania,420757,1,1,3H3V532C*KR******,2024-03-19 01:32:13,0,6,TRAILER,14282,"HYUNDAI DE MEXICO, S.A. DE C.V.",4876,HYUNDAI TRANSLEAD TRAILERS,11496,Hyundai Translead Trailers,2019,,,12,MEXICO,BAJA CALIFORNIA,ROSARITO,,,,,61,Trailer,,,,,36,Van Trailer,,,53.000,Material: Aluminum/Steel,2,,
42,Pennsylvania,420767,2,1,4YMBU081*MV******,2024-03-19 01:32:13,0,6,TRAILER,13315,"CARRY-ON TRAILER, INC.",4933,CARRY-ON TRAILER,12040,Carry-On Trailer,2021,,,6,UNITED STATES (USA),VIRGINIA,MONTROSS,,,,,61,Trailer,,,,,32,Open Bed Trailer,1,Ball Type Pull,8.000,,1,,
42,Pennsylvania,420775,1,1,16VPX182*C2******,2024-03-19 01:32:13,0,6,TRAILER,9132,"BIG TEX TRAILER MANUFACTURING, LLC",1136,BIG TEX,5625,Big Tex,2012,,,6,UNITED STATES (USA),TEXAS,MOUNT PLEASANT,"Big Tex Trailer Manufacturing, Inc.",,,,61,Trailer,,,,,16,Utility Trailer,,,18.000,,2,,
42,Pennsylvania,420778,1,1,2W9HA402*JG001***,2024-03-19 01:32:13,0,6,TRAILER,10140,"WALINGA, INC.",6967,"WALINGA, INC.",18536,"WALINGA, INC.",2018,,,1,CANADA,,GUELPH,,,,,61,Trailer,,,,,15,Tank Trailer,,,40.000,HOPPER TANK & AUGER,2,,
42,Pennsylvania,420782,1,1,4U3S0051*LL******,2024-03-19 01:32:13,0,6,TRAILER,9213,"BULL MOOSE HEAVY HAUL, INC",6869,X-L SPECIALIZED TRAILERS INC,18367,X-L SPECIALIZED TRAILERS INC,2020,,,6,UNITED STATES (USA),IOWA,MANCHESTER,,,,,61,Trailer,,,,,,,,,5.000,"Accessories (Gooseneck Jeeps, pin-on Boosters/Flip Axles, pintle hitch Dolly)",1,,
42,Pennsylvania,420792,1,1,3H3V532C*KT******,2024-03-19 01:32:13,0,6,TRAILER,14282,"HYUNDAI DE MEXICO, S.A. DE C.V.",4876,HYUNDAI TRANSLEAD TRAILERS,11496,Hyundai Translead Trailers,2019,,,12,MEXICO,BAJA CALIFORNIA,TIJUANA,,,,,61,Trailer,,,,,36,Van Trailer,,,53.000,Material: Aluminum/Steel,2,,
42,Pennsylvania,420831,2,1,4A2LD532*N3******,2024-03-19 01:32:13,0,6,TRAILER,5943,"M.H. EBY, INC.",5684,"M.H. EBY, INC",14899,"M.H. EBY, INC",2022,,,6,UNITED STATES (USA),IOWA,STORY CITY,,,,,61,Trailer,,,,,13,Livestock Trailer,,,53.000,Trailer Type: Possum Belly/Drop Floor Trailer,2,,
42,Pennsylvania,420878,2,1,1JJV532D*NL******,2024-03-19 01:32:13,0,6,TRAILER,14508,WABASH NATIONAL CORPORATION,12319,WABASH VANS,10942,Dry Van Duraplate,2022,,,6,UNITED STATES (USA),INDIANA,LAFAYETTE,,,,,61,Trailer,,,,,36,Van Trailer,6,Kingpin,53.000,,2,,
42,Pennsylvania,420905,2,1,2W9HA402*LG001***,2024-03-19 01:32:13,0,6,TRAILER,10140,"WALINGA, INC.",6967,"WALINGA, INC.",18536,"WALINGA, INC.",2020,,,1,CANADA,,GUELPH,,,,,61,Trailer,,,,,15,Tank Trailer,,,40.000,HOPPER TANK & AUGER,2,,
42,Pennsylvania,420925,2,1,13N1532C*K1******,2024-03-19 01:32:13,0,6,TRAILER,12268,FONTAINE COMMERCIAL PLATFORM,1128,FONTAINE TRAILER CO.,4416,Fontaine Trailer Co.,2019,,,6,UNITED STATES (USA),ALABAMA,HALEYVILLE,,,,Optional Features: Sliding Suspension,61,Trailer,,,,,6,Flat Bed Trailer/Platform Trailer,,,53.000,,2,,
42,Pennsylvania,420941,1,1,1UYVS253*EG******,2024-03-19 01:32:13,0,6,TRAILER,10289,UTILITY TRAILER MANUFACTURING COMPANY,10138,UTILITY TRAILER MANUFACTURER,26222,Utility Trailer Manufacturer,2014,,,6,UNITED STATES (USA),VIRGINIA,GLADE SPRING,,,,,61,Trailer,,,,,36,Van Trailer,4,Straight Semi/Semi Trailer,53.000,,2,,
42,Pennsylvania,420990,1,1,1JJV532D*CL******,2024-03-19 01:32:13,0,6,TRAILER,14508,WABASH NATIONAL CORPORATION,12319,WABASH VANS,10942,Dry Van Duraplate,2012,,,6,UNITED STATES (USA),INDIANA,LAFAYETTE,,,,,61,Trailer,,,,,36,Van Trailer,,,53.000,,2,,
42,Pennsylvania,420991,1,1,1J9BS362*51070***,2024-03-19 01:32:13,1,6,TRAILER,17909,"JOHN M. HILL MACHINE CO., INC.",9118,"JOHN M. HILL MACHINE CO., INC.",23351,"John M. Hill Machine Co., Inc.",2005,Steel,,6,UNITED STATES (USA),PENNSYLVANIA,HAMBURG,,,,,61,Trailer,,,,,4,Dump Trailer/Dumping Trailer,,,36.000,Framed round dump trailer,2,,
42,Pennsylvania,421000,1,1,1JJV532D*JL******,2024-03-19 01:32:13,1,6,TRAILER,14508,WABASH NATIONAL CORPORATION,12319,WABASH VANS,10942,Dry Van Duraplate,2018,,,6,UNITED STATES (USA),INDIANA,LAFAYETTE,,,,,61,Trailer,,,,,36,Van Trailer,,,53.000,,2,,
42,Pennsylvania,421006,1,1,16VAX141*K2******,2024-03-19 01:32:13,0,6,TRAILER,9132,"BIG TEX TRAILER MANUFACTURING, LLC",1136,BIG TEX,5625,Big Tex,2019,,,6,UNITED STATES (USA),TEXAS,MOUNT PLEASANT,"Big Tex Trailer Manufacturing, Inc.",,,,61,Trailer,,,,,16,Utility Trailer,,,14.000,Single Axle Trailer,1,,
42,Pennsylvania,421021,1,1,1GRAA062*FW******,2024-03-19 01:32:13,0,6,TRAILER,1073,GREAT DANE TRAILERS,520,GREAT DANE TRAILERS,13436,Great Dane Trailers,2015,,,6,UNITED STATES (USA),NEBRASKA,WAYNE,,,,,61,Trailer,,,,,,,4,Straight Semi/Semi Trailer,53.000,Dry Freight Van / Reefer Van / Insulated Van,2,,
42,Pennsylvania,421025,1,1,1UYVS253*GM******,2024-03-19 01:32:13,0,6,TRAILER,10289,UTILITY TRAILER MANUFACTURING COMPANY,10138,UTILITY TRAILER MANUFACTURER,26222,Utility Trailer Manufacturer,2016,,,6,UNITED STATES (USA),VIRGINIA,MARION,,,,,61,Trailer,,,,,36,Van Trailer,4,Straight Semi/Semi Trailer,53.000,,2,,
42,Pennsylvania,421083,1,1,3H3V532C*FT******,2024-03-19 01:32:13,0,6,TRAILER,14282,"HYUNDAI DE MEXICO, S.A. DE C.V.",4876,HYUNDAI TRANSLEAD TRAILERS,11496,Hyundai Translead Trailers,2015,,,12,MEXICO,BAJA CALIFORNIA,TIJUANA,,,,,61,Trailer,,,,,36,Van Trailer,,,53.000,Material: Aluminum/Steel,2,,
42,Pennsylvania,421083,2,1,1DW1A532*PS******,2024-03-19 01:32:13,0,6,TRAILER,13506,"STOUGHTON TRAILERS, INC.",3414,STOUGHTON TRAILERS,7701,Stoughton trailers,2023,,,6,UNITED STATES (USA),WISCONSIN,STOUGHTON,"Stoughton Trailers, INC",,,,61,Trailer,,,,,36,Van Trailer,4,Straight Semi/Semi Trailer,53.000,,2,,
44,Rhode Island,440047,2,1,1GRAA062*AW******,2024-03-15 02:12:38,0,6,TRAILER,1073,GREAT DANE TRAILERS,520,GREAT DANE TRAILERS,13436,Great Dane Trailers,2010,,,6,UNITED STATES (USA),NEBRASKA,WAYNE,,,,,61,Trailer,,,,,36,Van Trailer,4,Straight Semi/Semi Trailer,53.000,Trailer Type = Dry Freight/ Reefer/ Insulated Van,2,,
45,South Carolina,450113,1,1,1UYVS253*H7******,2024-03-20 00:50:50,0,6,TRAILER,10289,UTILITY TRAILER MANUFACTURING COMPANY,10138,UTILITY TRAILER MANUFACTURER,26222,Utility Trailer Manufacturer,2017,,,6,UNITED STATES (USA),VIRGINIA,GLADE SPRING,,,,,61,Trailer,,,,,36,Van Trailer,4,Straight Semi/Semi Trailer,53.000,,2,,
46,South Dakota,460003,2,1,5NHUTWV2*DN******,2024-03-15 02:12:38,0,6,TRAILER,1084,"FOREST RIVER, INC.",531,FOREST RIVER,3042,Tailwind,2013,,,6,UNITED STATES (USA),INDIANA,ELKHART,,,,Address: 29618 C.R.12,,,,,,,16,Utility Trailer,,,20.000,,2,,
46,South Dakota,460011,1,1,4TGF3020*F1******,2024-03-15 02:12:38,0,6,TRAILER,3694,"TITAN TRAILER MFG., INC.",3623,TITAN TRAILER MFG,7997,Titan Trailer MFG,2015,,,6,UNITED STATES (USA),KANSAS,WATERVILLE,,,,Position Currently not in use,61,Trailer,,,,,6,Flat Bed Trailer/Platform Trailer,,,30.000,,2,,
46,South Dakota,460021,1,1,1GR1A962*LT******,2024-03-15 02:12:38,0,6,TRAILER,1073,GREAT DANE TRAILERS,520,GREAT DANE TRAILERS,13436,Great Dane Trailers,2020,,,6,UNITED STATES (USA),INDIANA,TERRE HAUTE,,,,,61,Trailer,,,,,,,6,Kingpin,48.000,"Semitrailer - dry freight, reefer, or insulated van",2,,
46,South Dakota,460030,2,1,1UYVS253*M7******,2024-03-15 02:12:38,0,6,TRAILER,10289,UTILITY TRAILER MANUFACTURING COMPANY,10138,UTILITY TRAILER MANUFACTURER,26222,Utility Trailer Manufacturer,2021,,,6,UNITED STATES (USA),VIRGINIA,GLADE SPRING,,,,,61,Trailer,,,,,36,Van Trailer,4,Straight Semi/Semi Trailer,53.000,,2,,
46,South Dakota,460047,1,1,4J6UT202*3B******,2024-03-15 02:12:38,0,6,TRAILER,2826,THE H&H TRAILER CO.,6221,H&H TRAILER CO,17237,H&H Trailer Co,2003,,,6,UNITED STATES (USA),IOWA,BRADDYVILLE,,,,,61,Trailer,,,,,16,Utility Trailer,,,20.000,,2,3,Tandem
46,South Dakota,460068,2,1,1RND48A2*MR******,2024-03-15 02:12:38,0,6,TRAILER,3579,"REITNOUER, INC.",5594,REITNOUER INC,14493,Reitnouer Inc Trailers,2021,,,6,UNITED STATES (USA),PENNSYLVANIA,READING,,,,,61,Trailer,9,"Class 8: 33,001 lb and above (14,969 kg and above)",,,61,Drop Deck Trailer,6,Kingpin,48.000,Airride,2,,
46,South Dakota,460069,1,1,1W1K4412*P7******,2024-03-15 02:12:38,0,6,TRAILER,11681,WILSON TRAILER CO.,10450,WILSON,27561,Wilson,2023,,,6,UNITED STATES (USA),SOUTH DAKOTA,LENNOX,,,,,61,Trailer,,,,,33,Grain Trailer,6,Kingpin,41.000,,2,,
46,South Dakota,460074,2,1,3M7TK363*PU******,2024-03-15 02:12:38,0,6,TRAILER,7658,INDUSTRIAS MET GRI SA DE CV,7556,INDUSTRIAS MET GRI,20467,Industrias Met Gri,2023,,,12,MEXICO,CHIHUAHUA,NAMIQUIPA,,,,,61,Trailer,,,,,,,6,Kingpin,36.000,Body Type: Cahin Floor Trailer,3,,
46,South Dakota,460079,2,1,1GRAA062*JB******,2024-03-15 02:12:38,0,6,TRAILER,1073,GREAT DANE TRAILERS,520,GREAT DANE TRAILERS,13436,Great Dane Trailers,2018,,,6,UNITED STATES (USA),INDIANA,BRAZIL,,,,,61,Trailer,,,,,36,Van Trailer,4,Straight Semi/Semi Trailer,53.000,"Semitrailer - Dry Freight Van, Reefer Van, Insulated Van",2,,
46,South Dakota,460091,1,1,4YMKK091*E1******,2024-03-15 02:12:38,1,6,TRAILER,13315,"CARRY-ON TRAILER, INC.",4933,CARRY-ON TRAILER,21268,Kit Trailer,2014,,,6,UNITED STATES (USA),GEORGIA,LAVONIA,,,,,61,Trailer,,,,,16,Utility Trailer,3,Gooseneck,9.000,,1,,
46,South Dakota,460092,1,1,5HTAB524*C7******,2024-03-15 02:12:38,0,6,TRAILER,5564,"HEIL TRAILER INTERNATIONAL, CO",2365,"HEIL TRAILER INTERNATIONAL, CO.",6142,"Heil Trailer International, Co.",2012,,,6,UNITED STATES (USA),TENNESSEE,ATHENS,,,,Body Shape: Straight Elliptical,61,Trailer,,,,,15,Tank Trailer,,,52.000,AL 306/406,4,,
46,South Dakota,460093,2,1,1GRAA062*3G******,2024-03-15 02:12:38,0,6,TRAILER,1073,GREAT DANE TRAILERS,520,GREAT DANE TRAILERS,13436,Great Dane Trailers,2003,,,6,UNITED STATES (USA),MISSISSIPPI,GREENVILLE,,,,Effective 01/01/00,61,Trailer,,,,,36,Van Trailer,4,Straight Semi/Semi Trailer,6.000,Trailer Type = Dry Freight/ Reefer/ Insulated Van,2,,
46,South Dakota,460094,3,1,4P5FD322*71******,2024-03-15 02:12:38,0,6,TRAILER,16013,"PJ TRAILERS MANUFACTURING, INC.",6060,PJ,28324,PJ,2007,,,6,UNITED STATES (USA),TEXAS,SUMNER,,,,,61,Trailer,,,,,57,Flat Deck Trailer,30,Other,32.000,Variable HITCH based on Size/Type of Trailer,2,,
46,South Dakota,460099,2,1,4A2MB202*G1******,2024-03-15 02:12:38,0,6,TRAILER,5943,"M.H. EBY, INC.",5684,"M.H. EBY, INC",14899,"M.H. EBY, INC",2016,,,6,UNITED STATES (USA),PENNSYLVANIA,BLUE BALL,,,,,61,Trailer,,,,,,,14,Bumper Pull,20.000,Body Type: Miscellaneous,2,,
46,South Dakota,460101,1,1,3H3V281C*KT******,2024-03-15 02:12:38,0,6,TRAILER,14282,"HYUNDAI DE MEXICO, S.A. DE C.V.",4876,HYUNDAI TRANSLEAD TRAILERS,11496,Hyundai Translead Trailers,2019,,,12,MEXICO,BAJA CALIFORNIA,TIJUANA,,,,,61,Trailer,,,,,36,Van Trailer,,,28.000,Material: Aluminum/Steel,1,,
47,Tennessee,470013,2,1,1GRAP062*KT******,2024-03-15 02:12:38,0,6,TRAILER,1073,GREAT DANE TRAILERS,520,GREAT DANE TRAILERS,13436,Great Dane Trailers,2019,,,6,UNITED STATES (USA),INDIANA,TERRE HAUTE,,,,,61,Trailer,,,,,36,Van Trailer,4,Straight Semi/Semi Trailer,53.000,"Semitrailer - Dry Freight Van, Reefer Van, Insulated Van",2,,
47,Tennessee,470096,1,1,1JJV532W*9L******,2024-03-15 02:12:38,0,6,TRAILER,14508,WABASH NATIONAL CORPORATION,4847,WABASH,13327,Wabash National Corporation,2009,,,6,UNITED STATES (USA),INDIANA,LAFAYETTE,,,,,61,Trailer,,,,,36,Van Trailer,,,53.000,,2,,
47,Tennessee,470120,2,1,5HTSA452*L7******,2024-03-15 02:12:38,0,6,TRAILER,5564,"HEIL TRAILER INTERNATIONAL, CO",2365,"HEIL TRAILER INTERNATIONAL, CO.",6142,"Heil Trailer International, Co.",2020,,,6,UNITED STATES (USA),TENNESSEE,ATHENS,,,,,61,Trailer,,,,,15,Tank Trailer,4,Straight Semi/Semi Trailer,45.000,AL 306/406,2,,
47,Tennessee,470193,1,1,1JJV281W*8L******,2024-03-15 02:12:38,0,6,TRAILER,14508,WABASH NATIONAL CORPORATION,4847,WABASH,13327,Wabash National Corporation,2008,,,6,UNITED STATES (USA),INDIANA,LAFAYETTE,,,,,61,Trailer,,,,,36,Van Trailer,,,28.000,,1,,
47,Tennessee,470193,1,2,1JJV281W*6L******,2024-03-15 02:12:38,0,6,TRAILER,14508,WABASH NATIONAL CORPORATION,4847,WABASH,13327,Wabash National Corporation,2006,,,6,UNITED STATES (USA),INDIANA,LAFAYETTE,,,,,61,Trailer,,,,,36,Van Trailer,,,28.000,,1,,
47,Tennessee,470193,2,1,5V8VA532*JM******,2024-03-15 02:12:38,0,6,TRAILER,16522,VANGUARD NATIONAL TRAILER CORPORTATION,6474,VANGUARD NATIONAL TRAILER CORPORATION (VNTC),17782,VANGUARD NATIONAL TRAILER CORPORATION (VNTC),2018,,,6,UNITED STATES (USA),INDIANA,MONON,,,,,61,Trailer,,,,,186,Dry Freight,6,Kingpin,53.000,"Interior Post Aluminum Sheet Trailer (VIP, MaxCube)",,3,Tandem
47,Tennessee,470193,4,1,1JJV532D*HL******,2024-03-15 02:12:38,0,6,TRAILER,14508,WABASH NATIONAL CORPORATION,12319,WABASH VANS,10942,Dry Van Duraplate,2017,,,6,UNITED STATES (USA),INDIANA,LAFAYETTE,,,,,61,Trailer,,,,,36,Van Trailer,,,53.000,,2,,
47,Tennessee,470227,2,1,1L94L533*LB564***,2024-03-15 02:12:38,0,6,TRAILER,15882,"LIDDELL INDUSTRIES, INC.",5434,LIDDELL,14142,Liddell Trailers,2020,,,6,UNITED STATES (USA),TEXAS,BROWNWOOD,,,,,61,Trailer,,,,,11,Lowboy/Low bed Trailer,6,Kingpin,53.000,,3,,
47,Tennessee,470246,1,1,1GRAP962*GB******,2024-03-15 02:12:38,0,6,TRAILER,1073,GREAT DANE TRAILERS,520,GREAT DANE TRAILERS,13436,Great Dane Trailers,2016,,,6,UNITED STATES (USA),INDIANA,BRAZIL,,,,,61,Trailer,,,,,,,4,Straight Semi/Semi Trailer,48.000,Dry Freight Van / Reefer Van / Insulated Van,2,,
47,Tennessee,470248,2,1,1JJV532V*CL******,2024-03-15 02:12:38,0,6,TRAILER,14508,WABASH NATIONAL CORPORATION,12319,WABASH VANS,10943,Dry Van Sheet & Post,2012,,,6,UNITED STATES (USA),INDIANA,LAFAYETTE,,,,,61,Trailer,,,,,36,Van Trailer,,,53.000,,2,,
47,Tennessee,470263,2,1,16VGX352*E2******,2024-03-15 02:12:38,0,6,TRAILER,9132,"BIG TEX TRAILER MANUFACTURING, LLC",1136,BIG TEX,5625,Big Tex,2014,,,6,UNITED STATES (USA),TEXAS,MOUNT PLEASANT,"Big Tex Trailer Manufacturing, Inc.",,,,61,Trailer,,,,,16,Utility Trailer,3,Gooseneck,35.000,,2,,
47,Tennessee,470269,1,1,1JJV532B*AL******,2024-03-15 02:12:38,0,6,TRAILER,14508,WABASH NATIONAL CORPORATION,12319,WABASH VANS,10945,Refrigerated Van,2010,,,6,UNITED STATES (USA),INDIANA,LAFAYETTE,,,,,61,Trailer,,,,,36,Van Trailer,,,53.000,,2,,
47,Tennessee,470298,2,1,1GRAP062*DT******,2024-03-15 02:12:38,0,6,TRAILER,1073,GREAT DANE TRAILERS,520,GREAT DANE TRAILERS,13436,Great Dane Trailers,2013,,,6,UNITED STATES (USA),INDIANA,TERRE HAUTE,,,,,61,Trailer,,,,,,,4,Straight Semi/Semi Trailer,53.000,Dry Freight Van / Reefer Van / Insulated Van,2,,
47,Tennessee,470302,1,1,1GRAA062*CW******,2024-03-15 02:12:38,0,6,TRAILER,1073,GREAT DANE TRAILERS,520,GREAT DANE TRAILERS,13436,Great Dane Trailers,2012,,,6,UNITED STATES (USA),NEBRASKA,WAYNE,,,,,61,Trailer,,,,,,,4,Straight Semi/Semi Trailer,53.000,Dry Freight Van / Reefer Van / Insulated Van,2,,
47,Tennessee,470309,2,1,10BAAB23*KF******,2024-03-15 02:12:38,0,6,TRAILER,5083,BRENNER TANK LLC,8089,BRENNER,32631,DOT/TC Specification,2019,406/407/412/331/338/ETM,,6,UNITED STATES (USA),WISCONSIN,FOND DU LAC,,,,,61,Trailer,,,,,15,Tank Trailer,4,Straight Semi/Semi Trailer,,Length of Trailer: 40-50 feet,2,,
47,Tennessee,470310,1,1,1JJV532D*GL******,2024-03-15 02:12:38,0,6,TRAILER,14508,WABASH NATIONAL CORPORATION,12319,WABASH VANS,10942,Dry Van Duraplate,2016,,,6,UNITED STATES (USA),INDIANA,LAFAYETTE,,,,,61,Trailer,,,,,36,Van Trailer,,,53.000,,2,,
47,Tennessee,470316,2,1,1RNF48A2*GR******,2024-03-15 02:12:38,0,6,TRAILER,3579,"REITNOUER, INC.",5594,REITNOUER INC,14493,Reitnouer Inc Trailers,2016,,,6,UNITED STATES (USA),PENNSYLVANIA,READING,,,,,61,Trailer,9,"Class 8: 33,001 lb and above (14,969 kg and above)",,,6,Flat Bed Trailer/Platform Trailer,6,Kingpin,48.000,Airride,2,,
47,Tennessee,470325,1,1,1P924HS2*KA003***,2024-03-15 02:12:38,0,6,TRAILER,3134,"PALMER MACHINE WORKS, INC.",6248,PALMER BODIES,17324,Palmer Machine Works Inc,2019,,,6,UNITED STATES (USA),MISSISSIPPI,AMORY,,,,,61,Trailer,,,,,,,,,24.000,Steel,2,,
47,Tennessee,470327,1,1,1UYVS253*CU******,2024-03-15 02:12:38,0,6,TRAILER,10289,UTILITY TRAILER MANUFACTURING COMPANY,10138,UTILITY TRAILER MANUFACTURER,26222,Utility Trailer Manufacturer,2012,,,6,UNITED STATES (USA),UTAH,CLEARFIELD,,,,,61,Trailer,,,,,36,Van Trailer,4,Straight Semi/Semi Trailer,53.000,,2,,
47,Tennessee,470327,2,1,3H3V532C*ET******,2024-03-15 02:12:38,0,6,TRAILER,14282,"HYUNDAI DE MEXICO, S.A. DE C.V.",4876,HYUNDAI TRANSLEAD TRAILERS,11496,Hyundai Translead Trailers,2014,,,12,MEXICO,BAJA CALIFORNIA,TIJUANA,,,,,61,Trailer,,,,,36,Van Trailer,,,53.000,Material: Aluminum/Steel,2,,
47,Tennessee,470332,3,1,1GRAA062*JB******,2024-03-15 02:12:38,0,6,TRAILER,1073,GREAT DANE TRAILERS,520,GREAT DANE TRAILERS,13436,Great Dane Trailers,2018,,,6,UNITED STATES (USA),INDIANA,BRAZIL,,,,,61,Trailer,,,,,36,Van Trailer,4,Straight Semi/Semi Trailer,53.000,"Semitrailer - Dry Freight Van, Reefer Van, Insulated Van",2,,
47,Tennessee,470333,1,1,1RND53A2*KR******,2024-03-15 02:12:38,0,6,TRAILER,3579,"REITNOUER, INC.",5594,REITNOUER INC,14493,Reitnouer Inc Trailers,2019,,,6,UNITED STATES (USA),PENNSYLVANIA,READING,,,,,61,Trailer,9,"Class 8: 33,001 lb and above (14,969 kg and above)",,,61,Drop Deck Trailer,6,Kingpin,53.000,Airride,2,,
47,Tennessee,470333,2,1,1TTE532C*G3******,2024-03-15 02:12:38,0,6,TRAILER,8231,TRANSCRAFT CORPORATION,12050,TRANSCRAFT/WABASH,27663,Combo Steel/Alum Flatbed,2016,,,6,UNITED STATES (USA),KENTUCKY,CADIZ,,,,,61,Trailer,,,,,61,Drop Deck Trailer,6,Kingpin,53.000,,2,,
47,Tennessee,470346,1,1,3H3V532C*KR******,2024-03-15 02:12:38,0,6,TRAILER,14282,"HYUNDAI DE MEXICO, S.A. DE C.V.",4876,HYUNDAI TRANSLEAD TRAILERS,11496,Hyundai Translead Trailers,2019,,,12,MEXICO,BAJA CALIFORNIA,ROSARITO,,,,,61,Trailer,,,,,36,Van Trailer,,,53.000,Material: Aluminum/Steel,2,,
47,Tennessee,470402,1,1,4WWBGB6B*XM******,2024-03-15 02:12:38,0,6,TRAILER,11681,WILSON TRAILER CO.,3855,WILSON TRAILER CO.,8390,Wilson Trailer Co.,1999,ALUMINUM CROSSBAR - 18 INCH CENTERS (CF-CFD),,6,UNITED STATES (USA),MISSOURI,MOBERLY,Plant 6,,,,61,Trailer,,,,,6,Flat Bed Trailer/Platform Trailer,,,48.000,Type of Trailer: CENTER FRAME FLATBED (CF) (CFBP),2,,
47,Tennessee,470408,1,1,1TDH4002*NB******,2024-03-15 02:12:38,0,6,TRAILER,8330,TIMPTE INC.,5331,"TIMPTE, INC",13636,Timpte,2022,,,6,UNITED STATES (USA),NEBRASKA,DAVID CITY,,,,"Seventh VIN position indicates the additional length of the trailer to the nearest inch up to 9 inches. If the additional length is 10 inches or more the seventh character is zero (0) and the sixth character will be increased to the next foot. For example : a 42ft 9in trailer will be represent in VIN position 5, 6 & 7 as ""429"" and a 42ft 10in. trailer will be represented in VIN position 5 , 6 & 7 as ""430"" respectively.",61,Trailer,,,,,174,Dry Bulk Trailer,,,40.000,Bottom Hopper,2,,
47,Tennessee,470504,1,1,1W16532A*E5******,2024-03-15 02:12:38,0,6,TRAILER,11681,WILSON TRAILER CO.,10450,WILSON,27561,Wilson,2014,,,6,UNITED STATES (USA),SOUTH DAKOTA,YANKTON,,,,,61,Trailer,,,,,53,Livestock - Cattle Trailer,,,53.000,Type of suspension: Air Ride,2,,
47,Tennessee,470562,1,1,1GRAP062*GT******,2024-03-15 02:12:38,0,6,TRAILER,1073,GREAT DANE TRAILERS,520,GREAT DANE TRAILERS,13436,Great Dane Trailers,2016,,,6,UNITED STATES (USA),INDIANA,TERRE HAUTE,,,,,61,Trailer,,,,,,,4,Straight Semi/Semi Trailer,53.000,Dry Freight Van / Reefer Van / Insulated Van,2,,
47,Tennessee,470610,1,1,1PMS4432*E1******,2024-03-15 02:12:38,0,6,TRAILER,6179,"POLAR TANK TRAILER, LLC",2921,POLAR TANK TRAILER,6874,Polar Tank Trailer,2014,,,6,UNITED STATES (USA),MINNESOTA,OPOLE,,,,,61,Trailer,,,,,15,Tank Trailer,,,43.000,Vessel Code: DOT 412,2,,
47,Tennessee,470651,1,1,3H3V532K*NJ******,2024-03-15 02:12:38,0,6,TRAILER,14282,"HYUNDAI DE MEXICO, S.A. DE C.V.",4876,HYUNDAI TRANSLEAD TRAILERS,11496,Hyundai Translead Trailers,2022,,,12,MEXICO,BAJA CALIFORNIA,TIJUANA,,,,Body Type: SEMITRAILER,61,Trailer,,,,,36,Van Trailer,6,Kingpin,53.000,,2,,
47,Tennessee,470761,2,1,1KKVF532*JL******,2024-03-15 02:12:38,0,6,TRAILER,2340,KENTUCKY MANUFACTURING CO.,2048,KENTUCKY,30823,Furniture Trailer,2018,,,6,UNITED STATES (USA),KENTUCKY,LOUISVILLE,Kentucky Manufacturing Co.,,,,61,Trailer,,,,,36,Van Trailer,,,53.000,,2,,
47,Tennessee,470775,2,1,1UYVS253*6P******,2024-03-15 02:12:38,0,6,TRAILER,10289,UTILITY TRAILER MANUFACTURING COMPANY,10138,UTILITY TRAILER MANUFACTURER,26222,Utility Trailer Manufacturer,2006,,,6,UNITED STATES (USA),ARKANSAS,PARAGOULD,,,,,61,Trailer,,,,,36,Van Trailer,4,Straight Semi/Semi Trailer,53.000,,2,,
47,Tennessee,470775,3,1,1RNF48A2*8R******,2024-03-15 02:12:38,0,6,TRAILER,3579,"REITNOUER, INC.",5594,REITNOUER INC,14493,Reitnouer Inc Trailers,2008,,,6,UNITED STATES (USA),PENNSYLVANIA,READING,,,,,61,Trailer,9,"Class 8: 33,001 lb and above (14,969 kg and above)",,,6,Flat Bed Trailer/Platform Trailer,6,Kingpin,48.000,Airride,2,,
47,Tennessee,470787,2,1,1JJV281D*NL******,2024-03-15 02:12:38,0,6,TRAILER,14508,WABASH NATIONAL CORPORATION,12319,WABASH VANS,10942,Dry Van Duraplate,2022,,,6,UNITED STATES (USA),INDIANA,LAFAYETTE,,,,,61,Trailer,,,,,36,Van Trailer,6,Kingpin,28.000,,1,,
47,Tennessee,470787,2,2,1JJV281D*CL******,2024-03-15 02:12:38,0,6,TRAILER,14508,WABASH NATIONAL CORPORATION,12319,WABASH VANS,10942,Dry Van Duraplate,2012,,,6,UNITED STATES (USA),INDIANA,LAFAYETTE,,,,,61,Trailer,,,,,36,Van Trailer,,,28.000,,1,,
47,Tennessee,470789,3,1,1JJV281D*LL******,2024-03-15 02:12:38,0,6,TRAILER,14508,WABASH NATIONAL CORPORATION,12319,WABASH VANS,10942,Dry Van Duraplate,2020,,,6,UNITED STATES (USA),INDIANA,LAFAYETTE,,,,,61,Trailer,,,,,36,Van Trailer,,,28.000,,1,,
47,Tennessee,470789,3,2,1JJV281D*DL******,2024-03-15 02:12:38,0,6,TRAILER,14508,WABASH NATIONAL CORPORATION,12319,WABASH VANS,10942,Dry Van Duraplate,2013,,,6,UNITED STATES (USA),INDIANA,LAFAYETTE,,,,,61,Trailer,,,,,36,Van Trailer,,,28.000,,1,,
47,Tennessee,470836,2,1,1S12E953*EE******,2024-03-15 02:12:38,0,6,TRAILER,14956,"STRICK TRAILERS, LLC",4977,STRICK COMMERCIAL TRAILER,12176,Strick Commercial Trailer,2014,Smooth Side,,6,UNITED STATES (USA),,MONROE,,,,,61,Trailer,,,,,,,4,Straight Semi/Semi Trailer,53.000,Dry Freight Van,2,3,Tandem
47,Tennessee,470877,1,1,1JJV532W*7L******,2024-03-15 02:12:38,0,6,TRAILER,14508,WABASH NATIONAL CORPORATION,4847,WABASH,13327,Wabash National Corporation,2007,,,6,UNITED STATES (USA),INDIANA,LAFAYETTE,,,,,61,Trailer,,,,,36,Van Trailer,,,53.000,,2,,
47,Tennessee,470993,1,1,5V8VA532*CM******,2024-03-15 02:12:38,0,6,TRAILER,16522,VANGUARD NATIONAL TRAILER CORPORTATION,6474,VANGUARD NATIONAL TRAILER CORPORATION (VNTC),17782,VANGUARD NATIONAL TRAILER CORPORATION (VNTC),2012,,,6,UNITED STATES (USA),INDIANA,MONON,,,,,61,Trailer,,,,,,,,,53.000,Interior Post Aluminum Semi Trailer,2,3,Tandem
47,Tennessee,471047,2,1,527SR532*LM******,2024-03-15 02:12:38,0,6,TRAILER,6703,CIMC REEFER TRAILER INC.,1561,"CIMC REEFER TRAILER,INC",4978,"CIMC REEFER TRAILER,INC.",2020,,,6,UNITED STATES (USA),INDIANA,MONON,"CIMC Reefer Trailer,Inc",,,,61,Trailer,,,,,36,Van Trailer,4,Straight Semi/Semi Trailer,53.000,Trailer Body Type: Reefer Van Trailer,2,,
47,Tennessee,471127,1,1,3H3C532S*YT******,2024-03-15 02:12:38,0,6,TRAILER,14282,"HYUNDAI DE MEXICO, S.A. DE C.V.",4876,HYUNDAI TRANSLEAD TRAILERS,11496,Hyundai Translead Trailers,2000,,,12,MEXICO,BAJA CALIFORNIA,TIJUANA,,,,,61,Trailer,,,,,109,Container Chassis/Container Trailer,,,53.000,Material: Steel,2,,
47,Tennessee,471127,2,1,1JJV532D*FL******,2024-03-15 02:12:38,0,6,TRAILER,14508,WABASH NATIONAL CORPORATION,12319,WABASH VANS,10942,Dry Van Duraplate,2015,,,6,UNITED STATES (USA),INDIANA,LAFAYETTE,,,,,61,Trailer,,,,,36,Van Trailer,,,53.000,,2,,
47,Tennessee,471165,2,1,1GR1P062*NJ******,2024-03-15 02:12:38,0,6,TRAILER,1073,GREAT DANE TRAILERS,520,GREAT DANE TRAILERS,13436,Great Dane Trailers,2022,,,6,UNITED STATES (USA),ARKANSAS,JONESBORO,,,,,61,Trailer,,,,,,,6,Kingpin,53.000,"Semitrailer - dry freight, reefer, or insulated van",2,,
47,Tennessee,471229,2,1,13N1482C*H1******,2024-03-15 02:12:38,0,6,TRAILER,12268,FONTAINE COMMERCIAL PLATFORM,1128,FONTAINE TRAILER CO.,4416,Fontaine Trailer Co.,2017,,,6,UNITED STATES (USA),ALABAMA,HALEYVILLE,,,,Optional Features: Sliding Suspension,61,Trailer,,,,,6,Flat Bed Trailer/Platform Trailer,,,48.000,,2,,
47,Tennessee,471238,1,1,1UYTS253*CA******,2024-03-15 02:12:38,0,6,TRAILER,10289,UTILITY TRAILER MANUFACTURING COMPANY,10138,UTILITY TRAILER MANUFACTURER,26222,Utility Trailer Manufacturer,2012,,,6,UNITED STATES (USA),ALABAMA,ENTERPRISE,,,,,61,Trailer,,,,,,,4,Straight Semi/Semi Trailer,53.000,Body Type: Tautliner,2,,
48,Texas,480009,1,1,1UYVS253*L6******,2024-03-19 01:32:13,0,6,TRAILER,10289,UTILITY TRAILER MANUFACTURING COMPANY,10138,UTILITY TRAILER MANUFACTURER,26222,Utility Trailer Manufacturer,2020,,,6,UNITED STATES (USA),VIRGINIA,MARION,,,,,61,Trailer,,,,,36,Van Trailer,4,Straight Semi/Semi Trailer,53.000,,2,,
48,Texas,480039,2,1,1S9BB202*7W542***,2024-03-19 01:32:13,0,6,TRAILER,22779,SPORT TRAIL,12509,SPORT TRAIL,32619,SPORT TRAIL,2007,,,6,UNITED STATES (USA),MISSISSIPPI,BAY ST. LOUIS,,,,,61,Trailer,,,,,2,Boat Trailer,1,Ball Type Pull,20.000,,2,,
48,Texas,480047,3,1,1PMKF422*M1******,2024-03-19 01:32:13,0,6,TRAILER,6179,"POLAR TANK TRAILER, LLC",2921,POLAR TANK TRAILER,6874,Polar Tank Trailer,2021,SS 307/407,,6,UNITED STATES (USA),MINNESOTA,OPOLE,,,,,61,Trailer,,,,,15,Tank Trailer,4,Straight Semi/Semi Trailer,42.000,,2,,
48,Texas,480049,2,1,48X1F382*71******,2024-03-19 01:32:13,0,6,TRAILER,10839,"TRAVIS BODY & TRAILER, INC.",3520,"TRAVIS BODY & TRAILER, INC.",7868,"TRAVIS BODY & TRAILER, INC.",2007,,,6,UNITED STATES (USA),TEXAS,HOUSTON,,,,,61,Trailer,,,,,4,Dump Trailer/Dumping Trailer,30,Other,38.000,Tumer ARx43,2,,
48,Texas,480062,2,1,3H3V532C*GT******,2024-03-19 01:32:13,0,6,TRAILER,14282,"HYUNDAI DE MEXICO, S.A. DE C.V.",4876,HYUNDAI TRANSLEAD TRAILERS,11496,Hyundai Translead Trailers,2016,,,12,MEXICO,BAJA CALIFORNIA,TIJUANA,,,,,61,Trailer,,,,,36,Van Trailer,,,53.000,Material: Aluminum/Steel,2,,
48,Texas,480064,2,1,1UYVS253*FM******,2024-03-19 01:32:13,0,6,TRAILER,10289,UTILITY TRAILER MANUFACTURING COMPANY,10138,UTILITY TRAILER MANUFACTURER,26222,Utility Trailer Manufacturer,2015,,,6,UNITED STATES (USA),VIRGINIA,MARION,,,,,61,Trailer,,,,,36,Van Trailer,4,Straight Semi/Semi Trailer,53.000,,2,,
48,Texas,480072,3,1,1E1L5Y28*WR******,2024-03-19 01:32:13,0,6,TRAILER,5338,EAST MANUFACTURING CORP.,1334,EAST MANUFACTURING CORP.,4686,East Manufacturing Corp,1998,,,6,UNITED STATES (USA),OHIO,RANDOLPH,,,,,61,Trailer,9,"Class 8: 33,001 lb and above (14,969 kg and above)",,,11,Lowboy/Low bed Trailer,,,48.000,Flat Trailer - Aluminum Frame,2,,
48,Texas,480076,2,1,1S12E953*5E******,2024-03-19 01:32:13,0,6,TRAILER,14956,"STRICK TRAILERS, LLC",4977,STRICK COMMERCIAL TRAILER,12176,Strick Commercial Trailer,2005,Smooth Side,,6,UNITED STATES (USA),,MONROE,,,,,61,Trailer,,,,,,,4,Straight Semi/Semi Trailer,53.000,Dry Freight Van,2,3,Tandem
48,Texas,480081,2,1,5JLSN422*X5******,2024-03-19 01:32:13,0,6,TRAILER,5564,"HEIL TRAILER INTERNATIONAL, CO",2365,"HEIL TRAILER INTERNATIONAL, CO.",6142,"Heil Trailer International, Co.",1999,,,6,UNITED STATES (USA),TEXAS,RHOME,,,,Body Shape: Jet,61,Trailer,,,,,103,Bulk,,,42.000,Al Pneumatic,2,,
48,Texas,480084,1,1,3H3V532C*KT******,2024-03-19 01:32:13,0,6,TRAILER,14282,"HYUNDAI DE MEXICO, S.A. DE C.V.",4876,HYUNDAI TRANSLEAD TRAILERS,11496,Hyundai Translead Trailers,2019,,,12,MEXICO,BAJA CALIFORNIA,TIJUANA,,,,,61,Trailer,,,,,36,Van Trailer,,,53.000,Material: Aluminum/Steel,2,,
48,Texas,480086,1,1,1GRAP062*NJ******,2024-03-19 01:32:13,0,6,TRAILER,1073,GREAT DANE TRAILERS,520,GREAT DANE TRAILERS,13436,Great Dane Trailers,2022,,,6,UNITED STATES (USA),ARKANSAS,JONESBORO,,,,,61,Trailer,,,,,36,Van Trailer,4,Straight Semi/Semi Trailer,53.000,"Semitrailer - Dry Freight Van, Reefer Van, Insulated Van",2,,
48,Texas,480116,1,1,13N2532C*K1******,2024-03-19 01:32:13,0,6,TRAILER,12268,FONTAINE COMMERCIAL PLATFORM,1128,FONTAINE TRAILER CO.,4416,Fontaine Trailer Co.,1989,,,6,UNITED STATES (USA),ALABAMA,HALEYVILLE,,,,,61,Trailer,,,,,6,Flat Bed Trailer/Platform Trailer,,,53.000,Optional Features: sliding suspension,2,,
48,Texas,480118,2,1,1GRAA822*8S******,2024-03-19 01:32:13,1,6,TRAILER,1073,GREAT DANE TRAILERS,520,GREAT DANE TRAILERS,13436,Great Dane Trailers,2008,,,6,UNITED STATES (USA),GEORGIA,SAVANNAH,,,,,61,Trailer,,,,,36,Van Trailer,4,Straight Semi/Semi Trailer,41.000,Trailer Type = Dry Freight/ Reefer/ Insulated Van,2,,
48,Texas,480136,2,1,1UYVS253*N2******,2024-03-19 01:32:13,0,6,TRAILER,10289,UTILITY TRAILER MANUFACTURING COMPANY,10138,UTILITY TRAILER MANUFACTURER,26222,Utility Trailer Manufacturer,2022,,,6,UNITED STATES (USA),UTAH,CLEARFIELD,,,,,61,Trailer,,,,,36,Van Trailer,4,Straight Semi/Semi Trailer,53.000,,2,,
48,Texas,480140,1,1,1GR1A062*MK******,2024-03-19 01:32:13,0,6,TRAILER,1073,GREAT DANE TRAILERS,520,GREAT DANE TRAILERS,13436,Great Dane Trailers,2021,,,6,UNITED STATES (USA),ILLINOIS,KEWANEE,,,,,61,Trailer,,,,,,,6,Kingpin,53.000,"Semitrailer - dry freight, reefer, or insulated van",2,,
48,Texas,480146,1,1,16VPX162*61******,2024-03-19 01:32:13,0,6,TRAILER,9132,"BIG TEX TRAILER MANUFACTURING, LLC",1136,BIG TEX,5625,Big Tex,2006,,,6,UNITED STATES (USA),TEXAS,ODESSA,"Big Tex Trailer Manufacturing, Inc.",,,,61,Trailer,,,,,16,Utility Trailer,,,16.000,,2,,
48,Texas,480146,2,1,1D9ST422*DV661***,2024-03-19 01:32:13,0,6,TRAILER,7719,"DRAGON ESP, LTD",956,DRAGON PRODUCTS,4976,Dragon Products,2013,,,6,UNITED STATES (USA),TEXAS,VE,,,,,61,Trailer,,,,,15,Tank Trailer,4,Straight Semi/Semi Trailer,42.000,,2,,
48,Texas,480149,2,1,13N14820*J1******,2024-03-19 01:32:13,0,6,TRAILER,12268,FONTAINE COMMERCIAL PLATFORM,1128,FONTAINE TRAILER CO.,4416,Fontaine Trailer Co.,2018,,,6,UNITED STATES (USA),ALABAMA,HALEYVILLE,,,,Optional Features: None,61,Trailer,,,,,6,Flat Bed Trailer/Platform Trailer,,,48.000,,2,,
48,Texas,480155,1,1,4U3J0533*CL******,2024-03-19 01:32:13,0,6,TRAILER,9213,"BULL MOOSE HEAVY HAUL, INC",6869,X-L SPECIALIZED TRAILERS INC,18367,X-L SPECIALIZED TRAILERS INC,2012,,,6,UNITED STATES (USA),IOWA,MANCHESTER,,,,,61,Trailer,,,,,,,,,53.000,"Front-loading Detachable/Non-Rigid Neck (MFG, MDE, HDG, HDE, Folding Goose Neck)",3,,
48,Texas,480163,1,1,16V1U222*M2******,2024-03-19 01:32:13,0,6,TRAILER,9132,"BIG TEX TRAILER MANUFACTURING, LLC",1136,BIG TEX,5625,Big Tex,2021,,,6,UNITED STATES (USA),TEXAS,MOUNT PLEASANT,"Big Tex Trailer Manufacturing, Inc.",,,,61,Trailer,,,,,16,Utility Trailer,14,Bumper Pull,22.000,,2,,
48,Texas,480194,2,1,1JJV532D*KL******,2024-03-19 01:32:13,0,6,TRAILER,14508,WABASH NATIONAL CORPORATION,12319,WABASH VANS,10942,Dry Van Duraplate,2019,,,6,UNITED STATES (USA),INDIANA,LAFAYETTE,,,,,61,Trailer,,,,,36,Van Trailer,,,53.000,,2,,
48,Texas,480229,1,1,5HTSN422*D7******,2024-03-19 01:32:13,0,6,TRAILER,5564,"HEIL TRAILER INTERNATIONAL, CO",2365,"HEIL TRAILER INTERNATIONAL, CO.",6142,"Heil Trailer International, Co.",2013,,,6,UNITED STATES (USA),TENNESSEE,ATHENS,,,,Body Shape: JEt,61,Trailer,,,,,103,Bulk,,,42.000,Al Pneumatic,2,,
48,Texas,480291,1,1,1GR1P062*NT******,2024-03-19 01:32:13,0,6,TRAILER,1073,GREAT DANE TRAILERS,520,GREAT DANE TRAILERS,13436,Great Dane Trailers,2022,,,6,UNITED STATES (USA),INDIANA,TERRE HAUTE,,,,,61,Trailer,,,,,,,6,Kingpin,53.000,"Semitrailer - dry freight, reefer, or insulated van",2,,
48,Texas,480299,1,1,1UYVS253*L2******,2024-03-19 01:32:13,0,6,TRAILER,10289,UTILITY TRAILER MANUFACTURING COMPANY,10138,UTILITY TRAILER MANUFACTURER,26222,Utility Trailer Manufacturer,2020,,,6,UNITED STATES (USA),UTAH,CLEARFIELD,,,,,61,Trailer,,,,,36,Van Trailer,4,Straight Semi/Semi Trailer,53.000,,2,,
48,Texas,480300,2,1,1HHUTX42*5M******,2024-03-19 01:32:13,0,6,TRAILER,5518,"HACKNEY AND SONS, INC.",5125,"HACKNEY AND SONS, INC.",18773,UTX,2005,,,6,UNITED STATES (USA),,,HSM,,,,61,Trailer,,,,,,,,,,40ft < 45ft,2,,
48,Texas,480302,1,1,1WEDD429*W1******,2024-03-19 01:32:13,0,6,TRAILER,17021,"5 STARR TRAILER COMPANY, INC.",7374,"5 STARR TRAILER COMPANY, INC",19737,"5 Starr Trailer Company, Inc",1998,Painted,,6,UNITED STATES (USA),PENNSYLVANIA,LANGHORNE,,,,"3 x 3 Frame - Over 80"" Wide",61,Trailer,,,,,16,Utility Trailer,,,42.000,,9,,
48,Texas,480310,2,1,1GRAA062*KW******,2024-03-19 01:32:13,0,6,TRAILER,1073,GREAT DANE TRAILERS,520,GREAT DANE TRAILERS,13436,Great Dane Trailers,2019,,,6,UNITED STATES (USA),NEBRASKA,WAYNE,,,,,61,Trailer,,,,,36,Van Trailer,4,Straight Semi/Semi Trailer,53.000,"Semitrailer - Dry Freight Van, Reefer Van, Insulated Van",2,,
48,Texas,480320,1,1,1JJV532B*NL******,2024-03-19 01:32:13,0,6,TRAILER,14508,WABASH NATIONAL CORPORATION,12319,WABASH VANS,10945,Refrigerated Van,2022,,,6,UNITED STATES (USA),INDIANA,LAFAYETTE,,,,,61,Trailer,,,,,36,Van Trailer,6,Kingpin,53.000,,2,,
48,Texas,480329,1,1,1JJV532Y*RL******,2024-03-19 01:32:13,0,6,TRAILER,14508,WABASH NATIONAL CORPORATION,4847,WABASH,10950,Chassis,2024,,,6,UNITED STATES (USA),INDIANA,LAFAYETTE,,,,,61,Trailer,,,,,36,Van Trailer,6,Kingpin,53.000,,2,,
48,Texas,480350,1,1,3E9G148H*NT034***,2024-03-19 01:32:13,0,6,TRAILER,7905,EXA INDUSTRIAL S.A. DE C.V.,881,EXA INDUSTRIAL,4056,EXA Industrial,2022,,,12,MEXICO,COAHUILA,MATAMOROS,EXA Industrial,,,Material: Steel,61,Trailer,,,,,11,Lowboy/Low bed Trailer,,,48.000,,2,,
48,Texas,480350,2,1,1P9CC432*LB343***,2024-03-19 01:32:13,0,6,TRAILER,8027,PRATT INDUSTRIES (US) LLC,3015,PRATT INDUSTRIES,7027,Pratt Industries,2020,,,6,UNITED STATES (USA),MICHIGAN,BRIDGMAN,,,,,61,Trailer,,,,,46,Chassis,,,43.000,Type: Semitrailer,2,,
48,Texas,480358,1,1,1GRAA062*9W******,2024-03-19 01:32:13,0,6,TRAILER,1073,GREAT DANE TRAILERS,520,GREAT DANE TRAILERS,13436,Great Dane Trailers,2009,,,6,UNITED STATES (USA),NEBRASKA,WAYNE,,,,,61,Trailer,,,,,36,Van Trailer,4,Straight Semi/Semi Trailer,53.000,Trailer Type = Dry Freight/ Reefer/ Insulated Van,2,,
48,Texas,480373,3,1,3UTVS242*M8******,2024-03-19 01:32:13,0,6,TRAILER,10289,UTILITY TRAILER MANUFACTURING COMPANY,10138,UTILITY TRAILER MANUFACTURER,26222,Utility Trailer Manufacturer,2021,,,12,MEXICO,,PIEDRAS NEGRAS,,,,,61,Trailer,,,,,36,Van Trailer,4,Straight Semi/Semi Trailer,42.000,,2,,
48,Texas,480374,1,1,1TTF532A*C3******,2024-03-19 01:32:13,0,6,TRAILER,8231,TRANSCRAFT CORPORATION,12051,BENSON/WABASH,27664,Aluminium Flatbed,2012,,,6,UNITED STATES (USA),KENTUCKY,CADIZ,,,,,61,Trailer,,,,,6,Flat Bed Trailer/Platform Trailer,6,Kingpin,53.000,,2,,
48,Texas,480379,1,1,1GR1A062*LW******,2024-03-19 01:32:13,0,6,TRAILER,1073,GREAT DANE TRAILERS,520,GREAT DANE TRAILERS,13436,Great Dane Trailers,2020,,,6,UNITED STATES (USA),NEBRASKA,WAYNE,,,,,61,Trailer,,,,,,,6,Kingpin,53.000,"Semitrailer - dry freight, reefer, or insulated van",2,,
48,Texas,480379,3,1,1DW1A281*NS******,2024-03-19 01:32:13,0,6,TRAILER,13506,"STOUGHTON TRAILERS, INC.",3414,STOUGHTON TRAILERS,7701,Stoughton trailers,2022,,,6,UNITED STATES (USA),WISCONSIN,STOUGHTON,"Stoughton Trailers, INC",,,,61,Trailer,,,,,36,Van Trailer,4,Straight Semi/Semi Trailer,28.000,,1,,
48,Texas,480397,1,1,1UYVS253*3M******,2024-03-19 01:32:13,0,6,TRAILER,10289,UTILITY TRAILER MANUFACTURING COMPANY,10138,UTILITY TRAILER MANUFACTURER,26222,Utility Trailer Manufacturer,2003,,,6,UNITED STATES (USA),VIRGINIA,MARION,,,,,61,Trailer,,,,,36,Van Trailer,4,Straight Semi/Semi Trailer,53.000,,2,,
48,Texas,480403,1,1,3H3V532C*KT******,2024-03-19 01:32:13,0,6,TRAILER,14282,"HYUNDAI DE MEXICO, S.A. DE C.V.",4876,HYUNDAI TRANSLEAD TRAILERS,11496,Hyundai Translead Trailers,2019,,,12,MEXICO,BAJA CALIFORNIA,TIJUANA,,,,,61,Trailer,,,,,36,Van Trailer,,,53.000,Material: Aluminum/Steel,2,,
48,Texas,480416,1,1,1PMC1422*91******,2024-03-19 01:32:13,0,6,TRAILER,6179,"POLAR TANK TRAILER, LLC",2921,POLAR TANK TRAILER,6874,Polar Tank Trailer,2009,,,6,UNITED STATES (USA),MINNESOTA,OPOLE,,,,,61,Trailer,,,,,15,Tank Trailer,,,42.000,Vessel Code: Non-Code,2,,
48,Texas,480419,2,1,1JJV532B*LL******,2024-03-19 01:32:13,0,6,TRAILER,14508,WABASH NATIONAL CORPORATION,12319,WABASH VANS,10945,Refrigerated Van,2020,,,6,UNITED STATES (USA),INDIANA,LAFAYETTE,,,,,61,Trailer,,,,,36,Van Trailer,,,53.000,,2,,
48,Texas,480423,1,1,16V1D192*M5******,2024-03-19 01:32:13,0,6,TRAILER,9132,"BIG TEX TRAILER MANUFACTURING, LLC",1136,BIG TEX,5625,Big Tex,2021,,,6,UNITED STATES (USA),OKLAHOMA,MADILL,"Big Tex Trailer Manufacturing, Inc.",,,,61,Trailer,,,,,4,Dump Trailer/Dumping Trailer,14,Bumper Pull,19.000,,2,,
48,Texas,480425,2,1,5JYLB553*HP******,2024-03-19 01:32:13,0,6,TRAILER,2290,PITTS ENTERPRISES INC,2831,PITTS TRAILERS,6775,Pitts Trailers,2017,,,6,UNITED STATES (USA),ALABAMA,PITTSVIEW,,,,,61,Trailer,,,,,11,Lowboy/Low bed Trailer,,,,Trailer Capacity: 55 tons,3,,
48,Texas,480428,2,1,13N14820*E1******,2024-03-19 01:32:13,0,6,TRAILER,12268,FONTAINE COMMERCIAL PLATFORM,1128,FONTAINE TRAILER CO.,4416,Fontaine Trailer Co.,2014,,,6,UNITED STATES (USA),ALABAMA,HALEYVILLE,,,,Optional Features: None,61,Trailer,,,,,6,Flat Bed Trailer/Platform Trailer,,,48.000,,2,,
48,Texas,480437,1,1,1UYVS253*8P******,2024-03-19 01:32:13,0,6,TRAILER,10289,UTILITY TRAILER MANUFACTURING COMPANY,10138,UTILITY TRAILER MANUFACTURER,26222,Utility Trailer Manufacturer,2008,,,6,UNITED STATES (USA),ARKANSAS,PARAGOULD,,,,,61,Trailer,,,,,36,Van Trailer,4,Straight Semi/Semi Trailer,53.000,,2,,
48,Texas,480441,1,1,3H3V532K*NJ******,2024-03-19 01:32:13,0,6,TRAILER,14282,"HYUNDAI DE MEXICO, S.A. DE C.V.",4876,HYUNDAI TRANSLEAD TRAILERS,11496,Hyundai Translead Trailers,2022,,,12,MEXICO,BAJA CALIFORNIA,TIJUANA,,,,Body Type: SEMITRAILER,61,Trailer,,,,,36,Van Trailer,6,Kingpin,53.000,,2,,
48,Texas,480447,1,1,1PMA3422*B1******,2024-03-19 01:32:13,0,6,TRAILER,6179,"POLAR TANK TRAILER, LLC",2921,POLAR TANK TRAILER,6874,Polar Tank Trailer,2011,,,6,UNITED STATES (USA),MINNESOTA,OPOLE,,,,,61,Trailer,,,,,15,Tank Trailer,30,Other,42.000,Vessel Code: DOT 407,2,,
48,Texas,480454,6,1,3E1FB723*FS******,2024-03-19 01:32:13,0,6,TRAILER,11798,BULK TANK INTERNATIONAL S DE RL DE CV,1092,BULK TANK INTERNATIONAL,4372,Bulk Tank International,2015,,,12,MEXICO,GUANAJUATO,SAN JOSE ITURBIDE,,,,,61,Trailer,,,,,172,Chemical Trailer,,,,Vessel Material: Stainless Steel,2,3,Tandem
48,Texas,480464,1,1,2LDAH402*MV******,2024-03-19 01:32:13,0,6,TRAILER,2310,TRIPLE E CANADA LTD.,8292,TRIPLE E INDUSTRIES,22080,Hopper Trailer,2021,,,1,CANADA,MANITOBA,WINKLER,,,,,61,Trailer,,,,,33,Grain Trailer,,,40.000,All Aluminum,2,,
48,Texas,480464,2,1,3M9KS402*LL084***,2024-03-19 01:32:13,0,6,TRAILER,15203,MAXXIM INDUSTRIES S.A. DE C.V.,9593,MAXXIM INDUSTRIES,23998,Maxxim Industries,2020,,,12,MEXICO,CHIHUAHUA,CUAUHTEMOC,,,,,61,Trailer,,,,,180,Hopper,6,Kingpin,40.000,Sand Hopper Trailer,2,,
48,Texas,480473,2,1,3H3V532C*ET******,2024-03-19 01:32:13,0,6,TRAILER,14282,"HYUNDAI DE MEXICO, S.A. DE C.V.",4876,HYUNDAI TRANSLEAD TRAILERS,11496,Hyundai Translead Trailers,2014,,,12,MEXICO,BAJA CALIFORNIA,TIJUANA,,,,,61,Trailer,,,,,36,Van Trailer,,,53.000,Material: Aluminum/Steel,2,,
48,Texas,480489,2,1,1P9CD382*LN343***,2024-03-19 01:32:13,0,6,TRAILER,8027,PRATT INDUSTRIES (US) LLC,3015,PRATT INDUSTRIES,7027,Pratt Industries,2020,,,6,UNITED STATES (USA),MICHIGAN,NILES,,,,,61,Trailer,,,,,9,Flatbed - Double Drop,,,38.000,Type: Semitrailer,2,,
48,Texas,480499,2,1,13ND4820*X1******,2024-03-19 01:32:13,0,6,TRAILER,12268,FONTAINE COMMERCIAL PLATFORM,1128,FONTAINE TRAILER CO.,4416,Fontaine Trailer Co.,1999,,,6,UNITED STATES (USA),ALABAMA,HALEYVILLE,,,,,61,Trailer,,,,,,,3,Gooseneck,48.000,Optional Features: none,2,,
48,Texas,480511,2,1,13N14830*T1******,2024-03-19 01:32:13,0,6,TRAILER,12268,FONTAINE COMMERCIAL PLATFORM,1128,FONTAINE TRAILER CO.,4416,Fontaine Trailer Co.,1996,,,6,UNITED STATES (USA),ALABAMA,HALEYVILLE,,,,,61,Trailer,,,,,6,Flat Bed Trailer/Platform Trailer,,,48.000,"Tandem Axles, Spread",2,,
48,Texas,480513,3,1,5JYLB553*LP******,2024-03-19 01:32:13,0,6,TRAILER,2290,PITTS ENTERPRISES INC,2831,PITTS TRAILERS,6775,Pitts Trailers,2020,,,6,UNITED STATES (USA),ALABAMA,PITTSVIEW,,,,,61,Trailer,,,,,11,Lowboy/Low bed Trailer,,,,Trailer Capacity: 55 tons,3,,
48,Texas,480513,4,1,16VGX352*62******,2024-03-19 01:32:13,0,6,TRAILER,9132,"BIG TEX TRAILER MANUFACTURING, LLC",1136,BIG TEX,5625,Big Tex,2006,,,6,UNITED STATES (USA),TEXAS,MOUNT PLEASANT,"Big Tex Trailer Manufacturing, Inc.",,,,61,Trailer,,,,,16,Utility Trailer,3,Gooseneck,35.000,,2,,
48,Texas,480515,2,1,1JJV532W*6L******,2024-03-19 01:32:13,0,6,TRAILER,14508,WABASH NATIONAL CORPORATION,4847,WABASH,13327,Wabash National Corporation,2006,,,6,UNITED STATES (USA),INDIANA,LAFAYETTE,,,,,61,Trailer,,,,,36,Van Trailer,,,53.000,,2,,
48,Texas,480525,1,1,3H3V482K*NS******,2024-03-19 01:32:13,0,6,TRAILER,14282,"HYUNDAI DE MEXICO, S.A. DE C.V.",4876,HYUNDAI TRANSLEAD TRAILERS,11496,Hyundai Translead Trailers,2022,,,12,MEXICO,BAJA CALIFORNIA,ROSARITO,,,,Body Type: SEMITRAILER,61,Trailer,,,,,36,Van Trailer,6,Kingpin,48.000,,2,,
48,Texas,480528,2,1,1GRAA062*HE******,2024-03-19 01:32:13,0,6,TRAILER,1073,GREAT DANE TRAILERS,520,GREAT DANE TRAILERS,13436,Great Dane Trailers,2017,,,6,UNITED STATES (USA),GEORGIA,STATESBORO,,,,,61,Trailer,,,,,,,4,Straight Semi/Semi Trailer,53.000,Dry Freight Van / Reefer Van / Insulated Van,2,,
48,Texas,480551,1,1,1JJV532D*FL******,2024-03-19 01:32:13,0,6,TRAILER,14508,WABASH NATIONAL CORPORATION,12319,WABASH VANS,10942,Dry Van Duraplate,2015,,,6,UNITED STATES (USA),INDIANA,LAFAYETTE,,,,,61,Trailer,,,,,36,Van Trailer,,,53.000,,2,,
48,Texas,480552,3,1,5V8VC532*NT******,2024-03-19 01:32:13,0,6,TRAILER,16522,VANGUARD NATIONAL TRAILER CORPORTATION,6474,VANGUARD NATIONAL TRAILER CORPORATION (VNTC),17782,VANGUARD NATIONAL TRAILER CORPORATION (VNTC),2022,,,6,UNITED STATES (USA),GEORGIA,TRENTON,,,,,61,Trailer,,,,,186,Dry Freight,6,Kingpin,53.000,Composite Plate Semitrailer (VXP),,3,Tandem
48,Texas,480556,1,1,1GRAA062*7T******,2024-03-19 01:32:13,0,6,TRAILER,1073,GREAT DANE TRAILERS,520,GREAT DANE TRAILERS,13436,Great Dane Trailers,2007,,,6,UNITED STATES (USA),INDIANA,TERRE HAUTE,,,,Effective 03/01/00,61,Trailer,,,,,36,Van Trailer,4,Straight Semi/Semi Trailer,6.000,Trailer Type = Dry Freight/ Reefer/ Insulated Van,2,,
48,Texas,480561,1,1,4RACS122*FK******,2024-03-19 01:32:13,0,6,TRAILER,16586,"INTERSTATE GROUP, LLC",7701,INTERSTATE WEST CORP,20698,Interstate West Corp,2015,,,6,UNITED STATES (USA),ARIZONA,KINGMAN,,,,,61,Trailer,,,,,160,Cargo Trailer,2,Pintle Hitch/Hook,12.000,,2,,
48,Texas,480569,1,1,1UNST422*LS******,2024-03-19 01:32:13,0,6,TRAILER,1739,"DRAGON PRODUCTS, LLC",1415,DRAGON ESP,4763,Dragon ESP,2020,,,6,UNITED STATES (USA),TEXAS,SILSBEE,,,,,61,Trailer,,,,,15,Tank Trailer,4,Straight Semi/Semi Trailer,42.000,,2,,
48,Texas,480571,1,1,13N2532C*H1******,2024-03-19 01:32:13,0,6,TRAILER,12268,FONTAINE COMMERCIAL PLATFORM,1128,FONTAINE TRAILER CO.,4416,Fontaine Trailer Co.,1987,,,6,UNITED STATES (USA),ALABAMA,HALEYVILLE,,,,,61,Trailer,,,,,6,Flat Bed Trailer/Platform Trailer,,,53.000,Optional Features: sliding suspension,2,,
48,Texas,480588,1,1,5MC42401*L3******,2024-03-19 01:32:13,0,6,TRAILER,5772,"MANAC TRAILERS USA, INC.",3896,MANAC TRAILERS USA,8528,Manac,2020,,,6,UNITED STATES (USA),MISSOURI,ORAN,"Manac Trailers USA, Inc.",,,,61,Trailer,,,,,4,Dump Trailer/Dumping Trailer,4,Straight Semi/Semi Trailer,40.000,Kingpin,2,,
48,Texas,480590,2,1,1JJV532D*HL******,2024-03-19 01:32:13,0,6,TRAILER,14508,WABASH NATIONAL CORPORATION,12319,WABASH VANS,10942,Dry Van Duraplate,2017,,,6,UNITED STATES (USA),INDIANA,LAFAYETTE,,,,,61,Trailer,,,,,36,Van Trailer,,,53.000,,2,,
48,Texas,480602,3,1,LJRC4126*51******,2024-03-19 01:32:13,0,6,TRAILER,9950,"CIMC VEHICLES GROUP CO., LTD.",4101,CIMC VEHICLES GROUP CO,8811,CIMC VEHICLES GROUP CO,2005,,,8,CHINA,,SHENZHEN,,,,"GVWR = 30,000-34,990kg",61,Trailer,9,"Class 8: 33,001 lb and above (14,969 kg and above)",,,109,Container Chassis/Container Trailer,,,41.000,,2,,
48,Texas,480619,2,1,1JJV532W*7L******,2024-03-19 01:32:13,0,6,TRAILER,14508,WABASH NATIONAL CORPORATION,4847,WABASH,13327,Wabash National Corporation,2007,,,6,UNITED STATES (USA),INDIANA,LAFAYETTE,,,,,61,Trailer,,,,,36,Van Trailer,,,53.000,,2,,
48,Texas,480621,2,1,1JJV532W*XL******,2024-03-19 01:32:13,0,6,TRAILER,14508,WABASH NATIONAL CORPORATION,4847,WABASH,13327,Wabash National Corporation,1999,,,6,UNITED STATES (USA),INDIANA,LAFAYETTE,,,,,61,Trailer,,,,,36,Van Trailer,,,53.000,,2,,
48,Texas,480626,2,1,7H2BE122*ND******,2024-03-19 01:32:13,0,6,TRAILER,17148,"TJCW, INC.",8360,ROCK SOLID CARGO,22203,Rock Solid Cargo,2022,,,6,UNITED STATES (USA),GEORGIA,DOUGLAS,,,,,61,Trailer,,,,,5,Enclosed Trailer,1,Ball Type Pull,12.000,,2,,
48,Texas,480633,2,1,4P5P8202*H1******,2024-03-19 01:32:13,0,6,TRAILER,16013,"PJ TRAILERS MANUFACTURING, INC.",6060,PJ,28324,PJ,2017,,,6,UNITED STATES (USA),TEXAS,SUMNER,,,,,61,Trailer,,,,,18,Pipe Trailer,30,Other,20.000,Variable HITCH based on Size/Type of Trailer,2,,
48,Texas,480643,1,1,1GRAA062*8G******,2024-03-19 01:32:13,0,6,TRAILER,1073,GREAT DANE TRAILERS,520,GREAT DANE TRAILERS,13436,Great Dane Trailers,2008,,,6,UNITED STATES (USA),MISSISSIPPI,GREENVILLE,,,,Effective 01/01/00,61,Trailer,,,,,36,Van Trailer,4,Straight Semi/Semi Trailer,53.000,Trailer Type = Dry Freight/ Reefer/ Insulated Van,2,,
48,Texas,480644,1,1,1GRAA962*FD******,2024-03-19 01:32:13,0,6,TRAILER,1073,GREAT DANE TRAILERS,520,GREAT DANE TRAILERS,13436,Great Dane Trailers,2015,,,6,UNITED STATES (USA),PENNSYLVANIA,DANVILLE,,,,,61,Trailer,,,,,,,4,Straight Semi/Semi Trailer,48.000,Dry Freight Van / Reefer Van / Insulated Van,2,,
48,Texas,480650,2,1,1RNF48A2*6R******,2024-03-19 01:32:13,0,6,TRAILER,3579,"REITNOUER, INC.",5594,REITNOUER INC,14493,Reitnouer Inc Trailers,2006,,,6,UNITED STATES (USA),PENNSYLVANIA,READING,,,,,61,Trailer,9,"Class 8: 33,001 lb and above (14,969 kg and above)",,,6,Flat Bed Trailer/Platform Trailer,6,Kingpin,48.000,Airride,2,,
48,Texas,480673,2,1,1GRDM962*YM******,2024-03-19 01:32:13,0,6,TRAILER,1073,GREAT DANE TRAILERS,520,GREAT DANE TRAILERS,13436,Great Dane Trailers,2000,,,6,UNITED STATES (USA),TENNESSEE,MEMPHIS,,,,,61,Trailer,,,,,61,Drop Deck Trailer,4,Straight Semi/Semi Trailer,96.000,Body Type = Straight Deck/ Extendable,2,,
48,Texas,480680,4,1,5FTCE242*L2******,2024-03-19 01:32:13,0,6,TRAILER,6919,FELLING TRAILERS,4771,FELLING TRAILERS,10467,Felling Trailers,2020,,,6,UNITED STATES (USA),MINNESOTA,LITCHFIELD,,,,,61,Trailer,,,,,61,Drop Deck Trailer,2,Pintle Hitch/Hook,24.000,,2,,
48,Texas,480683,2,1,1UYFS253*4A******,2024-03-19 01:32:13,0,6,TRAILER,10289,UTILITY TRAILER MANUFACTURING COMPANY,10138,UTILITY TRAILER MANUFACTURER,26222,Utility Trailer Manufacturer,2004,,,6,UNITED STATES (USA),ALABAMA,ENTERPRISE,,,,,61,Trailer,,,,,6,Flat Bed Trailer/Platform Trailer,4,Straight Semi/Semi Trailer,53.000,,2,,
48,Texas,480692,1,1,4YMBU081*KT******,2024-03-19 01:32:13,0,6,TRAILER,13315,"CARRY-ON TRAILER, INC.",4933,CARRY-ON TRAILER,12040,Carry-On Trailer,2019,,,6,UNITED STATES (USA),TEXAS,MEXIA,,,,,61,Trailer,,,,,32,Open Bed Trailer,1,Ball Type Pull,8.000,,1,,
48,Texas,480698,1,1,1JJV532D*LL******,2024-03-19 01:32:13,0,6,TRAILER,14508,WABASH NATIONAL CORPORATION,12319,WABASH VANS,10942,Dry Van Duraplate,2020,,,6,UNITED STATES (USA),INDIANA,LAFAYETTE,,,,,61,Trailer,,,,,36,Van Trailer,,,53.000,,2,,
48,Texas,480711,2,1,3H3V532K*NS******,2024-03-19 01:32:13,0,6,TRAILER,14282,"HYUNDAI DE MEXICO, S.A. DE C.V.",4876,HYUNDAI TRANSLEAD TRAILERS,11496,Hyundai Translead Trailers,2022,,,12,MEXICO,BAJA CALIFORNIA,ROSARITO,,,,Body Type: SEMITRAILER,61,Trailer,,,,,36,Van Trailer,6,Kingpin,53.000,,2,,
48,Texas,480715,1,1,5V8VC532*CM******,2024-03-19 01:32:13,0,6,TRAILER,16522,VANGUARD NATIONAL TRAILER CORPORTATION,6474,VANGUARD NATIONAL TRAILER CORPORATION (VNTC),17782,VANGUARD NATIONAL TRAILER CORPORATION (VNTC),2012,,,6,UNITED STATES (USA),INDIANA,MONON,,,,,61,Trailer,,,,,,,,,53.000,Dry Freight Van,2,3,Tandem
48,Texas,480764,1,1,5V8VC532*LM******,2024-03-19 01:32:13,0,6,TRAILER,16522,VANGUARD NATIONAL TRAILER CORPORTATION,6474,VANGUARD NATIONAL TRAILER CORPORATION (VNTC),17782,VANGUARD NATIONAL TRAILER CORPORATION (VNTC),2020,,,6,UNITED STATES (USA),INDIANA,MONON,,,,,61,Trailer,,,,,186,Dry Freight,6,Kingpin,53.000,Composite Plate Semitrailer (VXP),,3,Tandem
48,Texas,480764,2,1,1DW1A532*9S******,2024-03-19 01:32:13,0,6,TRAILER,13506,"STOUGHTON TRAILERS, INC.",3414,STOUGHTON TRAILERS,7701,Stoughton trailers,2009,,,6,UNITED STATES (USA),WISCONSIN,STOUGHTON,"Stoughton Trailers, INC",,,,61,Trailer,,,,,36,Van Trailer,4,Straight Semi/Semi Trailer,53.000,,2,,
48,Texas,480795,1,1,3H3V532C*KR******,2024-03-19 01:32:13,0,6,TRAILER,14282,"HYUNDAI DE MEXICO, S.A. DE C.V.",4876,HYUNDAI TRANSLEAD TRAILERS,11496,Hyundai Translead Trailers,2019,,,12,MEXICO,BAJA CALIFORNIA,ROSARITO,,,,,61,Trailer,,,,,36,Van Trailer,,,53.000,Material: Aluminum/Steel,2,,
48,Texas,480796,2,1,5KTUS141*JF******,2024-03-19 01:32:13,0,6,TRAILER,10097,KARAVAN TRAILERS INC.,5044,KARAVAN TRAILER,12425,Karavan Trailer,2018,,,6,UNITED STATES (USA),WISCONSIN,FOX LAKE,,,,,61,Trailer,,,,,16,Utility Trailer,31,Ball Hitch,14.000,FRAME TYPE: Sq. Tube,1,,
48,Texas,480803,2,1,1UYVS253*9U******,2024-03-19 01:32:13,0,6,TRAILER,10289,UTILITY TRAILER MANUFACTURING COMPANY,10138,UTILITY TRAILER MANUFACTURER,26222,Utility Trailer Manufacturer,2009,,,6,UNITED STATES (USA),UTAH,CLEARFIELD,,,,,61,Trailer,,,,,36,Van Trailer,4,Straight Semi/Semi Trailer,53.000,,2,,
48,Texas,480814,2,1,1UYVS253*BP******,2024-03-19 01:32:13,0,6,TRAILER,10289,UTILITY TRAILER MANUFACTURING COMPANY,10138,UTILITY TRAILER MANUFACTURER,26222,Utility Trailer Manufacturer,2011,,,6,UNITED STATES (USA),ARKANSAS,PARAGOULD,,,,,61,Trailer,,,,,36,Van Trailer,4,Straight Semi/Semi Trailer,53.000,,2,,
48,Texas,480817,1,1,LA9C4023*31SZJ***,2024-03-19 01:32:13,0,6,TRAILER,5927,SHENZHEN CIMC HEAVY INDUSTRIES CO. LTD,5230,"SHENZHEN CIMC HEAVY INDUSTRIES CO., LTD",13222,"Shenzhen Cimc Heavy Industries Co., LTD",2003,,,8,CHINA,,SHENZHEN,,,,,61,Trailer,9,"Class 8: 33,001 lb and above (14,969 kg and above)",,,109,Container Chassis/Container Trailer,,,40.000,,2,,
48,Texas,480841,1,1,3UTVS253*N8******,2024-03-19 01:32:13,0,6,TRAILER,10289,UTILITY TRAILER MANUFACTURING COMPANY,10138,UTILITY TRAILER MANUFACTURER,26222,Utility Trailer Manufacturer,2022,,,12,MEXICO,,PIEDRAS NEGRAS,,,,,61,Trailer,,,,,36,Van Trailer,4,Straight Semi/Semi Trailer,53.000,,2,,
48,Texas,480842,2,1,13N1482C*71******,2024-03-19 01:32:13,0,6,TRAILER,12268,FONTAINE COMMERCIAL PLATFORM,1128,FONTAINE TRAILER CO.,4416,Fontaine Trailer Co.,2007,,,6,UNITED STATES (USA),ALABAMA,HALEYVILLE,,,,Optional Features: Sliding Suspension,61,Trailer,,,,,6,Flat Bed Trailer/Platform Trailer,,,48.000,,2,,
48,Texas,480845,2,1,1M9AT9C2*FH355***,2024-03-19 01:32:13,0,6,TRAILER,19392,"MISSISSIPPI TANK AND MANUFACTURING COMPANY, DBA MISSISSIPPI TANK COMPANY",10147,MISSISSIPPI TANK COMPANY,26244,Mississippi Tank Company,2015,,,6,UNITED STATES (USA),ALABAMA,HATTIESBURG,,,,,61,Trailer,,,,,,,,,,Trailer Type: Quenched and Tempered,2,,
48,Texas,480878,1,1,1GRAA062*9D******,2024-03-19 01:32:13,0,6,TRAILER,1073,GREAT DANE TRAILERS,520,GREAT DANE TRAILERS,13436,Great Dane Trailers,2009,,,6,UNITED STATES (USA),PENNSYLVANIA,DANVILLE,,,,Effective 12/01/01,61,Trailer,,,,,36,Van Trailer,4,Straight Semi/Semi Trailer,53.000,Trailer Type = Dry Freight/ Reefer/ Insulated Van,2,,
48,Texas,480881,1,1,4P2FB121*1U******,2024-03-19 01:32:13,0,6,TRAILER,1491,PACE AMERICAN OF UTAH INC.,2500,PACE AMERICAN,6324,Pace American Trailer,2001,,,6,UNITED STATES (USA),UTAH,,Pace American of Utah,,,"GVWR: 1,000-6,000",61,Trailer,1,"Class 1: 6,000 lb or less (2,722 kg or less)",,,59,Van/Covered Cargo/Enclosed,,,12.000,Length: 6-20 ft; Width: 4-6 ft; Tag ENclosed Cargo,1,,
48,Texas,480905,1,1,1D9BV532*J1609***,2024-03-19 01:32:13,0,6,TRAILER,11391,"DOONAN SPECIALIZED TRAILER, LLC",1335,DOONAN SPECIALIZED TRAILER,4689,Doonan Specialized Trailer,2018,,,6,UNITED STATES (USA),KANSAS,GREAT BEND,,,,,61,Trailer,,,,,6,Flat Bed Trailer/Platform Trailer,,,,Platform,2,,
48,Texas,480905,2,1,1D9BV532*J1609***,2024-03-19 01:32:13,0,6,TRAILER,11391,"DOONAN SPECIALIZED TRAILER, LLC",1335,DOONAN SPECIALIZED TRAILER,4689,Doonan Specialized Trailer,2018,,,6,UNITED STATES (USA),KANSAS,GREAT BEND,,,,,61,Trailer,,,,,6,Flat Bed Trailer/Platform Trailer,,,,Platform,2,,
48,Texas,480918,2,1,5HTAB432*57******,2024-03-19 01:32:13,0,6,TRAILER,5564,"HEIL TRAILER INTERNATIONAL, CO",2365,"HEIL TRAILER INTERNATIONAL, CO.",6142,"Heil Trailer International, Co.",2005,,,6,UNITED STATES (USA),TENNESSEE,ATHENS,,,,Body Shape: Straight Elliptical,61,Trailer,,,,,15,Tank Trailer,,,43.000,AL 306/406,2,,
48,Texas,480922,1,1,5MATA442*KA******,2024-03-19 01:32:13,0,6,TRAILER,5950,"MAC TRAILER MFG, INC.",6826,MAC TRAILER MANUFACTURING,18288,MAC TRAILER MANUFACTURING,2019,,,6,UNITED STATES (USA),,SALEM,ALLEN ROAD 20,,,,61,Trailer,,,,,174,Dry Bulk Trailer,6,Kingpin,44.000,Pneumatic Tanker,2,,
48,Texas,480922,5,1,1JJV532D*GL******,2024-03-19 01:32:13,0,6,TRAILER,14508,WABASH NATIONAL CORPORATION,12319,WABASH VANS,10942,Dry Van Duraplate,2016,,,6,UNITED STATES (USA),INDIANA,LAFAYETTE,,,,,61,Trailer,,,,,36,Van Trailer,,,53.000,,2,,
48,Texas,480940,1,1,1M9BA402*L1435***,2024-03-19 01:32:13,0,6,TRAILER,22478,"MAGNOLIA TRAILERS, INC.",12332,"MAGNOLIA TRAILERS, INC.",32132,"MAGNOLIA TRAILERS, INC.",2020,,,6,UNITED STATES (USA),MISSISSIPPI,LUCEDALE,,,,,61,Trailer,,,,,101,Other,5,Fifth Wheel,40.000,Bolster Trailer,2,,
48,Texas,480948,2,1,1GRAA062*KB******,2024-03-19 01:32:13,0,6,TRAILER,1073,GREAT DANE TRAILERS,520,GREAT DANE TRAILERS,13436,Great Dane Trailers,2019,,,6,UNITED STATES (USA),INDIANA,BRAZIL,,,,,61,Trailer,,,,,36,Van Trailer,4,Straight Semi/Semi Trailer,53.000,"Semitrailer - Dry Freight Van, Reefer Van, Insulated Van",2,,
48,Texas,480970,2,1,5C2BF37B*NM******,2024-03-19 01:32:13,0,6,TRAILER,15683,"CLEMENT INDUSTRIES, INC.",5405,CLEMENT INDUSTRIES,13961,Clement,2022,,,6,UNITED STATES (USA),LOUISIANA,MINDEN,"Clement Industries, Inc",,,,61,Trailer,,,,,177,Flat Floor,4,Straight Semi/Semi Trailer,37.000,Frameless Semi End Dump,2,,
48,Texas,480972,2,1,4Z411162*XP******,2024-03-19 01:32:13,0,6,TRAILER,3493,CPS TRAILER CO,6277,CPS TRAILER COMPANY,21211,Hopper Trailer,1999,Steel,,6,UNITED STATES (USA),MISSOURI,ORAN,,,,,61,Trailer,,,,,33,Grain Trailer,,,,Over 36 ft,2,,
48,Texas,480986,2,1,3E1FB723*FS******,2024-03-19 01:32:13,0,6,TRAILER,11798,BULK TANK INTERNATIONAL S DE RL DE CV,1092,BULK TANK INTERNATIONAL,4372,Bulk Tank International,2015,,,12,MEXICO,GUANAJUATO,SAN JOSE ITURBIDE,,,,,61,Trailer,,,,,172,Chemical Trailer,,,,Vessel Material: Stainless Steel,2,3,Tandem
48,Texas,480992,1,1,1DW1A532*HS******,2024-03-19 01:32:13,0,6,TRAILER,13506,"STOUGHTON TRAILERS, INC.",3414,STOUGHTON TRAILERS,7701,Stoughton trailers,2017,,,6,UNITED STATES (USA),WISCONSIN,STOUGHTON,"Stoughton Trailers, INC",,,,61,Trailer,,,,,36,Van Trailer,4,Straight Semi/Semi Trailer,53.000,,2,,
48,Texas,480992,2,1,5E0AJ144*GG******,2024-03-19 01:32:13,0,6,TRAILER,20895,"COTTRELL, INC.",12482,COTTRELL,32571,"C-09, c-10, C-11, CX-09, CX-10, CX-11",2016,,,6,UNITED STATES (USA),GEORGIA,GAINESVILLE,,,,,61,Trailer,,,,,3,Car Hauler Trailer,5,Fifth Wheel,,Trailer Length (feet): 44-46,2,3,Tandem
48,Texas,481013,2,1,1UYFS248*8A******,2024-03-19 01:32:13,0,6,TRAILER,10289,UTILITY TRAILER MANUFACTURING COMPANY,10138,UTILITY TRAILER MANUFACTURER,26222,Utility Trailer Manufacturer,2008,,,6,UNITED STATES (USA),ALABAMA,ENTERPRISE,,,,,61,Trailer,,,,,6,Flat Bed Trailer/Platform Trailer,4,Straight Semi/Semi Trailer,48.000,,2,,
48,Texas,481020,1,1,4ZEGH402*D1******,2024-03-19 01:32:13,0,6,TRAILER,3684,LOAD TRAIL LLC,2111,LOAD TRAIL,5874,Load Trail,2013,,,6,UNITED STATES (USA),TEXAS,SUMNER,,,,,61,Trailer,,,,,,,3,Gooseneck,40.000,Type of Trailer = Heavy Duty Gooseneck,2,,
48,Texas,481024,1,1,7GG1E081*KW******,2024-03-19 01:32:13,0,6,TRAILER,16044,"SALVATION TRAILERS MFG, LLC",6068,SALVATION TRAILERS,15898,Salvation Trailers,2019,,,6,UNITED STATES (USA),TEXAS,WACO,,,,,61,Trailer,,,,,5,Enclosed Trailer,31,Ball Hitch,8.000,,1,,
48,Texas,481038,1,1,1UYVS253*AP******,2024-03-19 01:32:13,0,6,TRAILER,10289,UTILITY TRAILER MANUFACTURING COMPANY,10138,UTILITY TRAILER MANUFACTURER,26222,Utility Trailer Manufacturer,2010,,,6,UNITED STATES (USA),ARKANSAS,PARAGOULD,,,,,61,Trailer,,,,,36,Van Trailer,4,Straight Semi/Semi Trailer,53.000,,2,,
48,Texas,481051,2,1,3H3V532C*4T******,2024-03-19 01:32:13,0,6,TRAILER,14282,"HYUNDAI DE MEXICO, S.A. DE C.V.",4876,HYUNDAI TRANSLEAD TRAILERS,11496,Hyundai Translead Trailers,2004,,,12,MEXICO,BAJA CALIFORNIA,TIJUANA,,,,,61,Trailer,,,,,36,Van Trailer,,,53.000,Material: Aluminum/Steel,2,,
48,Texas,481051,3,1,1UYVS253*H7******,2024-03-19 01:32:13,0,6,TRAILER,10289,UTILITY TRAILER MANUFACTURING COMPANY,10138,UTILITY TRAILER MANUFACTURER,26222,Utility Trailer Manufacturer,2017,,,6,UNITED STATES (USA),VIRGINIA,GLADE SPRING,,,,,61,Trailer,,,,,36,Van Trailer,4,Straight Semi/Semi Trailer,53.000,,2,,
48,Texas,481057,2,1,1E1H5Z28*KR******,2024-03-19 01:32:13,0,6,TRAILER,5338,EAST MANUFACTURING CORP.,1334,EAST MANUFACTURING CORP.,4686,East Manufacturing Corp,2019,,,6,UNITED STATES (USA),OHIO,RANDOLPH,,,,,61,Trailer,9,"Class 8: 33,001 lb and above (14,969 kg and above)",,,6,Flat Bed Trailer/Platform Trailer,,,,Trailer Length 48 and above,2,,
48,Texas,481098,2,1,3H3V532K*PS******,2024-03-19 01:32:13,0,6,TRAILER,14282,"HYUNDAI DE MEXICO, S.A. DE C.V.",4876,HYUNDAI TRANSLEAD TRAILERS,11496,Hyundai Translead Trailers,2023,,,12,MEXICO,BAJA CALIFORNIA,ROSARITO,,,,Body Type: SEMITRAILER,61,Trailer,,,,,36,Van Trailer,6,Kingpin,53.000,,2,,
48,Texas,481101,2,1,1DW1A532*BS******,2024-03-19 01:32:13,1,6,TRAILER,13506,"STOUGHTON TRAILERS, INC.",3414,STOUGHTON TRAILERS,7701,Stoughton trailers,2011,,,6,UNITED STATES (USA),WISCONSIN,STOUGHTON,"Stoughton Trailers, INC",,,,61,Trailer,,,,,36,Van Trailer,4,Straight Semi/Semi Trailer,53.000,,2,,
48,Texas,481101,4,1,4U3J0482*4L******,2024-03-19 01:32:13,0,6,TRAILER,9213,"BULL MOOSE HEAVY HAUL, INC",6869,X-L SPECIALIZED TRAILERS INC,18367,X-L SPECIALIZED TRAILERS INC,2004,,,6,UNITED STATES (USA),IOWA,MANCHESTER,,,,,61,Trailer,,,,,,,,,48.000,"Front-loading Detachable/Non-Rigid Neck (MFG, MDE, HDG, HDE, Folding Goose Neck)",2,,
48,Texas,481126,1,1,4YMBU081*MT******,2024-03-19 01:32:13,0,6,TRAILER,13315,"CARRY-ON TRAILER, INC.",4933,CARRY-ON TRAILER,12040,Carry-On Trailer,2021,,,6,UNITED STATES (USA),TEXAS,MEXIA,,,,,61,Trailer,,,,,32,Open Bed Trailer,1,Ball Type Pull,8.000,,1,,
48,Texas,481134,1,1,1UYVS253*J2******,2024-03-19 01:32:13,0,6,TRAILER,10289,UTILITY TRAILER MANUFACTURING COMPANY,10138,UTILITY TRAILER MANUFACTURER,26222,Utility Trailer Manufacturer,2018,,,6,UNITED STATES (USA),UTAH,CLEARFIELD,,,,,61,Trailer,,,,,36,Van Trailer,4,Straight Semi/Semi Trailer,53.000,,2,,
48,Texas,481135,1,1,3H3V532C*GT******,2024-03-19 01:32:13,0,6,TRAILER,14282,"HYUNDAI DE MEXICO, S.A. DE C.V.",4876,HYUNDAI TRANSLEAD TRAILERS,11496,Hyundai Translead Trailers,2016,,,12,MEXICO,BAJA CALIFORNIA,TIJUANA,,,,,61,Trailer,,,,,36,Van Trailer,,,53.000,Material: Aluminum/Steel,2,,
48,Texas,481140,1,1,1JJV532D*EL******,2024-03-19 01:32:13,0,6,TRAILER,14508,WABASH NATIONAL CORPORATION,12319,WABASH VANS,10942,Dry Van Duraplate,2014,,,6,UNITED STATES (USA),INDIANA,LAFAYETTE,,,,,61,Trailer,,,,,36,Van Trailer,,,53.000,,2,,
48,Texas,481149,2,1,5RVSL162*7M******,2024-03-19 01:32:13,0,6,TRAILER,8916,LAMAR TRAILERS INC.,6413,LAMAR TRAILERS,17669,LAMAR TRAILERS,2007,,,6,UNITED STATES (USA),TEXAS,MAXEY,,,,,61,Trailer,,,,,16,Utility Trailer,,,16.000,,2,,
48,Texas,481151,1,1,48X7L322*11******,2024-03-19 01:32:13,0,6,TRAILER,10839,"TRAVIS BODY & TRAILER, INC.",3520,"TRAVIS BODY & TRAILER, INC.",7868,"TRAVIS BODY & TRAILER, INC.",2001,,,6,UNITED STATES (USA),TEXAS,HOUSTON,,,,,61,Trailer,,,,,119,Steel Body/Frame,,,32.000,WC7X43P (HD),2,,
48,Texas,481157,2,1,49TSG162*51******,2024-03-19 01:32:13,0,6,TRAILER,3943,"CONTRACT MANUFACTURER, LLC",1871,CONTRACT MANUFACTURER,5360,CONTRACT MANUFACTURER,2005,,,6,UNITED STATES (USA),OKLAHOMA,MADILL,,,,,61,Trailer,,,,,182,Stock Trailer,3,Gooseneck,16.000,,2,,
48,Texas,481157,3,1,5HTSN422*B5******,2024-03-19 01:32:13,0,6,TRAILER,5564,"HEIL TRAILER INTERNATIONAL, CO",2365,"HEIL TRAILER INTERNATIONAL, CO.",6142,"Heil Trailer International, Co.",2011,,,6,UNITED STATES (USA),TEXAS,RHOME,,,,Body Shape: Jet,61,Trailer,,,,,103,Bulk,,,42.000,Al Pneumatic,2,,
48,Texas,481170,1,1,1W1VGNWF*4D******,2024-03-19 01:32:13,0,6,TRAILER,11681,WILSON TRAILER CO.,3855,WILSON TRAILER CO.,8390,Wilson Trailer Co.,2004,STYLE A LH LOAD - SOLID PAN - NO RAMP,,6,UNITED STATES (USA),SOUTH DAKOTA,YANKTON,PLANT 5,,,,61,Trailer,,,,,13,Livestock Trailer,,,48.000,Type of Trailer: PUNCHSIDE DROP CTR LVSK (PSDCL) W/O DOGHOUSE,2,,
48,Texas,481184,1,1,1MT2N502*HH******,2024-03-19 01:32:13,0,6,TRAILER,8092,MERRITT TRAILERS INC.,2353,MERRITT,29522,Merritt,2017,,,6,UNITED STATES (USA),COLORADO,HENDERSON,Merritt Equipment Co.,,,,61,Trailer,,,,,13,Livestock Trailer,4,Straight Semi/Semi Trailer,50.000,,2,,
48,Texas,481215,1,1,5C2DB12B*4M******,2024-03-19 01:32:13,0,6,TRAILER,15683,"CLEMENT INDUSTRIES, INC.",5405,CLEMENT INDUSTRIES,13961,Clement,2004,,,6,UNITED STATES (USA),LOUISIANA,MINDEN,"Clement Industries, Inc",,,,61,Trailer,,,,,101,Other,30,Other,12.000,Tandem Axle,2,,
48,Texas,481227,1,1,1GRAP062*GJ******,2024-03-19 01:32:13,0,6,TRAILER,1073,GREAT DANE TRAILERS,520,GREAT DANE TRAILERS,13436,Great Dane Trailers,2016,,,6,UNITED STATES (USA),ARKANSAS,JONESBORO,,,,"Jacksonville Florida (ended 02/1988); Jonesboro, Arkansas (effective 09/03/02)",61,Trailer,,,,,,,4,Straight Semi/Semi Trailer,53.000,Dry Freight Van / Reefer Van / Insulated Van,2,,
48,Texas,481236,2,1,1W1K4432*N7******,2024-03-19 01:32:13,0,6,TRAILER,11681,WILSON TRAILER CO.,10450,WILSON,27561,Wilson,2022,,,6,UNITED STATES (USA),SOUTH DAKOTA,LENNOX,,,,,61,Trailer,,,,,33,Grain Trailer,6,Kingpin,43.000,,2,,
48,Texas,481255,1,1,1UYVS253*J3******,2024-03-19 01:32:13,0,6,TRAILER,10289,UTILITY TRAILER MANUFACTURING COMPANY,10138,UTILITY TRAILER MANUFACTURER,26222,Utility Trailer Manufacturer,2018,,,6,UNITED STATES (USA),ARKANSAS,PARAGOULD,,,,,61,Trailer,,,,,36,Van Trailer,4,Straight Semi/Semi Trailer,53.000,,2,,
48,Texas,481258,2,1,1JJV532B*HL******,2024-03-19 01:32:13,0,6,TRAILER,14508,WABASH NATIONAL CORPORATION,12319,WABASH VANS,10945,Refrigerated Van,2017,,,6,UNITED STATES (USA),INDIANA,LAFAYETTE,,,,,61,Trailer,,,,,36,Van Trailer,,,53.000,,2,,
48,Texas,481265,1,1,48X7L372*Y1******,2024-03-19 01:32:13,0,6,TRAILER,10839,"TRAVIS BODY & TRAILER, INC.",3520,"TRAVIS BODY & TRAILER, INC.",7868,"TRAVIS BODY & TRAILER, INC.",2000,,,6,UNITED STATES (USA),TEXAS,HOUSTON,,,,,61,Trailer,,,,,119,Steel Body/Frame,,,37.000,WC7X43P (HD),2,,
48,Texas,481277,4,1,1K9FR362*LB367***,2024-03-19 01:32:13,0,6,TRAILER,17217,"KAUFMAN TRAILERS OF SC, INC.",7749,KAUFMAN TRAILERS OF SC,20800,KAUFMAN TRAILERS OF SC,2020,,,6,UNITED STATES (USA),SOUTH CAROLINA,BENNETTSVILLE,,,,,61,Trailer,,,,,6,Flat Bed Trailer/Platform Trailer,,,36.000,Detachable Flatbed,2,,
48,Texas,481285,1,1,3H3V532C*DT******,2024-03-19 01:32:13,0,6,TRAILER,14282,"HYUNDAI DE MEXICO, S.A. DE C.V.",4876,HYUNDAI TRANSLEAD TRAILERS,11496,Hyundai Translead Trailers,2013,,,12,MEXICO,BAJA CALIFORNIA,TIJUANA,,,,,61,Trailer,,,,,36,Van Trailer,,,53.000,Material: Aluminum/Steel,2,,
48,Texas,481292,2,1,1GR1P062*NT******,2024-03-19 01:32:13,0,6,TRAILER,1073,GREAT DANE TRAILERS,520,GREAT DANE TRAILERS,13436,Great Dane Trailers,2022,,,6,UNITED STATES (USA),INDIANA,TERRE HAUTE,,,,,61,Trailer,,,,,,,6,Kingpin,53.000,"Semitrailer - dry freight, reefer, or insulated van",2,,
48,Texas,481303,1,1,1JJV532D*LL******,2024-03-19 01:32:13,0,6,TRAILER,14508,WABASH NATIONAL CORPORATION,12319,WABASH VANS,10942,Dry Van Duraplate,2020,,,6,UNITED STATES (USA),INDIANA,LAFAYETTE,,,,,61,Trailer,,,,,36,Van Trailer,,,53.000,,2,,
48,Texas,481305,2,1,1GRAP062*NK******,2024-03-19 01:32:13,0,6,TRAILER,1073,GREAT DANE TRAILERS,520,GREAT DANE TRAILERS,13436,Great Dane Trailers,2022,,,6,UNITED STATES (USA),ILLINOIS,KEWANEE,,,,,61,Trailer,,,,,36,Van Trailer,4,Straight Semi/Semi Trailer,53.000,"Semitrailer - Dry Freight Van, Reefer Van, Insulated Van",2,,
48,Texas,481325,2,1,1GRAA062*HB******,2024-03-19 01:32:13,0,6,TRAILER,1073,GREAT DANE TRAILERS,520,GREAT DANE TRAILERS,13436,Great Dane Trailers,2017,,,6,UNITED STATES (USA),INDIANA,BRAZIL,,,,,61,Trailer,,,,,,,4,Straight Semi/Semi Trailer,53.000,Dry Freight Van / Reefer Van / Insulated Van,2,,
48,Texas,481325,3,1,1GR1P062*NT******,2024-03-19 01:32:13,0,6,TRAILER,1073,GREAT DANE TRAILERS,520,GREAT DANE TRAILERS,13436,Great Dane Trailers,2022,,,6,UNITED STATES (USA),INDIANA,TERRE HAUTE,,,,,61,Trailer,,,,,,,6,Kingpin,53.000,"Semitrailer - dry freight, reefer, or insulated van",2,,
48,Texas,481327,2,1,1JJV532D*HL******,2024-03-19 01:32:13,0,6,TRAILER,14508,WABASH NATIONAL CORPORATION,12319,WABASH VANS,10942,Dry Van Duraplate,2017,,,6,UNITED STATES (USA),INDIANA,LAFAYETTE,,,,,61,Trailer,,,,,36,Van Trailer,,,53.000,,2,,
48,Texas,481328,2,1,1JJV532D*HL******,2024-03-19 01:32:13,0,6,TRAILER,14508,WABASH NATIONAL CORPORATION,12319,WABASH VANS,10942,Dry Van Duraplate,2017,,,6,UNITED STATES (USA),INDIANA,LAFAYETTE,,,,,61,Trailer,,,,,36,Van Trailer,,,53.000,,2,,
48,Texas,481336,2,1,5MADA402*NC******,2024-03-19 01:32:13,0,6,TRAILER,5950,"MAC TRAILER MFG, INC.",6826,MAC TRAILER MANUFACTURING,18288,MAC TRAILER MANUFACTURING,2022,,,6,UNITED STATES (USA),OHIO,ALLIANCE,Corporate 10,,,,61,Trailer,,,,,4,Dump Trailer/Dumping Trailer,6,Kingpin,40.000,STEEL OR ALUMINUM BODY,2,,
48,Texas,481337,1,1,1UYVS253*6G******,2024-03-19 01:32:13,0,6,TRAILER,10289,UTILITY TRAILER MANUFACTURING COMPANY,10138,UTILITY TRAILER MANUFACTURER,26222,Utility Trailer Manufacturer,2006,,,6,UNITED STATES (USA),VIRGINIA,GLADE SPRING,,,,,61,Trailer,,,,,36,Van Trailer,4,Straight Semi/Semi Trailer,53.000,,2,,
48,Texas,481342,1,1,56EA75C2*JA******,2024-03-19 01:32:13,0,6,TRAILER,12109,"ARMOR LITE TRAILER MFG, LLC",1161,ARMOR LITE TRAILER,4470,Armor Lite Trailer,2018,,,6,UNITED STATES (USA),MISSOURI,SIKESTON,,,,,61,Trailer,,,,,,,6,Kingpin,32.000,Steel Formed Channel Frame,2,,
48,Texas,481355,1,1,5DN11482*8B******,2024-03-19 01:32:13,0,6,TRAILER,8543,WESTERN TRAILER COMPANY,3808,WESTERN TRAILER COMPANY,8295,Western Trailer Company,2008,,,6,UNITED STATES (USA),IDAHO,BOISE,Western Trailer Company,,,,61,Trailer,,,,,6,Flat Bed Trailer/Platform Trailer,4,Straight Semi/Semi Trailer,48.000,,2,,
48,Texas,481363,2,1,5LKL5645*F1******,2024-03-19 01:32:13,0,6,TRAILER,3083,LOAD KING LLC,8486,LOAD KING,22419,Load King,2015,,,6,UNITED STATES (USA),SOUTH DAKOTA,ELK POINT,,,,,61,Trailer,,,,,11,Lowboy/Low bed Trailer,,,56.000,Frame Capacity of Trailer: 46-55 US tons,4,,
48,Texas,481382,1,1,1GRAA062*NB******,2024-03-19 01:32:13,0,6,TRAILER,1073,GREAT DANE TRAILERS,520,GREAT DANE TRAILERS,13436,Great Dane Trailers,2022,,,6,UNITED STATES (USA),INDIANA,BRAZIL,,,,,61,Trailer,,,,,36,Van Trailer,4,Straight Semi/Semi Trailer,53.000,"Semitrailer - Dry Freight Van, Reefer Van, Insulated Van",2,,
48,Texas,481408,2,1,1N9DC532*KK175***,2024-03-19 01:32:13,1,6,TRAILER,10698,NEVILLE WELDING INC.,2162,NEVILLE WELDING INC.,5936,NEVILLE WELDING INC.,2019,,,6,UNITED STATES (USA),KANSAS,KINGMAN,,,,,116,Incomplete - Trailer Chassis,,,,,61,Drop Deck Trailer,,,53.000,,2,,
48,Texas,481413,2,1,5HTAM442*67******,2024-03-19 01:32:13,0,6,TRAILER,5564,"HEIL TRAILER INTERNATIONAL, CO",2365,"HEIL TRAILER INTERNATIONAL, CO.",6142,"Heil Trailer International, Co.",2006,,,6,UNITED STATES (USA),TENNESSEE,ATHENS,,,,,61,Trailer,,,,,15,Tank Trailer,,,44.000,AL 306/406,2,,
48,Texas,481417,2,1,16VEX202*K2******,2024-03-19 01:32:13,0,6,TRAILER,9132,"BIG TEX TRAILER MANUFACTURING, LLC",1136,BIG TEX,5625,Big Tex,2019,,,6,UNITED STATES (USA),TEXAS,MOUNT PLEASANT,"Big Tex Trailer Manufacturing, Inc.",,,,61,Trailer,,,,,16,Utility Trailer,,,20.000,Equipment Trailer,2,,
48,Texas,481419,1,1,13N14830*21******,2024-03-19 01:32:13,0,6,TRAILER,12268,FONTAINE COMMERCIAL PLATFORM,1128,FONTAINE TRAILER CO.,4416,Fontaine Trailer Co.,2002,,,6,UNITED STATES (USA),ALABAMA,HALEYVILLE,,,,,61,Trailer,,,,,6,Flat Bed Trailer/Platform Trailer,,,48.000,"Tandem Axles, Spread",2,,
48,Texas,481436,1,1,1JJV532W*8L******,2024-03-19 01:32:13,0,6,TRAILER,14508,WABASH NATIONAL CORPORATION,4847,WABASH,13327,Wabash National Corporation,2008,,,6,UNITED STATES (USA),INDIANA,LAFAYETTE,,,,,61,Trailer,,,,,36,Van Trailer,,,53.000,,2,,
48,Texas,481450,2,1,1UYVS253*K2******,2024-03-19 01:32:13,0,6,TRAILER,10289,UTILITY TRAILER MANUFACTURING COMPANY,10138,UTILITY TRAILER MANUFACTURER,26222,Utility Trailer Manufacturer,2019,,,6,UNITED STATES (USA),UTAH,CLEARFIELD,,,,,61,Trailer,,,,,36,Van Trailer,4,Straight Semi/Semi Trailer,53.000,,2,,
48,Texas,481458,1,1,13N1482C*F1******,2024-03-19 01:32:13,0,6,TRAILER,12268,FONTAINE COMMERCIAL PLATFORM,1128,FONTAINE TRAILER CO.,4416,Fontaine Trailer Co.,2015,,,6,UNITED STATES (USA),ALABAMA,HALEYVILLE,,,,Optional Features: Sliding Suspension,61,Trailer,,,,,6,Flat Bed Trailer/Platform Trailer,,,48.000,,2,,
48,Texas,481467,2,1,1JJV532Y*SL******,2024-03-19 01:32:13,0,6,TRAILER,14508,WABASH NATIONAL CORPORATION,4847,WABASH,10950,Chassis,2025,,,6,UNITED STATES (USA),INDIANA,LAFAYETTE,,,,,61,Trailer,,,,,36,Van Trailer,6,Kingpin,53.000,,2,,
48,Texas,481469,1,1,16VPX202*H2******,2024-03-19 01:32:13,0,6,TRAILER,9132,"BIG TEX TRAILER MANUFACTURING, LLC",1136,BIG TEX,5625,Big Tex,2017,,,6,UNITED STATES (USA),TEXAS,MOUNT PLEASANT,"Big Tex Trailer Manufacturing, Inc.",,,,61,Trailer,,,,,16,Utility Trailer,,,20.000,Pipe Trailer,2,,
48,Texas,481494,1,1,1JJV532D*FL******,2024-03-19 01:32:13,0,6,TRAILER,14508,WABASH NATIONAL CORPORATION,12319,WABASH VANS,10942,Dry Van Duraplate,2015,,,6,UNITED STATES (USA),INDIANA,LAFAYETTE,,,,,61,Trailer,,,,,36,Van Trailer,,,53.000,,2,,
48,Texas,481504,2,1,1NNVX532*YM******,2024-03-19 01:32:13,0,6,TRAILER,15472,EVANS PRODUCTS COMPANY,6021,MONON,29523,Monon,2000,,,6,UNITED STATES (USA),INDIANA,MONON,,,,,61,Trailer,,,,,101,Other,,,53.000,Exterior Post,2,3,Tandem
48,Texas,481516,1,1,1JJV532D*LL******,2024-03-19 01:32:13,0,6,TRAILER,14508,WABASH NATIONAL CORPORATION,12319,WABASH VANS,10942,Dry Van Duraplate,2020,,,6,UNITED STATES (USA),INDIANA,LAFAYETTE,,,,,61,Trailer,,,,,36,Van Trailer,,,53.000,,2,,
48,Texas,481516,2,1,1JJV532W*7L******,2024-03-19 01:32:13,0,6,TRAILER,14508,WABASH NATIONAL CORPORATION,4847,WABASH,13327,Wabash National Corporation,2007,,,6,UNITED STATES (USA),INDIANA,LAFAYETTE,,,,,61,Trailer,,,,,36,Van Trailer,,,53.000,,2,,
48,Texas,481519,1,1,40FL0482*F2******,2024-03-19 01:32:13,0,6,TRAILER,15360,TALBERT MANUFACTURING INC.,5932,TALBERT,18136,TALBERT,2015,,,6,UNITED STATES (USA),INDIANA,FRANCESVILLE,,,,,61,Trailer,,,,,,,6,Kingpin,48.000,"Semi-Trailer, Level Deck",2,,
48,Texas,481526,1,1,1UYFS248*GA******,2024-03-19 01:32:13,0,6,TRAILER,10289,UTILITY TRAILER MANUFACTURING COMPANY,10138,UTILITY TRAILER MANUFACTURER,26222,Utility Trailer Manufacturer,2016,,,6,UNITED STATES (USA),ALABAMA,ENTERPRISE,,,,,61,Trailer,,,,,6,Flat Bed Trailer/Platform Trailer,4,Straight Semi/Semi Trailer,48.000,,2,,
48,Texas,481530,1,1,1UYVS248*VU******,2024-03-19 01:32:13,0,6,TRAILER,10289,UTILITY TRAILER MANUFACTURING COMPANY,10138,UTILITY TRAILER MANUFACTURER,26222,Utility Trailer Manufacturer,1997,,,6,UNITED STATES (USA),UTAH,CLEARFIELD,,,,,61,Trailer,,,,,36,Van Trailer,4,Straight Semi/Semi Trailer,48.000,,2,,
48,Texas,481548,2,1,1GRDM062*7H******,2024-03-19 01:32:13,0,6,TRAILER,1073,GREAT DANE TRAILERS,520,GREAT DANE TRAILERS,13436,Great Dane Trailers,2007,,,6,UNITED STATES (USA),TENNESSEE,HUNTSVILLE,,,,,61,Trailer,,,,,61,Drop Deck Trailer,4,Straight Semi/Semi Trailer,6.000,Body Type = Straight Deck/ Extendable,2,,
48,Texas,481550,2,1,48X1F372*M1******,2024-03-19 01:32:13,0,6,TRAILER,10839,"TRAVIS BODY & TRAILER, INC.",3520,"TRAVIS BODY & TRAILER, INC.",7868,"TRAVIS BODY & TRAILER, INC.",2021,,,6,UNITED STATES (USA),TEXAS,HOUSTON,,,,,61,Trailer,,,,,4,Dump Trailer/Dumping Trailer,30,Other,37.000,Tumer ARx43,2,,
48,Texas,481557,2,1,5C2BB38B*7M******,2024-03-19 01:32:13,0,6,TRAILER,15683,"CLEMENT INDUSTRIES, INC.",5405,CLEMENT INDUSTRIES,13961,Clement,2007,,,6,UNITED STATES (USA),LOUISIANA,MINDEN,"Clement Industries, Inc",,,,61,Trailer,,,,,101,Other,4,Straight Semi/Semi Trailer,38.000,Tandem Axle,2,,
48,Texas,481570,2,1,4R7BU162*HT******,2024-03-19 01:32:13,0,6,TRAILER,7387,"TOP HAT INDUSTRIES, INC.",5660,TOP HAT INDUSTRIES,14641,Top Hat Industries,2017,,,6,UNITED STATES (USA),TEXAS,NAPLES,,,,,61,Trailer,,,,,16,Utility Trailer,14,Bumper Pull,16.000,,2,,
48,Texas,481571,1,1,1UYFS248*FA******,2024-03-19 01:32:13,0,6,TRAILER,10289,UTILITY TRAILER MANUFACTURING COMPANY,10138,UTILITY TRAILER MANUFACTURER,26222,Utility Trailer Manufacturer,2015,,,6,UNITED STATES (USA),ALABAMA,ENTERPRISE,,,,,61,Trailer,,,,,6,Flat Bed Trailer/Platform Trailer,4,Straight Semi/Semi Trailer,48.000,,2,,
48,Texas,481590,2,1,1JJV532D*PL******,2024-03-19 01:32:13,0,6,TRAILER,14508,WABASH NATIONAL CORPORATION,12319,WABASH VANS,10942,Dry Van Duraplate,2023,,,6,UNITED STATES (USA),INDIANA,LAFAYETTE,,,,,61,Trailer,,,,,36,Van Trailer,6,Kingpin,53.000,,2,,
48,Texas,481606,2,1,1P9CD382*KN343***,2024-03-19 01:32:13,0,6,TRAILER,8027,PRATT INDUSTRIES (US) LLC,3015,PRATT INDUSTRIES,7027,Pratt Industries,2019,,,6,UNITED STATES (USA),MICHIGAN,NILES,,,,,61,Trailer,,,,,9,Flatbed - Double Drop,,,38.000,Type: Semitrailer,2,,
48,Texas,481617,1,1,5C2BB32B*EM******,2024-03-19 01:32:13,0,6,TRAILER,15683,"CLEMENT INDUSTRIES, INC.",5405,CLEMENT INDUSTRIES,13961,Clement,2014,,,6,UNITED STATES (USA),LOUISIANA,MINDEN,"Clement Industries, Inc",,,,61,Trailer,,,,,101,Other,4,Straight Semi/Semi Trailer,32.000,Tandem Axle,2,,
48,Texas,481624,1,1,1UYVS253*GG******,2024-03-19 01:32:13,0,6,TRAILER,10289,UTILITY TRAILER MANUFACTURING COMPANY,10138,UTILITY TRAILER MANUFACTURER,26222,Utility Trailer Manufacturer,2016,,,6,UNITED STATES (USA),VIRGINIA,GLADE SPRING,,,,,61,Trailer,,,,,36,Van Trailer,4,Straight Semi/Semi Trailer,53.000,,2,,
48,Texas,481638,1,1,1GRDM962*4M******,2024-03-19 01:32:13,0,6,TRAILER,1073,GREAT DANE TRAILERS,520,GREAT DANE TRAILERS,13436,Great Dane Trailers,2004,,,6,UNITED STATES (USA),TENNESSEE,MEMPHIS,,,,,61,Trailer,,,,,61,Drop Deck Trailer,4,Straight Semi/Semi Trailer,96.000,Body Type = Straight Deck/ Extendable,2,,
48,Texas,481639,4,1,1UYVS253*M3******,2024-03-19 01:32:13,0,6,TRAILER,10289,UTILITY TRAILER MANUFACTURING COMPANY,10138,UTILITY TRAILER MANUFACTURER,26222,Utility Trailer Manufacturer,2021,,,6,UNITED STATES (USA),ARKANSAS,PARAGOULD,,,,,61,Trailer,,,,,36,Van Trailer,4,Straight Semi/Semi Trailer,53.000,,2,,
48,Texas,481642,1,1,1JJV532W*6L******,2024-03-19 01:32:13,0,6,TRAILER,14508,WABASH NATIONAL CORPORATION,4847,WABASH,13327,Wabash National Corporation,2006,,,6,UNITED STATES (USA),INDIANA,LAFAYETTE,,,,,61,Trailer,,,,,36,Van Trailer,,,53.000,,2,,
48,Texas,481646,1,1,44ZCS202*LT******,2024-03-19 01:32:13,1,6,TRAILER,18227,C & S TRAILER WORLD,9467,C & S TRAILER WORLD,23730,C & S Trailer World,2020,Special,,6,UNITED STATES (USA),TEXAS,,,,,,61,Trailer,,,,,3,Car Hauler Trailer,,,20.000,,2,,
48,Texas,481651,1,1,1JJV532D*ML******,2024-03-19 01:32:13,0,6,TRAILER,14508,WABASH NATIONAL CORPORATION,12319,WABASH VANS,10942,Dry Van Duraplate,2021,,,6,UNITED STATES (USA),INDIANA,LAFAYETTE,,,,,61,Trailer,,,,,36,Van Trailer,,,53.000,,2,,
48,Texas,481652,2,1,1GRAA062*DB******,2024-03-19 01:32:13,0,6,TRAILER,1073,GREAT DANE TRAILERS,520,GREAT DANE TRAILERS,13436,Great Dane Trailers,2013,,,6,UNITED STATES (USA),INDIANA,BRAZIL,,,,,61,Trailer,,,,,,,4,Straight Semi/Semi Trailer,53.000,Dry Freight Van / Reefer Van / Insulated Van,2,,
48,Texas,481671,1,1,1TTF4820*62******,2024-03-19 01:32:13,0,6,TRAILER,8231,TRANSCRAFT CORPORATION,10511,TRANSCRAFT,28401,Transcraft,2006,,,6,UNITED STATES (USA),KENTUCKY,MOUNT STERLING,,,,,61,Trailer,,,,,6,Flat Bed Trailer/Platform Trailer,6,Kingpin,48.000,Platform,2,,
48,Texas,481709,2,1,4WW4412A*H7******,2024-03-19 01:32:13,0,6,TRAILER,11681,WILSON TRAILER CO.,3855,WILSON TRAILER CO.,8390,Wilson Trailer Co.,2017,,,6,UNITED STATES (USA),SOUTH DAKOTA,LENNOX,,,,Type of suspension: Air Ride,61,Trailer,,,,,101,Other,,,41.000,Grain Trailer,2,,
48,Texas,481748,2,1,56EA54H2*GA******,2024-03-19 01:32:13,0,6,TRAILER,12109,"ARMOR LITE TRAILER MFG, LLC",1161,ARMOR LITE TRAILER,4470,Armor Lite Trailer,2016,,,6,UNITED STATES (USA),MISSOURI,SIKESTON,,,,,61,Trailer,,,,,,,6,Kingpin,38.000,Steel Rectangle Tube Frame,2,,
48,Texas,481777,2,1,1GR1A062*MK******,2024-03-19 01:32:13,0,6,TRAILER,1073,GREAT DANE TRAILERS,520,GREAT DANE TRAILERS,13436,Great Dane Trailers,2021,,,6,UNITED STATES (USA),ILLINOIS,KEWANEE,,,,,61,Trailer,,,,,,,6,Kingpin,53.000,"Semitrailer - dry freight, reefer, or insulated van",2,,
48,Texas,481801,2,1,5HTSA442*L7******,2024-03-19 01:32:13,0,6,TRAILER,5564,"HEIL TRAILER INTERNATIONAL, CO",2365,"HEIL TRAILER INTERNATIONAL, CO.",6142,"Heil Trailer International, Co.",2020,,,6,UNITED STATES (USA),TENNESSEE,ATHENS,,,,,61,Trailer,,,,,15,Tank Trailer,4,Straight Semi/Semi Trailer,44.000,AL 306/406,2,,
48,Texas,481807,1,1,1UYVS248*TU******,2024-03-19 01:32:13,0,6,TRAILER,10289,UTILITY TRAILER MANUFACTURING COMPANY,10138,UTILITY TRAILER MANUFACTURER,26222,Utility Trailer Manufacturer,1996,,,6,UNITED STATES (USA),UTAH,CLEARFIELD,,,,,61,Trailer,,,,,36,Van Trailer,4,Straight Semi/Semi Trailer,48.000,,2,,
48,Texas,481809,1,1,571BE182*LM******,2024-03-19 01:32:13,0,6,TRAILER,8704,LARK UNITED MANUFACTURING INC.,2208,LARK UNITED MANUFACTURING,5996,Lark United Manufacturing,2020,,,6,UNITED STATES (USA),TEXAS,MCGREGOR,,,,,61,Trailer,,,,,5,Enclosed Trailer,1,Ball Type Pull,18.000,,2,,
48,Texas,481812,2,1,1P9CD382*KN343***,2024-03-19 01:32:13,0,6,TRAILER,8027,PRATT INDUSTRIES (US) LLC,3015,PRATT INDUSTRIES,7027,Pratt Industries,2019,,,6,UNITED STATES (USA),MICHIGAN,NILES,,,,,61,Trailer,,,,,9,Flatbed - Double Drop,,,38.000,Type: Semitrailer,2,,
48,Texas,481813,1,1,13N24520*G1******,2024-03-19 01:32:13,0,6,TRAILER,12268,FONTAINE COMMERCIAL PLATFORM,1128,FONTAINE TRAILER CO.,4416,Fontaine Trailer Co.,1986,,,6,UNITED STATES (USA),ALABAMA,HALEYVILLE,,,,,61,Trailer,,,,,6,Flat Bed Trailer/Platform Trailer,,,45.000,Optional Features: none,2,,
48,Texas,481816,2,1,1JJV532W*5L******,2024-03-19 01:32:13,0,6,TRAILER,14508,WABASH NATIONAL CORPORATION,4847,WABASH,13327,Wabash National Corporation,2005,,,6,UNITED STATES (USA),INDIANA,LAFAYETTE,,,,,61,Trailer,,,,,36,Van Trailer,,,53.000,,2,,
48,Texas,481820,2,1,5MADN402*LC******,2024-03-19 01:32:13,0,6,TRAILER,5950,"MAC TRAILER MFG, INC.",6826,MAC TRAILER MANUFACTURING,18288,MAC TRAILER MANUFACTURING,2020,,,6,UNITED STATES (USA),,ALLIANCE,CORPORATE 10,,,,61,Trailer,,,,,4,Dump Trailer/Dumping Trailer,6,Kingpin,40.000,Frameless Body,2,,
48,Texas,481828,1,1,1UYVS257*AP******,2024-03-19 01:32:13,0,6,TRAILER,10289,UTILITY TRAILER MANUFACTURING COMPANY,10138,UTILITY TRAILER MANUFACTURER,26222,Utility Trailer Manufacturer,2010,,,6,UNITED STATES (USA),ARKANSAS,PARAGOULD,,,,,61,Trailer,,,,,36,Van Trailer,4,Straight Semi/Semi Trailer,57.000,,2,,
48,Texas,481833,2,1,1GRAA062*BT******,2024-03-19 01:32:13,0,6,TRAILER,1073,GREAT DANE TRAILERS,520,GREAT DANE TRAILERS,13436,Great Dane Trailers,2011,,,6,UNITED STATES (USA),INDIANA,TERRE HAUTE,,,,Effective 03/01/00,61,Trailer,,,,,36,Van Trailer,4,Straight Semi/Semi Trailer,53.000,Trailer Type = Dry Freight/ Reefer/ Insulated Van,2,,
48,Texas,481843,2,1,1JJV532W*6L******,2024-03-19 01:32:13,0,6,TRAILER,14508,WABASH NATIONAL CORPORATION,4847,WABASH,13327,Wabash National Corporation,2006,,,6,UNITED STATES (USA),INDIANA,LAFAYETTE,,,,,61,Trailer,,,,,36,Van Trailer,,,53.000,,2,,
48,Texas,481845,1,1,1TTF4820*22******,2024-03-19 01:32:13,0,6,TRAILER,8231,TRANSCRAFT CORPORATION,10511,TRANSCRAFT,28401,Transcraft,2002,,,6,UNITED STATES (USA),KENTUCKY,MOUNT STERLING,,,,,61,Trailer,,,,,6,Flat Bed Trailer/Platform Trailer,6,Kingpin,48.000,Platform,2,,
48,Texas,481849,3,1,5EF2DF38*KS******,2024-03-19 01:32:13,0,6,TRAILER,4094,CHEETAH CHASSIS CORPORATION,4029,CHEETAH CHASSIS,8699,CHEETAH CHASSIS,2019,,,6,UNITED STATES (USA),SOUTH CAROLINA,SUMTER,,,,,61,Trailer,,,,,46,Chassis,4,Straight Semi/Semi Trailer,38.000,Drop Frame Chassis,2,,
48,Texas,481853,1,1,1GRAA062*7J******,2024-03-19 01:32:13,0,6,TRAILER,1073,GREAT DANE TRAILERS,520,GREAT DANE TRAILERS,13436,Great Dane Trailers,2007,,,6,UNITED STATES (USA),ARKANSAS,JONESBORO,,,,,61,Trailer,,,,,36,Van Trailer,4,Straight Semi/Semi Trailer,6.000,Trailer Type = Dry Freight/ Reefer/ Insulated Van,2,,
48,Texas,481875,1,1,1GRAM962*KH******,2024-03-19 01:32:13,1,6,TRAILER,1073,GREAT DANE TRAILERS,520,GREAT DANE TRAILERS,13436,Great Dane Trailers,2019,,,6,UNITED STATES (USA),TENNESSEE,HUNTSVILLE,,,,,61,Trailer,,,,,36,Van Trailer,4,Straight Semi/Semi Trailer,48.000,"Semitrailer - Dry Freight Van, Reefer Van, Insulated Van",2,,
48,Texas,481883,1,1,1JJV532W*1L******,2024-03-19 01:32:13,0,6,TRAILER,14508,WABASH NATIONAL CORPORATION,4847,WABASH,13327,Wabash National Corporation,2001,,,6,UNITED STATES (USA),INDIANA,LAFAYETTE,,,,,61,Trailer,,,,,36,Van Trailer,,,53.000,,2,,
48,Texas,481884,4,1,1UNST442*DS******,2024-03-19 01:32:13,0,6,TRAILER,1739,"DRAGON PRODUCTS, LLC",956,DRAGON PRODUCTS,4976,Dragon Products,2013,,,6,UNITED STATES (USA),TEXAS,SILSBEE,,,,,61,Trailer,,,,,15,Tank Trailer,4,Straight Semi/Semi Trailer,44.000,,2,,
48,Texas,481903,2,1,5VNBL122*MT******,2024-03-19 01:32:13,0,6,TRAILER,15894,C&M TRAILERS INC.,5439,C&M TRAILERS INC,14151,C&M Trailers,2021,,,6,UNITED STATES (USA),TEXAS,ENNIS,,,,,61,Trailer,,,,,17,Landscape Trailer,1,Ball Type Pull,12.000,,2,,
48,Texas,481909,2,1,1PMB1422*75******,2024-03-19 01:32:13,0,6,TRAILER,6179,"POLAR TANK TRAILER, LLC",2921,POLAR TANK TRAILER,6874,Polar Tank Trailer,2007,,,6,UNITED STATES (USA),MISSOURI,SPRINGFIELD,,,,,61,Trailer,,,,,15,Tank Trailer,,,42.000,Vessel Code: Non-Code,2,,
48,Texas,481917,1,1,5HTDL452*D7******,2024-03-19 01:32:13,0,6,TRAILER,5564,"HEIL TRAILER INTERNATIONAL, CO",2365,"HEIL TRAILER INTERNATIONAL, CO.",6142,"Heil Trailer International, Co.",2013,,,6,UNITED STATES (USA),TENNESSEE,ATHENS,,,,Body Shape: Round Double Conical,61,Trailer,,,,,15,Tank Trailer,,,45.000,AL 307/407,2,,
48,Texas,481919,2,1,1GRAA062*9S******,2024-03-19 01:32:13,0,6,TRAILER,1073,GREAT DANE TRAILERS,520,GREAT DANE TRAILERS,13436,Great Dane Trailers,2009,,,6,UNITED STATES (USA),GEORGIA,SAVANNAH,,,,,61,Trailer,,,,,36,Van Trailer,4,Straight Semi/Semi Trailer,53.000,Trailer Type = Dry Freight/ Reefer/ Insulated Van,2,,
48,Texas,481932,1,1,4Z411162*XP******,2024-03-19 01:32:13,0,6,TRAILER,3493,CPS TRAILER CO,6277,CPS TRAILER COMPANY,21211,Hopper Trailer,1999,Steel,,6,UNITED STATES (USA),MISSOURI,ORAN,,,,,61,Trailer,,,,,33,Grain Trailer,,,,Over 36 ft,2,,
48,Texas,481947,2,1,1GRAA062*FK******,2024-03-19 01:32:13,0,6,TRAILER,1073,GREAT DANE TRAILERS,520,GREAT DANE TRAILERS,13436,Great Dane Trailers,2015,,,6,UNITED STATES (USA),ILLINOIS,KEWANEE,,,,,61,Trailer,,,,,,,4,Straight Semi/Semi Trailer,53.000,Dry Freight Van / Reefer Van / Insulated Van,2,,
48,Texas,481966,1,1,1UYVS253*HU******,2024-03-19 01:32:13,0,6,TRAILER,10289,UTILITY TRAILER MANUFACTURING COMPANY,10138,UTILITY TRAILER MANUFACTURER,26222,Utility Trailer Manufacturer,2017,,,6,UNITED STATES (USA),UTAH,CLEARFIELD,,,,,61,Trailer,,,,,36,Van Trailer,4,Straight Semi/Semi Trailer,53.000,,2,,
48,Texas,481966,3,1,1JJV532D*JL******,2024-03-19 01:32:13,0,6,TRAILER,14508,WABASH NATIONAL CORPORATION,12319,WABASH VANS,10942,Dry Van Duraplate,2018,,,6,UNITED STATES (USA),INDIANA,LAFAYETTE,,,,,61,Trailer,,,,,36,Van Trailer,,,53.000,,2,,
48,Texas,481966,4,1,1DW1A532*7S******,2024-03-19 01:32:13,1,6,TRAILER,13506,"STOUGHTON TRAILERS, INC.",3414,STOUGHTON TRAILERS,7701,Stoughton trailers,2007,,,6,UNITED STATES (USA),WISCONSIN,STOUGHTON,"Stoughton Trailers, INC",,,,61,Trailer,,,,,36,Van Trailer,4,Straight Semi/Semi Trailer,53.000,,2,,
48,Texas,481973,1,1,1PMS3432*C1******,2024-03-19 01:32:13,0,6,TRAILER,6179,"POLAR TANK TRAILER, LLC",2921,POLAR TANK TRAILER,6874,Polar Tank Trailer,2012,,,6,UNITED STATES (USA),MINNESOTA,OPOLE,,,,,61,Trailer,,,,,15,Tank Trailer,,,43.000,Vessel Code: DOT 407,2,,
48,Texas,481991,1,1,13N14820*F1******,2024-03-19 01:32:13,0,6,TRAILER,12268,FONTAINE COMMERCIAL PLATFORM,1128,FONTAINE TRAILER CO.,4416,Fontaine Trailer Co.,2015,,,6,UNITED STATES (USA),ALABAMA,HALEYVILLE,,,,Optional Features: None,61,Trailer,,,,,6,Flat Bed Trailer/Platform Trailer,,,48.000,,2,,
48,Texas,482002,2,1,1UYVS253*HP******,2024-03-19 01:32:13,0,6,TRAILER,10289,UTILITY TRAILER MANUFACTURING COMPANY,10138,UTILITY TRAILER MANUFACTURER,26222,Utility Trailer Manufacturer,2017,,,6,UNITED STATES (USA),ARKANSAS,PARAGOULD,,,,,61,Trailer,,,,,36,Van Trailer,4,Straight Semi/Semi Trailer,53.000,,2,,
48,Texas,482008,1,1,17YGA402*MB******,2024-03-19 01:32:13,0,6,TRAILER,9060,"AMERITRAIL, INC.",9934,"AMERITRAIL, INC.",25594,"Ameritrail, Inc.",2021,,,6,UNITED STATES (USA),TEXAS,BELLVILLE,,,,,61,Trailer,,,,,160,Cargo Trailer,3,Gooseneck,40.000,Open - General Cargo,2,,
48,Texas,482035,5,1,1UYVS253*HP******,2024-03-19 01:32:13,0,6,TRAILER,10289,UTILITY TRAILER MANUFACTURING COMPANY,10138,UTILITY TRAILER MANUFACTURER,26222,Utility Trailer Manufacturer,2017,,,6,UNITED STATES (USA),ARKANSAS,PARAGOULD,,,,,61,Trailer,,,,,36,Van Trailer,4,Straight Semi/Semi Trailer,53.000,,2,,
48,Texas,482045,1,1,1DW1A532*SS******,2024-03-19 01:32:13,1,6,TRAILER,13506,"STOUGHTON TRAILERS, INC.",3414,STOUGHTON TRAILERS,7701,Stoughton trailers,2025,,,6,UNITED STATES (USA),WISCONSIN,STOUGHTON,"Stoughton Trailers, INC",,,,61,Trailer,,,,,36,Van Trailer,4,Straight Semi/Semi Trailer,53.000,,2,,
48,Texas,482062,1,1,5RVUC242*KP******,2024-03-19 01:32:13,1,6,TRAILER,8916,LAMAR TRAILERS INC.,6413,LAMAR TRAILERS,17669,LAMAR TRAILERS,2019,,,6,UNITED STATES (USA),TEXAS,SUMNER,,,,,61,Trailer,,,,,3,Car Hauler Trailer,14,Bumper Pull,24.000,,2,,
48,Texas,482064,1,1,1S9FD372*1B638***,2024-03-19 01:32:13,0,6,TRAILER,17048,STOVALL EQUIPMENT INC,7406,STOVALL EQUIPMENT INC,19780,Stovall Equipment Inc,2001,,,6,UNITED STATES (USA),TEXAS,TALCO,,,,,61,Trailer,,,,,4,Dump Trailer/Dumping Trailer,5,Fifth Wheel,37.000,,2,,
48,Texas,482085,1,1,48X6F392*F1******,2024-03-19 01:32:13,0,6,TRAILER,10839,"TRAVIS BODY & TRAILER, INC.",3520,"TRAVIS BODY & TRAILER, INC.",7868,"TRAVIS BODY & TRAILER, INC.",2015,,,6,UNITED STATES (USA),TEXAS,HOUSTON,,,,,61,Trailer,,,,,45,Dolly,,,39.000,Tumer ARx43,2,,
48,Texas,482085,2,1,5AXTG402*XR******,2024-03-19 01:32:13,1,6,TRAILER,2002,"ARMOR CHASSIS, LLC",6130,ARMOR CHASSIS,16246,Armor Chassis,1999,,,6,UNITED STATES (USA),SOUTH CAROLINA,RIDGELAND,,,,,61,Trailer,,,,,52,Goose Trailer,,,40.000,,2,,
48,Texas,482103,3,1,5NHUVH62*DY******,2024-03-19 01:32:13,0,6,TRAILER,1084,"FOREST RIVER, INC.",531,FOREST RIVER,2595,Value Hauler,2013,,,6,UNITED STATES (USA),TEXAS,WACO,,,,Address: 8300 Imperial Dr.,,,,,,,16,Utility Trailer,,,16.000,,2,,
48,Texas,482117,2,1,1GRDM962*GH******,2024-03-19 01:32:13,0,6,TRAILER,1073,GREAT DANE TRAILERS,520,GREAT DANE TRAILERS,13436,Great Dane Trailers,2016,,,6,UNITED STATES (USA),TENNESSEE,HUNTSVILLE,,,,,61,Trailer,,,,,,,4,Straight Semi/Semi Trailer,48.000,Platform,2,,
48,Texas,482119,1,1,1GR1P062*LT******,2024-03-19 01:32:13,0,6,TRAILER,1073,GREAT DANE TRAILERS,520,GREAT DANE TRAILERS,13436,Great Dane Trailers,2020,,,6,UNITED STATES (USA),INDIANA,TERRE HAUTE,,,,,61,Trailer,,,,,,,6,Kingpin,53.000,"Semitrailer - dry freight, reefer, or insulated van",2,,
48,Texas,482121,2,1,3H3V532C*DT******,2024-03-19 01:32:13,0,6,TRAILER,14282,"HYUNDAI DE MEXICO, S.A. DE C.V.",4876,HYUNDAI TRANSLEAD TRAILERS,11496,Hyundai Translead Trailers,2013,,,12,MEXICO,BAJA CALIFORNIA,TIJUANA,,,,,61,Trailer,,,,,36,Van Trailer,,,53.000,Material: Aluminum/Steel,2,,
48,Texas,482124,2,1,1GRAA142*FT******,2024-03-19 01:32:13,0,6,TRAILER,1073,GREAT DANE TRAILERS,520,GREAT DANE TRAILERS,13436,Great Dane Trailers,2015,,,6,UNITED STATES (USA),INDIANA,TERRE HAUTE,,,,,61,Trailer,,,,,,,4,Straight Semi/Semi Trailer,57.000,Dry Freight Van / Reefer Van / Insulated Van,2,,
48,Texas,482153,1,1,1UYVS253*GP******,2024-03-19 01:32:13,0,6,TRAILER,10289,UTILITY TRAILER MANUFACTURING COMPANY,10138,UTILITY TRAILER MANUFACTURER,26222,Utility Trailer Manufacturer,2016,,,6,UNITED STATES (USA),ARKANSAS,PARAGOULD,,,,,61,Trailer,,,,,36,Van Trailer,4,Straight Semi/Semi Trailer,53.000,,2,,
48,Texas,482173,1,1,7HACU202*M1******,2024-03-19 01:32:13,0,6,TRAILER,16860,"TEXLINE TRAILERS, LLC",7276,TEXLINE,19599,Texline,2021,,,6,UNITED STATES (USA),TEXAS,SULPHUR SPRINGS,,,,,61,Trailer,,,,,16,Utility Trailer,14,Bumper Pull,20.000,,2,,
48,Texas,482193,4,1,1UYVS253*M2******,2024-03-19 01:32:13,0,6,TRAILER,10289,UTILITY TRAILER MANUFACTURING COMPANY,10138,UTILITY TRAILER MANUFACTURER,26222,Utility Trailer Manufacturer,2021,,,6,UNITED STATES (USA),UTAH,CLEARFIELD,,,,,61,Trailer,,,,,36,Van Trailer,4,Straight Semi/Semi Trailer,53.000,,2,,
48,Texas,482194,3,1,3H3V532C*HT******,2024-03-19 01:32:13,0,6,TRAILER,14282,"HYUNDAI DE MEXICO, S.A. DE C.V.",4876,HYUNDAI TRANSLEAD TRAILERS,11496,Hyundai Translead Trailers,2017,,,12,MEXICO,BAJA CALIFORNIA,TIJUANA,,,,,61,Trailer,,,,,36,Van Trailer,,,53.000,Material: Aluminum/Steel,2,,
48,Texas,482195,2,1,56VBE202*JM******,2024-03-19 01:32:13,0,6,TRAILER,18690,"RC TRAILERS, INC.",9807,"RC TRAILERS, INC.",25184,"RC Trailers, Inc.",2018,,,6,UNITED STATES (USA),INDIANA,MIDDLEBURY,,,,,61,Trailer,,,,,5,Enclosed Trailer,1,Ball Type Pull,20.000,,2,,
48,Texas,482202,1,1,1UYVS257*L3******,2024-03-19 01:32:13,0,6,TRAILER,10289,UTILITY TRAILER MANUFACTURING COMPANY,10138,UTILITY TRAILER MANUFACTURER,26222,Utility Trailer Manufacturer,2020,,,6,UNITED STATES (USA),ARKANSAS,PARAGOULD,,,,,61,Trailer,,,,,36,Van Trailer,4,Straight Semi/Semi Trailer,57.000,,2,,
48,Texas,482202,2,1,3H3V532C*LR******,2024-03-19 01:32:13,0,6,TRAILER,14282,"HYUNDAI DE MEXICO, S.A. DE C.V.",4876,HYUNDAI TRANSLEAD TRAILERS,11496,Hyundai Translead Trailers,2020,,,12,MEXICO,BAJA CALIFORNIA,ROSARITO,,,,,61,Trailer,,,,,36,Van Trailer,,,53.000,Material: Aluminum/Steel,2,,
48,Texas,482202,3,1,1UYVS253*BU******,2024-03-19 01:32:13,0,6,TRAILER,10289,UTILITY TRAILER MANUFACTURING COMPANY,10138,UTILITY TRAILER MANUFACTURER,26222,Utility Trailer Manufacturer,2011,,,6,UNITED STATES (USA),UTAH,CLEARFIELD,,,,,61,Trailer,,,,,36,Van Trailer,4,Straight Semi/Semi Trailer,53.000,,2,,
48,Texas,482203,2,1,1E1H5Y28*YR******,2024-03-19 01:32:13,1,6,TRAILER,5338,EAST MANUFACTURING CORP.,1334,EAST MANUFACTURING CORP.,4686,East Manufacturing Corp,2000,,,6,UNITED STATES (USA),OHIO,RANDOLPH,,,,,61,Trailer,9,"Class 8: 33,001 lb and above (14,969 kg and above)",,,6,Flat Bed Trailer/Platform Trailer,,,48.000,Flat Trailer - Aluminum Frame,2,,
48,Texas,482206,2,1,3E1AAB23*PS******,2024-03-19 01:32:13,0,6,TRAILER,11798,BULK TANK INTERNATIONAL S DE RL DE CV,12518,WABASH TANKS,32628,DOT/TC Specification,2023,406/407/412/331/338/ETM,,12,MEXICO,GUANAJUATO,SAN JOSE ITURBIDE,,,,,61,Trailer,,,,,15,Tank Trailer,4,Straight Semi/Semi Trailer,,Trailer Length (feet): 40-49,,3,Tandem
48,Texas,482241,3,1,1DW1A532*NS******,2024-03-19 01:32:13,0,6,TRAILER,13506,"STOUGHTON TRAILERS, INC.",3414,STOUGHTON TRAILERS,7701,Stoughton trailers,2022,,,6,UNITED STATES (USA),WISCONSIN,STOUGHTON,"Stoughton Trailers, INC",,,,61,Trailer,,,,,36,Van Trailer,4,Straight Semi/Semi Trailer,53.000,,2,,
48,Texas,482253,2,1,1JJV532D*CL******,2024-03-19 01:32:13,0,6,TRAILER,14508,WABASH NATIONAL CORPORATION,12319,WABASH VANS,10942,Dry Van Duraplate,2012,,,6,UNITED STATES (USA),INDIANA,LAFAYETTE,,,,,61,Trailer,,,,,36,Van Trailer,,,53.000,,2,,
48,Texas,482254,2,1,5MC11162*8P******,2024-03-19 01:32:13,1,6,TRAILER,5772,"MANAC TRAILERS USA, INC.",3896,MANAC TRAILERS USA,8528,Manac,2008,Steel,,6,UNITED STATES (USA),MISSOURI,ORAN,"Manac Trailers USA, Inc.",,,,61,Trailer,,,,,33,Grain Trailer,,,,Over 36ft,2,,
48,Texas,482266,1,1,5HTSN423*C5******,2024-03-19 01:32:13,0,6,TRAILER,5564,"HEIL TRAILER INTERNATIONAL, CO",2365,"HEIL TRAILER INTERNATIONAL, CO.",6142,"Heil Trailer International, Co.",2012,,,6,UNITED STATES (USA),TEXAS,RHOME,,,,Body Shape: Jet,61,Trailer,,,,,103,Bulk,,,42.000,Al Pneumatic,3,,
48,Texas,482300,1,1,527SR532*FL******,2024-03-19 01:32:13,0,6,TRAILER,6703,CIMC REEFER TRAILER INC.,1561,"CIMC REEFER TRAILER,INC",4978,"CIMC REEFER TRAILER,INC.",2015,,,6,UNITED STATES (USA),CALIFORNIA,LOS ANGELES,"CIMC Reefer Trailer,Inc",,,,61,Trailer,,,,,36,Van Trailer,4,Straight Semi/Semi Trailer,53.000,Trailer Body Type: Reefer Van Trailer,2,,
48,Texas,482305,1,1,4Z451542*XP******,2024-03-19 01:32:13,0,6,TRAILER,3493,CPS TRAILER CO,6277,CPS TRAILER COMPANY,21206,Van Trailer,1999,Steel,,6,UNITED STATES (USA),MISSOURI,ORAN,,,,,61,Trailer,,,,,32,Open Bed Trailer,,,,29-32ft,2,,
48,Texas,482315,1,1,591SD342*FR******,2024-03-19 01:32:13,0,6,TRAILER,7719,"DRAGON ESP, LTD",1415,DRAGON ESP,4763,Dragon ESP,2015,,,6,UNITED STATES (USA),COLORADO,LAMAR,,,,,61,Trailer,,,,,4,Dump Trailer/Dumping Trailer,4,Straight Semi/Semi Trailer,34.000,,2,,
48,Texas,482316,2,1,1TDH3902*MB******,2024-03-19 01:32:13,0,6,TRAILER,8330,TIMPTE INC.,5331,"TIMPTE, INC",13636,Timpte,2021,,,6,UNITED STATES (USA),NEBRASKA,DAVID CITY,,,,"Seventh VIN position indicates the additional length of the trailer to the nearest inch up to 9 inches. If the additional length is 10 inches or more the seventh character is zero (0) and the sixth character will be increased to the next foot. For example : a 42ft 9in trailer will be represent in VIN position 5, 6 & 7 as ""429"" and a 42ft 10in. trailer will be represented in VIN position 5 , 6 & 7 as ""430"" respectively.",61,Trailer,,,,,174,Dry Bulk Trailer,,,39.000,Bottom Hopper,2,,
48,Texas,482324,3,1,1UYVS253*K3******,2024-03-19 01:32:13,0,6,TRAILER,10289,UTILITY TRAILER MANUFACTURING COMPANY,10138,UTILITY TRAILER MANUFACTURER,26222,Utility Trailer Manufacturer,2019,,,6,UNITED STATES (USA),ARKANSAS,PARAGOULD,,,,,61,Trailer,,,,,36,Van Trailer,4,Straight Semi/Semi Trailer,53.000,,2,,
48,Texas,482327,1,1,1RNF48A2*LR******,2024-03-19 01:32:13,0,6,TRAILER,3579,"REITNOUER, INC.",5594,REITNOUER INC,14493,Reitnouer Inc Trailers,2020,,,6,UNITED STATES (USA),PENNSYLVANIA,READING,,,,,61,Trailer,9,"Class 8: 33,001 lb and above (14,969 kg and above)",,,6,Flat Bed Trailer/Platform Trailer,6,Kingpin,48.000,Airride,2,,
48,Texas,482331,1,1,5MC11162*6P******,2024-03-19 01:32:13,0,6,TRAILER,5772,"MANAC TRAILERS USA, INC.",3896,MANAC TRAILERS USA,8528,Manac,2006,Steel,,6,UNITED STATES (USA),MISSOURI,ORAN,"Manac Trailers USA, Inc.",,,,61,Trailer,,,,,33,Grain Trailer,,,,Over 36ft,2,,
48,Texas,482348,1,1,1JJV532D*CL******,2024-03-19 01:32:13,0,6,TRAILER,14508,WABASH NATIONAL CORPORATION,12319,WABASH VANS,10942,Dry Van Duraplate,2012,,,6,UNITED STATES (USA),INDIANA,LAFAYETTE,,,,,61,Trailer,,,,,36,Van Trailer,,,53.000,,2,,
48,Texas,482351,1,1,1PMKF422*K1******,2024-03-19 01:32:13,0,6,TRAILER,6179,"POLAR TANK TRAILER, LLC",2921,POLAR TANK TRAILER,6874,Polar Tank Trailer,2019,SS 307/407,,6,UNITED STATES (USA),MINNESOTA,OPOLE,,,,,61,Trailer,,,,,15,Tank Trailer,4,Straight Semi/Semi Trailer,42.000,,2,,
48,Texas,482359,1,1,LJRC2826*61******,2024-03-19 01:32:13,1,6,TRAILER,9950,"CIMC VEHICLES GROUP CO., LTD.",4101,CIMC VEHICLES GROUP CO,8811,CIMC VEHICLES GROUP CO,2006,,,8,CHINA,,SHENZHEN,,,,"GVWR = 30,000-34,990kg",61,Trailer,9,"Class 8: 33,001 lb and above (14,969 kg and above)",,,109,Container Chassis/Container Trailer,,,28.000,,2,,
48,Texas,482368,1,1,4R7G0242*1T******,2024-03-19 01:32:13,0,6,TRAILER,7387,"TOP HAT INDUSTRIES, INC.",5660,TOP HAT INDUSTRIES,14641,Top Hat Industries,2001,,,6,UNITED STATES (USA),TEXAS,NAPLES,,,,,61,Trailer,,,,,,,3,Gooseneck,24.000,Trailer Body Type: Over-wheel,2,,
48,Texas,482368,2,1,1UYVS253*6U******,2024-03-19 01:32:13,0,6,TRAILER,10289,UTILITY TRAILER MANUFACTURING COMPANY,10138,UTILITY TRAILER MANUFACTURER,26222,Utility Trailer Manufacturer,2006,,,6,UNITED STATES (USA),UTAH,CLEARFIELD,,,,,61,Trailer,,,,,36,Van Trailer,4,Straight Semi/Semi Trailer,53.000,,2,,
48,Texas,482403,1,1,3H3C412S*WT******,2024-03-19 01:32:13,0,6,TRAILER,14282,"HYUNDAI DE MEXICO, S.A. DE C.V.",4876,HYUNDAI TRANSLEAD TRAILERS,11496,Hyundai Translead Trailers,1998,,,12,MEXICO,BAJA CALIFORNIA,TIJUANA,,,,,61,Trailer,,,,,109,Container Chassis/Container Trailer,,,41.000,Material: Steel,2,,
48,Texas,482405,1,1,4Z411162*VP******,2024-03-19 01:32:13,0,6,TRAILER,3493,CPS TRAILER CO,6277,CPS TRAILER COMPANY,21211,Hopper Trailer,1997,Steel,,6,UNITED STATES (USA),MISSOURI,ORAN,,,,,61,Trailer,,,,,33,Grain Trailer,,,,Over 36 ft,2,,
48,Texas,482423,2,1,1JJV532W*9L******,2024-03-19 01:32:13,0,6,TRAILER,14508,WABASH NATIONAL CORPORATION,4847,WABASH,13327,Wabash National Corporation,2009,,,6,UNITED STATES (USA),INDIANA,LAFAYETTE,,,,,61,Trailer,,,,,36,Van Trailer,,,53.000,,2,,
48,Texas,482427,2,1,1L9GA72A*ML033***,2024-03-19 01:32:13,0,6,TRAILER,2705,"LEDWELL & SON ENTERPRISES, INC.",9834,"LEDWELL & SONS ENTERPRISES, INC.",25224,"Ledwell & Sons Enterprises, Inc.",2021,None,,6,UNITED STATES (USA),TEXAS,TEXARKANA,,,,,61,Trailer,,,,,24,Hydratail,,,,Length: 45'+,2,,
48,Texas,482432,2,1,1MDAKAR1*LA******,2024-03-19 01:32:13,1,6,TRAILER,3805,MIDWEST INDUSTRIES INC,6317,SHORELAND'R,24784,ShoreLand'r,2020,PWC1308/1510,,6,UNITED STATES (USA),IOWA,IDA GROVE,,,,,61,Trailer,,,,,2,Boat Trailer,,,20.000,,1,,
48,Texas,482447,2,1,5HTAB442*57******,2024-03-19 01:32:13,0,6,TRAILER,5564,"HEIL TRAILER INTERNATIONAL, CO",2365,"HEIL TRAILER INTERNATIONAL, CO.",6142,"Heil Trailer International, Co.",2005,,,6,UNITED STATES (USA),TENNESSEE,ATHENS,,,,Body Shape: Straight Elliptical,61,Trailer,,,,,15,Tank Trailer,,,44.000,AL 306/406,2,,
48,Texas,482450,2,1,5RVUC182*GP******,2024-03-19 01:32:13,1,6,TRAILER,8916,LAMAR TRAILERS INC.,6413,LAMAR TRAILERS,17669,LAMAR TRAILERS,2016,,,6,UNITED STATES (USA),TEXAS,SUMNER,,,,,61,Trailer,,,,,3,Car Hauler Trailer,14,Bumper Pull,18.000,,2,,
48,Texas,482454,1,1,3T1L1T62*DC******,2024-03-19 01:32:13,0,6,TRAILER,14248,TRAILERS Y TANQUES DE ALUMINIO S.A. DE C.V.,3353,TRAILERS Y TANQUES DE ALUMINIO S.A. DE C.V.,7581,TRAILERS Y TANQUES DE ALUMINIO S.A. DE C.V.,2013,,,6,UNITED STATES (USA),NUEVO LEON,CADEREYTA JIMENEZ,,,,,61,Trailer,,,,,15,Tank Trailer,6,Kingpin,43.000,,2,,
48,Texas,482457,2,1,3H3V482C*MT******,2024-03-19 01:32:13,0,6,TRAILER,14282,"HYUNDAI DE MEXICO, S.A. DE C.V.",4876,HYUNDAI TRANSLEAD TRAILERS,11496,Hyundai Translead Trailers,2021,,,12,MEXICO,BAJA CALIFORNIA,TIJUANA,,,,Trailer Type: SEMITRAILER,61,Trailer,,,,,36,Van Trailer,6,Kingpin,48.000,Material: ALUMINUM/STEEL,2,,
48,Texas,482463,1,1,1JJV532W*7L******,2024-03-19 01:32:13,0,6,TRAILER,14508,WABASH NATIONAL CORPORATION,4847,WABASH,13327,Wabash National Corporation,2007,,,6,UNITED STATES (USA),INDIANA,LAFAYETTE,,,,,61,Trailer,,,,,36,Van Trailer,,,53.000,,2,,
48,Texas,482463,2,1,1H9PP302*MW648***,2024-03-19 01:32:13,0,6,TRAILER,6564,"TUF-MANUFACTURING, INC.",8828,"TUF-MANUFACTURING, INC.",22927,"Tuf-Manufacturing, Inc.",2021,,,6,UNITED STATES (USA),TENNESSEE,WHITE HOUSE,,,,,61,Trailer,,,,,91,Pole Trailer,2,Pintle Hitch/Hook,30.000,,2,,
48,Texas,482480,2,1,48X1F372*D1******,2024-03-19 01:32:13,0,6,TRAILER,10839,"TRAVIS BODY & TRAILER, INC.",3520,"TRAVIS BODY & TRAILER, INC.",7868,"TRAVIS BODY & TRAILER, INC.",2013,,,6,UNITED STATES (USA),TEXAS,HOUSTON,,,,,61,Trailer,,,,,4,Dump Trailer/Dumping Trailer,30,Other,37.000,Tumer ARx43,2,,
48,Texas,482484,1,1,3H3V532K*PS******,2024-03-19 01:32:13,0,6,TRAILER,14282,"HYUNDAI DE MEXICO, S.A. DE C.V.",4876,HYUNDAI TRANSLEAD TRAILERS,11496,Hyundai Translead Trailers,2023,,,12,MEXICO,BAJA CALIFORNIA,ROSARITO,,,,Body Type: SEMITRAILER,61,Trailer,,,,,36,Van Trailer,6,Kingpin,53.000,,2,,
48,Texas,482490,2,1,3H3V532C*GT******,2024-03-19 01:32:13,0,6,TRAILER,14282,"HYUNDAI DE MEXICO, S.A. DE C.V.",4876,HYUNDAI TRANSLEAD TRAILERS,11496,Hyundai Translead Trailers,2016,,,12,MEXICO,BAJA CALIFORNIA,TIJUANA,,,,,61,Trailer,,,,,36,Van Trailer,,,53.000,Material: Aluminum/Steel,2,,
48,Texas,482500,1,1,49TSB172*J1******,2024-03-19 01:32:13,0,6,TRAILER,3943,"CONTRACT MANUFACTURER, LLC",1871,CONTRACT MANUFACTURER,5360,CONTRACT MANUFACTURER,2018,,,6,UNITED STATES (USA),OKLAHOMA,MADILL,,,,,61,Trailer,,,,,182,Stock Trailer,14,Bumper Pull,17.000,,2,,
48,Texas,482501,1,1,1UYFS248*PA******,2024-03-19 01:32:13,0,6,TRAILER,10289,UTILITY TRAILER MANUFACTURING COMPANY,10138,UTILITY TRAILER MANUFACTURER,26222,Utility Trailer Manufacturer,2023,,,6,UNITED STATES (USA),ALABAMA,ENTERPRISE,,,,,61,Trailer,,,,,6,Flat Bed Trailer/Platform Trailer,4,Straight Semi/Semi Trailer,48.000,,2,,
48,Texas,482519,1,1,11W3C202*4W******,2024-03-19 01:32:13,0,6,TRAILER,17473,"W-W TRAILER MANUFACTURER, INC",3454,W-W,31504,W-W,2004,,,6,UNITED STATES (USA),OKLAHOMA,MADILL,W W Trailer Manufacturing & Sales Inc.,,,,61,Trailer,4,"Class 3: 10,001 - 14,000 lb (4,536 - 6,350 kg)",,,160,Cargo Trailer,,,20.000,,2,,
48,Texas,482520,1,1,3H3V532C*LT******,2024-03-19 01:32:13,0,6,TRAILER,14282,"HYUNDAI DE MEXICO, S.A. DE C.V.",4876,HYUNDAI TRANSLEAD TRAILERS,11496,Hyundai Translead Trailers,2020,,,12,MEXICO,BAJA CALIFORNIA,TIJUANA,,,,,61,Trailer,,,,,36,Van Trailer,,,53.000,Material: Aluminum/Steel,2,,
48,Texas,482521,3,1,1D9BG482*51208***,2024-03-19 01:32:13,0,6,TRAILER,11391,"DOONAN SPECIALIZED TRAILER, LLC",1335,DOONAN SPECIALIZED TRAILER,21323,Drop Deck,2005,,,6,UNITED STATES (USA),KANSAS,GREAT BEND,,,,,61,Trailer,,,,,6,Flat Bed Trailer/Platform Trailer,,,48.000,,2,,
48,Texas,482529,2,1,1D9BG533*G1609***,2024-03-19 01:32:13,0,6,TRAILER,11391,"DOONAN SPECIALIZED TRAILER, LLC",1335,DOONAN SPECIALIZED TRAILER,4689,Doonan Specialized Trailer,2016,,,6,UNITED STATES (USA),KANSAS,GREAT BEND,,,,,61,Trailer,,,,,61,Drop Deck Trailer,,,,Platform,3,,
48,Texas,482551,2,1,LJRC4126*71******,2024-03-19 01:32:13,0,6,TRAILER,9950,"CIMC VEHICLES GROUP CO., LTD.",4101,CIMC VEHICLES GROUP CO,8811,CIMC VEHICLES GROUP CO,2007,,,8,CHINA,,SHENZHEN,,,,"GVWR = 30,000-34,990kg",61,Trailer,9,"Class 8: 33,001 lb and above (14,969 kg and above)",,,109,Container Chassis/Container Trailer,,,41.000,,2,,
48,Texas,482552,4,1,3H3V532C*LR******,2024-03-19 01:32:13,0,6,TRAILER,14282,"HYUNDAI DE MEXICO, S.A. DE C.V.",4876,HYUNDAI TRANSLEAD TRAILERS,11496,Hyundai Translead Trailers,2020,,,12,MEXICO,BAJA CALIFORNIA,ROSARITO,,,,,61,Trailer,,,,,36,Van Trailer,,,53.000,Material: Aluminum/Steel,2,,
48,Texas,482554,2,1,3M9KS402*LL084***,2024-03-19 01:32:13,0,6,TRAILER,15203,MAXXIM INDUSTRIES S.A. DE C.V.,9593,MAXXIM INDUSTRIES,23998,Maxxim Industries,2020,,,12,MEXICO,CHIHUAHUA,CUAUHTEMOC,,,,,61,Trailer,,,,,180,Hopper,6,Kingpin,40.000,Sand Hopper Trailer,2,,
48,Texas,482558,1,1,1GRAA062*GB******,2024-03-19 01:32:13,0,6,TRAILER,1073,GREAT DANE TRAILERS,520,GREAT DANE TRAILERS,13436,Great Dane Trailers,2016,,,6,UNITED STATES (USA),INDIANA,BRAZIL,,,,,61,Trailer,,,,,,,4,Straight Semi/Semi Trailer,53.000,Dry Freight Van / Reefer Van / Insulated Van,2,,
48,Texas,482558,2,1,1JJV532D*GL******,2024-03-19 01:32:13,0,6,TRAILER,14508,WABASH NATIONAL CORPORATION,12319,WABASH VANS,10942,Dry Van Duraplate,2016,,,6,UNITED STATES (USA),INDIANA,LAFAYETTE,,,,,61,Trailer,,,,,36,Van Trailer,,,53.000,,2,,
48,Texas,482601,1,1,3K9AM382*HC003***,2024-03-19 01:32:13,0,6,TRAILER,7364,KATHARINA LOEWEN LOEWEN DBA TALLER FEHR,2021,KATHARINA LOEWEN DBA TALLER FEHR,5766,Katharina Loewwen dba Taller Fehr,2017,,,12,MEXICO,CHIHUAHUA,CUAUHTEMOC,,,,,61,Trailer,,,,,,,5,Fifth Wheel,38.000,Body Type - Silage Trailer (semi-trailer),2,,
48,Texas,482603,1,1,1UYVS253*8P******,2024-03-19 01:32:13,0,6,TRAILER,10289,UTILITY TRAILER MANUFACTURING COMPANY,10138,UTILITY TRAILER MANUFACTURER,26222,Utility Trailer Manufacturer,2008,,,6,UNITED STATES (USA),ARKANSAS,PARAGOULD,,,,,61,Trailer,,,,,36,Van Trailer,4,Straight Semi/Semi Trailer,53.000,,2,,
48,Texas,482614,1,1,3H3V532C*KT******,2024-03-19 01:32:13,0,6,TRAILER,14282,"HYUNDAI DE MEXICO, S.A. DE C.V.",4876,HYUNDAI TRANSLEAD TRAILERS,11496,Hyundai Translead Trailers,2019,,,12,MEXICO,BAJA CALIFORNIA,TIJUANA,,,,,61,Trailer,,,,,36,Van Trailer,,,53.000,Material: Aluminum/Steel,2,,
48,Texas,482618,1,1,1JJV532D*GL******,2024-03-19 01:32:13,0,6,TRAILER,14508,WABASH NATIONAL CORPORATION,12319,WABASH VANS,10942,Dry Van Duraplate,2016,,,6,UNITED STATES (USA),INDIANA,LAFAYETTE,,,,,61,Trailer,,,,,36,Van Trailer,,,53.000,,2,,
48,Texas,482640,1,1,1E1H5Z28*NR******,2024-03-19 01:32:13,0,6,TRAILER,5338,EAST MANUFACTURING CORP.,1334,EAST MANUFACTURING CORP.,4686,East Manufacturing Corp,2022,,,6,UNITED STATES (USA),OHIO,RANDOLPH,,,,,61,Trailer,9,"Class 8: 33,001 lb and above (14,969 kg and above)",,,6,Flat Bed Trailer/Platform Trailer,,,,Trailer Length 48 and above,2,,
48,Texas,482640,2,1,1G9ST422*KH015***,2024-03-19 01:32:13,0,6,TRAILER,13998,GALYEAN EQUIPMENT CO.,4726,GALYEAN EQUIPMENT CO.,9991,Galyean Equipment Co.,2019,,,6,UNITED STATES (USA),TEXAS,HENDERSON,,,,,61,Trailer,,,,,15,Tank Trailer,4,Straight Semi/Semi Trailer,42.000,,2,,
48,Texas,482644,1,1,1UYVS253*P6******,2024-03-19 01:32:13,0,6,TRAILER,10289,UTILITY TRAILER MANUFACTURING COMPANY,10138,UTILITY TRAILER MANUFACTURER,26222,Utility Trailer Manufacturer,2023,,,6,UNITED STATES (USA),VIRGINIA,MARION,,,,,61,Trailer,,,,,36,Van Trailer,4,Straight Semi/Semi Trailer,53.000,,2,,
48,Texas,482647,1,1,1UNST422*KS******,2024-03-19 01:32:13,0,6,TRAILER,1739,"DRAGON PRODUCTS, LLC",1415,DRAGON ESP,4763,Dragon ESP,2019,,,6,UNITED STATES (USA),TEXAS,SILSBEE,,,,,61,Trailer,,,,,15,Tank Trailer,4,Straight Semi/Semi Trailer,42.000,,2,,
48,Texas,482653,1,1,3H3V532C*KR******,2024-03-19 01:32:13,0,6,TRAILER,14282,"HYUNDAI DE MEXICO, S.A. DE C.V.",4876,HYUNDAI TRANSLEAD TRAILERS,11496,Hyundai Translead Trailers,2019,,,12,MEXICO,BAJA CALIFORNIA,ROSARITO,,,,,61,Trailer,,,,,36,Van Trailer,,,53.000,Material: Aluminum/Steel,2,,
48,Texas,482655,2,1,1UYVS253*6U******,2024-03-19 01:32:13,0,6,TRAILER,10289,UTILITY TRAILER MANUFACTURING COMPANY,10138,UTILITY TRAILER MANUFACTURER,26222,Utility Trailer Manufacturer,2006,,,6,UNITED STATES (USA),UTAH,CLEARFIELD,,,,,61,Trailer,,,,,36,Van Trailer,4,Straight Semi/Semi Trailer,53.000,,2,,
48,Texas,482661,2,1,1JJV532W*3L******,2024-03-19 01:32:13,0,6,TRAILER,14508,WABASH NATIONAL CORPORATION,4847,WABASH,13327,Wabash National Corporation,2003,,,6,UNITED STATES (USA),INDIANA,LAFAYETTE,,,,,61,Trailer,,,,,36,Van Trailer,,,53.000,,2,,
48,Texas,482686,3,1,1A9PA482*ED503***,2024-03-19 01:32:13,0,6,TRAILER,17223,CRYOGENIC INDUSTRIAL SOLUTIONS LLC,7781,ALLOY CUSTOM PRODUCTS,20846,Alloy Custom Products,2014,,,6,UNITED STATES (USA),,DELPHI,,,,,61,Trailer,,,,,15,Tank Trailer,,,48.000,Cryogenic Trailer,2,,
48,Texas,482700,3,1,527SR532*NL******,2024-03-19 01:32:13,0,6,TRAILER,6703,CIMC REEFER TRAILER INC.,1561,"CIMC REEFER TRAILER,INC",4978,"CIMC REEFER TRAILER,INC.",2022,,,6,UNITED STATES (USA),CALIFORNIA,LOS ANGELES,"CIMC Reefer Trailer,Inc",,,,61,Trailer,,,,,36,Van Trailer,4,Straight Semi/Semi Trailer,53.000,Trailer Body Type: Reefer Van Trailer,2,,
48,Texas,482712,1,1,1RNF48A2*7R******,2024-03-19 01:32:13,0,6,TRAILER,3579,"REITNOUER, INC.",5594,REITNOUER INC,14493,Reitnouer Inc Trailers,2007,,,6,UNITED STATES (USA),PENNSYLVANIA,READING,,,,,61,Trailer,9,"Class 8: 33,001 lb and above (14,969 kg and above)",,,6,Flat Bed Trailer/Platform Trailer,6,Kingpin,48.000,Airride,2,,
48,Texas,482732,2,1,5MAMN532*PW******,2024-03-19 01:32:13,0,6,TRAILER,5950,"MAC TRAILER MFG, INC.",6826,MAC TRAILER MANUFACTURING,18288,MAC TRAILER MANUFACTURING,2023,,,6,UNITED STATES (USA),OHIO,ALLIANCE,Main Street,,,,61,Trailer,,,,,141,Transfer Trailer,6,Kingpin,53.000,REFUSE TRAILERS (MOVER OR TIPPER STYLE),2,,
48,Texas,482745,1,1,5SFCG453*KE******,2024-03-19 01:32:13,0,6,TRAILER,10254,"HEARTLAND RECREATIONAL VEHICLES, LLC",2270,HEARTLAND RV,18322,"Cyclone,Gravity, Fuel, Road Warrior & Torque",2019,,,6,UNITED STATES (USA),INDIANA,ELKHART,,,,Reporting Name:Cyclone,61,Trailer,,,,,26,Fifth Wheel,5,Fifth Wheel,45.000,,3,,
48,Texas,482770,2,1,1GRLA962*MB******,2024-03-19 01:32:13,1,6,TRAILER,1073,GREAT DANE TRAILERS,520,GREAT DANE TRAILERS,13436,Great Dane Trailers,1991,,,6,UNITED STATES (USA),INDIANA,BRAZIL,,,,,61,Trailer,,,,,11,Lowboy/Low bed Trailer,4,Straight Semi/Semi Trailer,96.000,Trailer Type = Low Boy/ Pulpwood Transport,2,,
48,Texas,482772,1,1,40FJ0293*W1******,2024-03-19 01:32:13,0,6,TRAILER,15360,TALBERT MANUFACTURING INC.,5932,TALBERT,18136,TALBERT,1998,,,6,UNITED STATES (USA),INDIANA,RENSSELAER,,,,,61,Trailer,,,,,45,Dolly,6,Kingpin,29.000,Open deck,3,,
48,Texas,482800,3,1,7NR1F202*LF******,2024-03-19 01:32:13,0,6,TRAILER,20129,JUST TRAILERS LLC,10641,TRAILERS BY PREMIER,27988,Trailers by Premier,2020,,,6,UNITED STATES (USA),KENTUCKY,FULTON,,,,,61,Trailer,,,,,6,Flat Bed Trailer/Platform Trailer,31,Ball Hitch,20.000,,2,,
48,Texas,482801,2,1,1GRDM962*8H******,2024-03-19 01:32:13,0,6,TRAILER,1073,GREAT DANE TRAILERS,520,GREAT DANE TRAILERS,13436,Great Dane Trailers,2008,,,6,UNITED STATES (USA),TENNESSEE,HUNTSVILLE,,,,Effective 04/01/05,61,Trailer,,,,,6,Flat Bed Trailer/Platform Trailer,4,Straight Semi/Semi Trailer,48.000,Body Type = Straight Deck/ Extendable,2,,
48,Texas,482802,1,1,1GRAP062*HJ******,2024-03-19 01:32:13,0,6,TRAILER,1073,GREAT DANE TRAILERS,520,GREAT DANE TRAILERS,13436,Great Dane Trailers,2017,,,6,UNITED STATES (USA),ARKANSAS,JONESBORO,,,,"Jacksonville Florida (ended 02/1988); Jonesboro, Arkansas (effective 09/03/02)",61,Trailer,,,,,,,4,Straight Semi/Semi Trailer,53.000,Dry Freight Van / Reefer Van / Insulated Van,2,,
48,Texas,482811,2,1,527SR532*DM******,2024-03-19 01:32:13,0,6,TRAILER,6703,CIMC REEFER TRAILER INC.,1561,"CIMC REEFER TRAILER,INC",4978,"CIMC REEFER TRAILER,INC.",2013,,,6,UNITED STATES (USA),INDIANA,MONON,"CIMC Reefer Trailer,Inc",,,,61,Trailer,,,,,36,Van Trailer,4,Straight Semi/Semi Trailer,53.000,Trailer Body Type: Reefer Van Trailer,2,,
48,Texas,482823,2,1,1L9GA72A*DL033***,2024-03-19 01:32:13,0,6,TRAILER,2705,"LEDWELL & SON ENTERPRISES, INC.",9834,"LEDWELL & SONS ENTERPRISES, INC.",25224,"Ledwell & Sons Enterprises, Inc.",2013,None,,6,UNITED STATES (USA),TEXAS,TEXARKANA,,,,,61,Trailer,,,,,24,Hydratail,,,,Length: 45'+,2,,
48,Texas,482841,4,1,1JJV342D*NL******,2024-03-19 01:32:13,0,6,TRAILER,14508,WABASH NATIONAL CORPORATION,12319,WABASH VANS,10942,Dry Van Duraplate,2022,,,6,UNITED STATES (USA),INDIANA,LAFAYETTE,,,,,61,Trailer,,,,,36,Van Trailer,6,Kingpin,34.000,,2,,
48,Texas,482881,3,1,3H3V532C*GT******,2024-03-19 01:32:13,0,6,TRAILER,14282,"HYUNDAI DE MEXICO, S.A. DE C.V.",4876,HYUNDAI TRANSLEAD TRAILERS,11496,Hyundai Translead Trailers,2016,,,12,MEXICO,BAJA CALIFORNIA,TIJUANA,,,,,61,Trailer,,,,,36,Van Trailer,,,53.000,Material: Aluminum/Steel,2,,
48,Texas,482894,2,1,1UYVS253*M3******,2024-03-19 01:32:13,0,6,TRAILER,10289,UTILITY TRAILER MANUFACTURING COMPANY,10138,UTILITY TRAILER MANUFACTURER,26222,Utility Trailer Manufacturer,2021,,,6,UNITED STATES (USA),ARKANSAS,PARAGOULD,,,,,61,Trailer,,,,,36,Van Trailer,4,Straight Semi/Semi Trailer,53.000,,2,,
48,Texas,482906,3,1,5V8VA532*GM******,2024-03-19 01:32:13,0,6,TRAILER,16522,VANGUARD NATIONAL TRAILER CORPORTATION,6474,VANGUARD NATIONAL TRAILER CORPORATION (VNTC),17782,VANGUARD NATIONAL TRAILER CORPORATION (VNTC),2016,,,6,UNITED STATES (USA),INDIANA,MONON,,,,,61,Trailer,,,,,186,Dry Freight,6,Kingpin,53.000,"Interior Post Aluminum Sheet Trailer (VIP, MaxCube)",,3,Tandem
48,Texas,482921,2,1,1W1ZAF1A*8A******,2024-03-19 01:32:13,0,6,TRAILER,11681,WILSON TRAILER CO.,3855,WILSON TRAILER CO.,8390,Wilson Trailer Co.,2008,RIDGE STRAPS - ROLL TARP,,6,UNITED STATES (USA),IOWA,SIOUX CITY,PLANT 2,,,,61,Trailer,,,,,33,Grain Trailer,,,43.000,Type of Trailer: DOUBLE WALL BELT TRAILER (DWBT),2,,
48,Texas,482932,2,1,1L9AE32B*SL033***,2024-03-19 01:32:13,0,6,TRAILER,2705,"LEDWELL & SON ENTERPRISES, INC.",9834,"LEDWELL & SONS ENTERPRISES, INC.",25224,"Ledwell & Sons Enterprises, Inc.",2025,Drag Chain,,6,UNITED STATES (USA),TEXAS,TEXARKANA,,,,,61,Trailer,,,,,,,,,,Type of Vehicle: Drag Chain,2,,
48,Texas,482935,1,1,1JJV532W*9L******,2024-03-19 01:32:13,0,6,TRAILER,14508,WABASH NATIONAL CORPORATION,4847,WABASH,13327,Wabash National Corporation,2009,,,6,UNITED STATES (USA),INDIANA,LAFAYETTE,,,,,61,Trailer,,,,,36,Van Trailer,,,53.000,,2,,
48,Texas,482948,2,1,1JJV532D*EL******,2024-03-19 01:32:13,0,6,TRAILER,14508,WABASH NATIONAL CORPORATION,12319,WABASH VANS,10942,Dry Van Duraplate,2014,,,6,UNITED STATES (USA),INDIANA,LAFAYETTE,,,,,61,Trailer,,,,,36,Van Trailer,,,53.000,,2,,
48,Texas,482998,1,1,1W9TB432*BM257***,2024-03-19 01:32:13,0,6,TRAILER,1369,WILCO MACHINE & FAB INC.,6103,WILCO MACHINE & FAB INC.,16209,WILCO MACHINE & FAB INC.,2011,,,6,UNITED STATES (USA),OKLAHOMA,MARLOW,,,,,61,Trailer,,,,,,,,,43.000,Non-Code Tank Trailer,2,,
48,Texas,483005,1,1,1UYVS253*DM******,2024-03-19 01:32:13,0,6,TRAILER,10289,UTILITY TRAILER MANUFACTURING COMPANY,10138,UTILITY TRAILER MANUFACTURER,26222,Utility Trailer Manufacturer,2013,,,6,UNITED STATES (USA),VIRGINIA,MARION,,,,,61,Trailer,,,,,36,Van Trailer,4,Straight Semi/Semi Trailer,53.000,,2,,
48,Texas,483005,2,1,13N2532C*C1******,2024-03-19 01:32:13,0,6,TRAILER,12268,FONTAINE COMMERCIAL PLATFORM,1128,FONTAINE TRAILER CO.,4416,Fontaine Trailer Co.,2012,,,6,UNITED STATES (USA),ALABAMA,HALEYVILLE,,,,Optional Features: Sliding Suspension,61,Trailer,,,,,61,Drop Deck Trailer,,,53.000,,2,,
48,Texas,483005,3,1,1UYVS253*AU******,2024-03-19 01:32:13,0,6,TRAILER,10289,UTILITY TRAILER MANUFACTURING COMPANY,10138,UTILITY TRAILER MANUFACTURER,26222,Utility Trailer Manufacturer,2010,,,6,UNITED STATES (USA),UTAH,CLEARFIELD,,,,,61,Trailer,,,,,36,Van Trailer,4,Straight Semi/Semi Trailer,53.000,,2,,
48,Texas,483008,3,1,1GRAA062*6J******,2024-03-19 01:32:13,0,6,TRAILER,1073,GREAT DANE TRAILERS,520,GREAT DANE TRAILERS,13436,Great Dane Trailers,2006,,,6,UNITED STATES (USA),ARKANSAS,JONESBORO,,,,,61,Trailer,,,,,36,Van Trailer,4,Straight Semi/Semi Trailer,6.000,Trailer Type = Dry Freight/ Reefer/ Insulated Van,2,,
48,Texas,483030,2,1,1UNST442*FS******,2024-03-19 01:32:13,0,6,TRAILER,1739,"DRAGON PRODUCTS, LLC",956,DRAGON PRODUCTS,4976,Dragon Products,2015,,,6,UNITED STATES (USA),TEXAS,SILSBEE,,,,,61,Trailer,,,,,15,Tank Trailer,4,Straight Semi/Semi Trailer,44.000,,2,,
48,Texas,483031,1,1,3H3C532K*PJ******,2024-03-19 01:32:13,0,6,TRAILER,14282,"HYUNDAI DE MEXICO, S.A. DE C.V.",4876,HYUNDAI TRANSLEAD TRAILERS,11496,Hyundai Translead Trailers,2023,,,12,MEXICO,BAJA CALIFORNIA,TIJUANA,,,,Body Type: SEMITRAILER,61,Trailer,,,,,109,Container Chassis/Container Trailer,6,Kingpin,53.000,,2,,
48,Texas,483039,2,1,4R7BU182*HT******,2024-03-19 01:32:13,0,6,TRAILER,7387,"TOP HAT INDUSTRIES, INC.",5660,TOP HAT INDUSTRIES,14641,Top Hat Industries,2017,,,6,UNITED STATES (USA),TEXAS,NAPLES,,,,,61,Trailer,,,,,16,Utility Trailer,14,Bumper Pull,18.000,,2,,
48,Texas,483045,2,1,2M592161*M1******,2024-03-19 01:32:13,0,6,TRAILER,5771,THE CANAM MANAC GROUP INC,7933,MANAC,21215,Manac Trailer,2021,,,1,CANADA,QUEBEC,ST. GEORGES,,,,,61,Trailer,,,,,36,Van Trailer,,,161.000,Trailer Length in decimeters,2,,
48,Texas,483064,1,1,3H3V532C*6T******,2024-03-19 01:32:13,0,6,TRAILER,14282,"HYUNDAI DE MEXICO, S.A. DE C.V.",4876,HYUNDAI TRANSLEAD TRAILERS,11496,Hyundai Translead Trailers,2006,,,12,MEXICO,BAJA CALIFORNIA,TIJUANA,,,,,61,Trailer,,,,,36,Van Trailer,,,53.000,Material: Aluminum/Steel,2,,
48,Texas,483066,2,1,1PLE0532*JP******,2024-03-19 01:32:13,0,6,TRAILER,18041,PEERLESS CORPORATION,9288,PEERLESS,23523,Peerless,2018,,,6,UNITED STATES (USA),ARKANSAS,PARAGOULD,,,,,61,Trailer,,,,,34,Chipper Trailer,,,53.000,,2,,
48,Texas,483067,2,1,16VEX202*F2******,2024-03-19 01:32:13,0,6,TRAILER,9132,"BIG TEX TRAILER MANUFACTURING, LLC",1136,BIG TEX,5625,Big Tex,2015,,,6,UNITED STATES (USA),TEXAS,MOUNT PLEASANT,"Big Tex Trailer Manufacturing, Inc.",,,,61,Trailer,,,,,16,Utility Trailer,,,20.000,Equipment Trailer,2,,
48,Texas,483068,1,1,5WSABB23*KN******,2024-03-19 01:32:13,0,6,TRAILER,10142,WALKER STAINLESS EQUIPMENT CO,6978,WALKER,32634,NON-DOT/TC Spec,2019,3A/Foodgrade/Water/Fertilizer/Septic/Dry Bulk/Etc.,,6,UNITED STATES (USA),WISCONSIN,NEW LISBON,,,,,61,Trailer,,,,,15,Tank Trailer,4,Straight Semi/Semi Trailer,,Length of Trailer: 40-49 feet,2,,
48,Texas,483084,2,1,16VPX142*62******,2024-03-19 01:32:13,0,6,TRAILER,9132,"BIG TEX TRAILER MANUFACTURING, LLC",1136,BIG TEX,5625,Big Tex,2006,,,6,UNITED STATES (USA),TEXAS,MOUNT PLEASANT,"Big Tex Trailer Manufacturing, Inc.",,,,61,Trailer,,,,,16,Utility Trailer,,,14.000,,2,,
48,Texas,483093,1,1,1JJV532D*EL******,2024-03-19 01:32:13,0,6,TRAILER,14508,WABASH NATIONAL CORPORATION,12319,WABASH VANS,10942,Dry Van Duraplate,2014,,,6,UNITED STATES (USA),INDIANA,LAFAYETTE,,,,,61,Trailer,,,,,36,Van Trailer,,,53.000,,2,,
48,Texas,483094,1,1,1A911AB2*L1005***,2024-03-19 01:32:13,0,6,TRAILER,5054,CLEAN HARBORS ENVIRONMENTAL SERVICES INC,6181,ACRO TRAILER COMPANY,16451,Acro Trailer Company,2020,,,6,UNITED STATES (USA),MONTANA,SPRINGFIELD,,,,,61,Trailer,,,,,15,Tank Trailer,,,35.000,Type of Trailer: DOT 412,2,,
48,Texas,483142,1,1,5E0AC144*6G******,2024-03-19 01:32:13,0,6,TRAILER,20895,"COTTRELL, INC.",12482,COTTRELL,32568,"C-10, C-11, C-12, C-14, C-5008, C-5307, C-5309, C-7510, C-7512, C-8ENC, CS-12, CS-5304, CS-6SD, CS-8504, CX-5304, CX-6, CX-7, EZ-5307, 31M",2006,,,6,UNITED STATES (USA),GEORGIA,GAINESVILLE,,,,,61,Trailer,,,,,3,Car Hauler Trailer,5,Fifth Wheel,,Trailer Length (feet): 44-46,2,3,Tandem
48,Texas,483142,2,1,1K91A342*SF023***,2024-03-19 01:32:13,0,6,TRAILER,2333,KENT TRUCK-TRAILER SERVICE INC.,5062,KENT TRAILERS,12454,Kent Trailers,2025,,,6,UNITED STATES (USA),,FLUKER,,,,,61,Trailer,,,,,91,Pole Trailer,,,34.000,Body Type: Offset Pole,2,,
48,Texas,483142,3,1,4R7GU242*KT******,2024-03-19 01:32:13,0,6,TRAILER,7387,"TOP HAT INDUSTRIES, INC.",5660,TOP HAT INDUSTRIES,14641,Top Hat Industries,2019,,,6,UNITED STATES (USA),TEXAS,NAPLES,,,,,61,Trailer,,,,,16,Utility Trailer,3,Gooseneck,24.000,,2,,
48,Texas,483143,2,1,1JJV532W*3L******,2024-03-19 01:32:13,0,6,TRAILER,14508,WABASH NATIONAL CORPORATION,4847,WABASH,13327,Wabash National Corporation,2003,,,6,UNITED STATES (USA),INDIANA,LAFAYETTE,,,,,61,Trailer,,,,,36,Van Trailer,,,53.000,,2,,
48,Texas,483155,1,1,1UYVS253*L2******,2024-03-19 01:32:13,0,6,TRAILER,10289,UTILITY TRAILER MANUFACTURING COMPANY,10138,UTILITY TRAILER MANUFACTURER,26222,Utility Trailer Manufacturer,2020,,,6,UNITED STATES (USA),UTAH,CLEARFIELD,,,,,61,Trailer,,,,,36,Van Trailer,4,Straight Semi/Semi Trailer,53.000,,2,,
48,Texas,483155,2,1,1UYVS253*J7******,2024-03-19 01:32:13,0,6,TRAILER,10289,UTILITY TRAILER MANUFACTURING COMPANY,10138,UTILITY TRAILER MANUFACTURER,26222,Utility Trailer Manufacturer,2018,,,6,UNITED STATES (USA),VIRGINIA,GLADE SPRING,,,,,61,Trailer,,,,,36,Van Trailer,4,Straight Semi/Semi Trailer,53.000,,2,,
48,Texas,483162,2,1,1M91H432*KA211***,2024-03-19 01:32:13,0,6,TRAILER,8901,"MERTZ MANUFACTURING, INC.",2354,MERTZ MANUFACTURING,6130,"Mertz Manufacturing, LLC",2019,,,6,UNITED STATES (USA),OKLAHOMA,PONCA CITY,"Mertz Manufacturing, LLC",,,,61,Trailer,,,,,129,Custom Trailer,30,Other,43.000,Trailer Type - Energy Industries Equipment,2,,
48,Texas,483173,2,1,1JJV532W*9L******,2024-03-19 01:32:13,0,6,TRAILER,14508,WABASH NATIONAL CORPORATION,4847,WABASH,13327,Wabash National Corporation,2009,,,6,UNITED STATES (USA),INDIANA,LAFAYETTE,,,,,61,Trailer,,,,,36,Van Trailer,,,53.000,,2,,
48,Texas,483189,3,1,48X1F372*J1******,2024-03-19 01:32:13,0,6,TRAILER,10839,"TRAVIS BODY & TRAILER, INC.",3520,"TRAVIS BODY & TRAILER, INC.",7868,"TRAVIS BODY & TRAILER, INC.",2018,,,6,UNITED STATES (USA),TEXAS,HOUSTON,,,,,61,Trailer,,,,,4,Dump Trailer/Dumping Trailer,30,Other,37.000,Tumer ARx43,2,,
48,Texas,483206,1,1,1DW1A532*PS******,2024-03-19 01:32:13,0,6,TRAILER,13506,"STOUGHTON TRAILERS, INC.",3414,STOUGHTON TRAILERS,7701,Stoughton trailers,2023,,,6,UNITED STATES (USA),WISCONSIN,STOUGHTON,"Stoughton Trailers, INC",,,,61,Trailer,,,,,36,Van Trailer,4,Straight Semi/Semi Trailer,53.000,,2,,
48,Texas,483215,2,1,575GB242*JT******,2024-03-19 01:32:13,0,6,TRAILER,16014,"UNIVERSAL TRAILER CARGO GROUP, INC.",6061,HAULMARK,15856,Haulmark Trailer,2018,,,6,UNITED STATES (USA),TEXAS,WACO,,,,,61,Trailer,,,,,101,Other,30,Other,24.000,Enclosed or Flatbed Trailer,2,,
48,Texas,483215,3,1,3H3V532C*MR******,2024-03-19 01:32:13,0,6,TRAILER,14282,"HYUNDAI DE MEXICO, S.A. DE C.V.",4876,HYUNDAI TRANSLEAD TRAILERS,11496,Hyundai Translead Trailers,2021,,,12,MEXICO,BAJA CALIFORNIA,ROSARITO,,,,Trailer Type: SEMITRAILER,61,Trailer,,,,,36,Van Trailer,6,Kingpin,53.000,Material: ALUMINUM/STEEL,2,,
48,Texas,483216,3,1,1JJV532D*GL******,2024-03-19 01:32:13,0,6,TRAILER,14508,WABASH NATIONAL CORPORATION,12319,WABASH VANS,10942,Dry Van Duraplate,2016,,,6,UNITED STATES (USA),INDIANA,LAFAYETTE,,,,,61,Trailer,,,,,36,Van Trailer,,,53.000,,2,,
48,Texas,483223,1,1,1UYVS253*N2******,2024-03-19 01:32:13,0,6,TRAILER,10289,UTILITY TRAILER MANUFACTURING COMPANY,10138,UTILITY TRAILER MANUFACTURER,26222,Utility Trailer Manufacturer,2022,,,6,UNITED STATES (USA),UTAH,CLEARFIELD,,,,,61,Trailer,,,,,36,Van Trailer,4,Straight Semi/Semi Trailer,53.000,,2,,
48,Texas,483223,2,1,1GRAP062*FT******,2024-03-19 01:32:13,0,6,TRAILER,1073,GREAT DANE TRAILERS,520,GREAT DANE TRAILERS,13436,Great Dane Trailers,2015,,,6,UNITED STATES (USA),INDIANA,TERRE HAUTE,,,,,61,Trailer,,,,,,,4,Straight Semi/Semi Trailer,53.000,Dry Freight Van / Reefer Van / Insulated Van,2,,
48,Texas,483228,2,1,1UYVS253*GU******,2024-03-19 01:32:13,0,6,TRAILER,10289,UTILITY TRAILER MANUFACTURING COMPANY,10138,UTILITY TRAILER MANUFACTURER,26222,Utility Trailer Manufacturer,2016,,,6,UNITED STATES (USA),UTAH,CLEARFIELD,,,,,61,Trailer,,,,,36,Van Trailer,4,Straight Semi/Semi Trailer,53.000,,2,,
48,Texas,483241,2,1,1JJV532B*KL******,2024-03-19 01:32:13,0,6,TRAILER,14508,WABASH NATIONAL CORPORATION,12319,WABASH VANS,10945,Refrigerated Van,2019,,,6,UNITED STATES (USA),INDIANA,LAFAYETTE,,,,,61,Trailer,,,,,36,Van Trailer,,,53.000,,2,,
48,Texas,483251,1,1,7F21B281*N2******,2024-03-19 01:32:13,0,6,TRAILER,13986,"XPO MANUFACTURING, LLC",4823,XPO,10709,XPO,2022,,,6,UNITED STATES (USA),ARKANSAS,SEARCY,,,,,61,Trailer,,,,,,,6,Kingpin,28.000,Body Type: New Wedge Dry Freight Van utilizing some reconditioned parts,1,,
48,Texas,483251,1,2,7F21A281*M2******,2024-03-19 01:32:13,0,6,TRAILER,13986,"XPO MANUFACTURING, LLC",4823,XPO,10709,XPO,2021,,,6,UNITED STATES (USA),ARKANSAS,SEARCY,,,,,61,Trailer,,,,,,,6,Kingpin,28.000,Body Type: New Wedge Dry Freight Van,1,,
48,Texas,483253,2,1,4YMKK081*A1******,2024-03-19 01:32:13,1,6,TRAILER,13315,"CARRY-ON TRAILER, INC.",4933,CARRY-ON TRAILER,21268,Kit Trailer,2010,,,6,UNITED STATES (USA),GEORGIA,LAVONIA,,,,,61,Trailer,,,,,16,Utility Trailer,3,Gooseneck,8.000,,1,,
48,Texas,483256,2,1,1JJV532W*8L******,2024-03-19 01:32:13,0,6,TRAILER,14508,WABASH NATIONAL CORPORATION,4847,WABASH,13327,Wabash National Corporation,2008,,,6,UNITED STATES (USA),INDIANA,LAFAYETTE,,,,,61,Trailer,,,,,36,Van Trailer,,,53.000,,2,,
48,Texas,483263,2,1,1JJV532W*3L******,2024-03-19 01:32:13,0,6,TRAILER,14508,WABASH NATIONAL CORPORATION,4847,WABASH,13327,Wabash National Corporation,2003,,,6,UNITED STATES (USA),INDIANA,LAFAYETTE,,,,,61,Trailer,,,,,36,Van Trailer,,,53.000,,2,,
48,Texas,483272,2,1,1GRAA062*KT******,2024-03-19 01:32:13,0,6,TRAILER,1073,GREAT DANE TRAILERS,520,GREAT DANE TRAILERS,13436,Great Dane Trailers,2019,,,6,UNITED STATES (USA),INDIANA,TERRE HAUTE,,,,,61,Trailer,,,,,36,Van Trailer,4,Straight Semi/Semi Trailer,53.000,"Semitrailer - Dry Freight Van, Reefer Van, Insulated Van",2,,
48,Texas,483272,3,1,1UYVS253*H3******,2024-03-19 01:32:13,0,6,TRAILER,10289,UTILITY TRAILER MANUFACTURING COMPANY,10138,UTILITY TRAILER MANUFACTURER,26222,Utility Trailer Manufacturer,2017,,,6,UNITED STATES (USA),ARKANSAS,PARAGOULD,,,,,61,Trailer,,,,,36,Van Trailer,4,Straight Semi/Semi Trailer,53.000,,2,,
48,Texas,483277,2,1,1UYVS253*GM******,2024-03-19 01:32:13,0,6,TRAILER,10289,UTILITY TRAILER MANUFACTURING COMPANY,10138,UTILITY TRAILER MANUFACTURER,26222,Utility Trailer Manufacturer,2016,,,6,UNITED STATES (USA),VIRGINIA,MARION,,,,,61,Trailer,,,,,36,Van Trailer,4,Straight Semi/Semi Trailer,53.000,,2,,
48,Texas,483285,2,1,1GRAP062*GJ******,2024-03-19 01:32:13,0,6,TRAILER,1073,GREAT DANE TRAILERS,520,GREAT DANE TRAILERS,13436,Great Dane Trailers,2016,,,6,UNITED STATES (USA),ARKANSAS,JONESBORO,,,,"Jacksonville Florida (ended 02/1988); Jonesboro, Arkansas (effective 09/03/02)",61,Trailer,,,,,,,4,Straight Semi/Semi Trailer,53.000,Dry Freight Van / Reefer Van / Insulated Van,2,,
48,Texas,483293,1,1,1V9FC473*XN062***,2024-03-19 01:32:13,1,6,TRAILER,10999,VIKING TRAILERS,5688,VIKING TRAILER,14907,Viking Trailer,1999,Center Frame Trailer,,6,UNITED STATES (USA),TEXAS,NACOGDOCHES,,,,,61,Trailer,,,,,6,Flat Bed Trailer/Platform Trailer,,,47.000,,3,,
48,Texas,483303,3,1,3H3V281C*AT******,2024-03-19 01:32:13,0,6,TRAILER,14282,"HYUNDAI DE MEXICO, S.A. DE C.V.",4876,HYUNDAI TRANSLEAD TRAILERS,11496,Hyundai Translead Trailers,2010,,,12,MEXICO,BAJA CALIFORNIA,TIJUANA,,,,,61,Trailer,,,,,36,Van Trailer,,,28.000,Material: Aluminum/Steel,1,,
48,Texas,483303,3,2,1JJV281D*AL******,2024-03-19 01:32:13,0,6,TRAILER,14508,WABASH NATIONAL CORPORATION,12319,WABASH VANS,10942,Dry Van Duraplate,2010,,,6,UNITED STATES (USA),INDIANA,LAFAYETTE,,,,,61,Trailer,,,,,36,Van Trailer,,,28.000,,1,,
48,Texas,483314,1,1,1W1MAFYW*YA******,2024-03-19 01:32:13,0,6,TRAILER,11681,WILSON TRAILER CO.,3855,WILSON TRAILER CO.,8390,Wilson Trailer Co.,2000,RIDGE STRAPS - ROLL TARP,,6,UNITED STATES (USA),IOWA,SIOUX CITY,PLANT 2,,,,61,Trailer,,,,,33,Grain Trailer,,,41.000,ALUMINUM DOUBLE WALL HOPPER (DWH),4,,
48,Texas,483317,1,1,48X1F372*N1******,2024-03-19 01:32:13,0,6,TRAILER,10839,"TRAVIS BODY & TRAILER, INC.",3520,"TRAVIS BODY & TRAILER, INC.",7868,"TRAVIS BODY & TRAILER, INC.",2022,,,6,UNITED STATES (USA),TEXAS,HOUSTON,,,,,61,Trailer,,,,,4,Dump Trailer/Dumping Trailer,30,Other,37.000,Tumer ARx43,2,,
48,Texas,483317,2,1,1UYVS253*J3******,2024-03-19 01:32:13,0,6,TRAILER,10289,UTILITY TRAILER MANUFACTURING COMPANY,10138,UTILITY TRAILER MANUFACTURER,26222,Utility Trailer Manufacturer,2018,,,6,UNITED STATES (USA),ARKANSAS,PARAGOULD,,,,,61,Trailer,,,,,36,Van Trailer,4,Straight Semi/Semi Trailer,53.000,,2,,
48,Texas,483322,1,1,5WWBC202*K6******,2024-03-19 01:32:13,0,6,TRAILER,7833,DELCO TRAILERS,758,DELCO TRAILERS,3926,Delco Trailers,2019,,,6,UNITED STATES (USA),TEXAS,SUMNER,,,,,61,Trailer,,,,,3,Car Hauler Trailer,14,Bumper Pull,20.000,,2,,
48,Texas,483322,2,1,1JJV532W*7L******,2024-03-19 01:32:13,0,6,TRAILER,14508,WABASH NATIONAL CORPORATION,4847,WABASH,13327,Wabash National Corporation,2007,,,6,UNITED STATES (USA),INDIANA,LAFAYETTE,,,,,61,Trailer,,,,,36,Van Trailer,,,53.000,,2,,
48,Texas,483326,1,1,1JJV532D*GL******,2024-03-19 01:32:13,0,6,TRAILER,14508,WABASH NATIONAL CORPORATION,12319,WABASH VANS,10942,Dry Van Duraplate,2016,,,6,UNITED STATES (USA),INDIANA,LAFAYETTE,,,,,61,Trailer,,,,,36,Van Trailer,,,53.000,,2,,
48,Texas,483326,2,1,1JJV532D*LL******,2024-03-19 01:32:13,0,6,TRAILER,14508,WABASH NATIONAL CORPORATION,12319,WABASH VANS,10942,Dry Van Duraplate,2020,,,6,UNITED STATES (USA),INDIANA,LAFAYETTE,,,,,61,Trailer,,,,,36,Van Trailer,,,53.000,,2,,
48,Texas,483326,4,1,5V8VC532*JM******,2024-03-19 01:32:13,0,6,TRAILER,16522,VANGUARD NATIONAL TRAILER CORPORTATION,6474,VANGUARD NATIONAL TRAILER CORPORATION (VNTC),17782,VANGUARD NATIONAL TRAILER CORPORATION (VNTC),2018,,,6,UNITED STATES (USA),INDIANA,MONON,,,,,61,Trailer,,,,,186,Dry Freight,6,Kingpin,53.000,Composite Plate Semitrailer (VXP),,3,Tandem
48,Texas,483326,6,1,1JJV532D*ML******,2024-03-19 01:32:13,0,6,TRAILER,14508,WABASH NATIONAL CORPORATION,12319,WABASH VANS,10942,Dry Van Duraplate,2021,,,6,UNITED STATES (USA),INDIANA,LAFAYETTE,,,,,61,Trailer,,,,,36,Van Trailer,,,53.000,,2,,
48,Texas,483330,2,1,10BFB720*VF******,2024-03-19 01:32:13,1,6,TRAILER,5083,BRENNER TANK LLC,1590,BRENNER TANK,5687,Brenner Tank,1997,,,6,UNITED STATES (USA),WISCONSIN,FOND DU LAC,Brenner Tank LLC.,,,,61,Trailer,,,,,172,Chemical Trailer,,,,Stainless Steel,2,3,Tandem
48,Texas,483333,1,1,1M91H432*JA211***,2024-03-19 01:32:13,0,6,TRAILER,8901,"MERTZ MANUFACTURING, INC.",2354,MERTZ MANUFACTURING,6130,"Mertz Manufacturing, LLC",2018,,,6,UNITED STATES (USA),OKLAHOMA,PONCA CITY,"Mertz Manufacturing, LLC",,,,61,Trailer,,,,,129,Custom Trailer,30,Other,43.000,Trailer Type - Energy Industries Equipment,2,,
48,Texas,483345,2,1,558MEB02*LK******,2024-03-19 01:32:13,1,6,TRAILER,7785,MAC LTT INC.,2552,MAC,6384,MAC,2020,,,6,UNITED STATES (USA),OHIO,KENT,,,,,61,Trailer,9,"Class 8: 33,001 lb and above (14,969 kg and above)",,,,,,,,Trailer Type = Aluminium DOT 406,2,,
48,Texas,483359,1,1,5HTSN422*C5******,2024-03-19 01:32:13,0,6,TRAILER,5564,"HEIL TRAILER INTERNATIONAL, CO",2365,"HEIL TRAILER INTERNATIONAL, CO.",6142,"Heil Trailer International, Co.",2012,,,6,UNITED STATES (USA),TEXAS,RHOME,,,,Body Shape: Jet,61,Trailer,,,,,103,Bulk,,,42.000,Al Pneumatic,2,,
48,Texas,483377,2,1,5HTSA442*L7******,2024-03-19 01:32:13,0,6,TRAILER,5564,"HEIL TRAILER INTERNATIONAL, CO",2365,"HEIL TRAILER INTERNATIONAL, CO.",6142,"Heil Trailer International, Co.",2020,,,6,UNITED STATES (USA),TENNESSEE,ATHENS,,,,,61,Trailer,,,,,15,Tank Trailer,4,Straight Semi/Semi Trailer,44.000,AL 306/406,2,,
48,Texas,483386,2,1,1GRAA062*CB******,2024-03-19 01:32:13,0,6,TRAILER,1073,GREAT DANE TRAILERS,520,GREAT DANE TRAILERS,13436,Great Dane Trailers,2012,,,6,UNITED STATES (USA),INDIANA,BRAZIL,,,,,61,Trailer,,,,,,,4,Straight Semi/Semi Trailer,53.000,Dry Freight Van / Reefer Van / Insulated Van,2,,
48,Texas,483408,1,1,1T9TA422*FB719***,2024-03-19 01:32:13,1,6,TRAILER,8423,"TROXELL COMPANY, INC.",7520,TROXELL COMPANY,20388,Troxell Company,2015,,,6,UNITED STATES (USA),TEXAS,BOYD,,,,,61,Trailer,,,,,15,Tank Trailer,,,42.000,Aluminum Body,2,,
48,Texas,483417,2,1,1UYVS253*L2******,2024-03-19 01:32:13,0,6,TRAILER,10289,UTILITY TRAILER MANUFACTURING COMPANY,10138,UTILITY TRAILER MANUFACTURER,26222,Utility Trailer Manufacturer,2020,,,6,UNITED STATES (USA),UTAH,CLEARFIELD,,,,,61,Trailer,,,,,36,Van Trailer,4,Straight Semi/Semi Trailer,53.000,,2,,
48,Texas,483425,1,1,1E9DM392*6T316***,2024-03-19 01:32:13,0,6,TRAILER,8974,EAGLEROCK TRAILERS INC,8758,"EAGLEROCK TRAILERS, INC.",22851,"Eaglerock Trailers, Inc.",2006,Smooth Side,,6,UNITED STATES (USA),TEXAS,,,,,,61,Trailer,,,,,4,Dump Trailer/Dumping Trailer,,,39.000,,2,,
48,Texas,483430,1,1,1UYVS253*N3******,2024-03-19 01:32:13,0,6,TRAILER,10289,UTILITY TRAILER MANUFACTURING COMPANY,10138,UTILITY TRAILER MANUFACTURER,26222,Utility Trailer Manufacturer,2022,,,6,UNITED STATES (USA),ARKANSAS,PARAGOULD,,,,,61,Trailer,,,,,36,Van Trailer,4,Straight Semi/Semi Trailer,53.000,,2,,
48,Texas,483439,2,1,16VGX252*H6******,2024-03-19 01:32:13,0,6,TRAILER,9132,"BIG TEX TRAILER MANUFACTURING, LLC",1136,BIG TEX,5625,Big Tex,2017,,,6,UNITED STATES (USA),TEXAS,WILLS POINT,"Big Tex Trailer Manufacturing, Inc.",,,,61,Trailer,,,,,16,Utility Trailer,3,Gooseneck,25.000,,2,,
48,Texas,483442,2,1,13N14820*H1******,2024-03-19 01:32:13,0,6,TRAILER,12268,FONTAINE COMMERCIAL PLATFORM,1128,FONTAINE TRAILER CO.,4416,Fontaine Trailer Co.,2017,,,6,UNITED STATES (USA),ALABAMA,HALEYVILLE,,,,Optional Features: None,61,Trailer,,,,,6,Flat Bed Trailer/Platform Trailer,,,48.000,,2,,
48,Texas,483456,1,1,1GRDM062*HH******,2024-03-19 01:32:13,0,6,TRAILER,1073,GREAT DANE TRAILERS,520,GREAT DANE TRAILERS,13436,Great Dane Trailers,2017,,,6,UNITED STATES (USA),TENNESSEE,HUNTSVILLE,,,,,61,Trailer,,,,,,,4,Straight Semi/Semi Trailer,53.000,Platform,2,,
48,Texas,483468,2,1,3UTVS253*P8******,2024-03-19 01:32:13,0,6,TRAILER,10289,UTILITY TRAILER MANUFACTURING COMPANY,10138,UTILITY TRAILER MANUFACTURER,26222,Utility Trailer Manufacturer,2023,,,12,MEXICO,,PIEDRAS NEGRAS,,,,,61,Trailer,,,,,36,Van Trailer,4,Straight Semi/Semi Trailer,53.000,,2,,
48,Texas,483471,1,1,1JJV532W*5L******,2024-03-19 01:32:13,0,6,TRAILER,14508,WABASH NATIONAL CORPORATION,4847,WABASH,13327,Wabash National Corporation,2005,,,6,UNITED STATES (USA),INDIANA,LAFAYETTE,,,,,61,Trailer,,,,,36,Van Trailer,,,53.000,,2,,
48,Texas,483477,1,1,1JJV532W*6L******,2024-03-19 01:32:13,0,6,TRAILER,14508,WABASH NATIONAL CORPORATION,4847,WABASH,13327,Wabash National Corporation,2006,,,6,UNITED STATES (USA),INDIANA,LAFAYETTE,,,,,61,Trailer,,,,,36,Van Trailer,,,53.000,,2,,
48,Texas,483498,1,1,3H6KF432*L3******,2024-03-19 01:32:13,0,6,TRAILER,6179,"POLAR TANK TRAILER, LLC",2921,POLAR TANK TRAILER,6874,Polar Tank Trailer,2020,SS 307/407,,12,MEXICO,CHIHUAHUA,,,,,,61,Trailer,,,,,15,Tank Trailer,4,Straight Semi/Semi Trailer,43.000,,2,,
48,Texas,483515,2,1,4YDTCMG1*NJ******,2024-03-19 01:32:13,0,6,TRAILER,2347,KEYSTONE RV,1138,COLEMAN,28925,Coleman,2022,,,6,UNITED STATES (USA),INDIANA,GOSHEN,802/803,,,Recreational Vehicles,61,Trailer,,,,,21,Travel Trailer,14,Bumper Pull,22.000,20' to less than 22',1,,
48,Texas,483527,2,1,48X1F372*H1******,2024-03-19 01:32:13,0,6,TRAILER,10839,"TRAVIS BODY & TRAILER, INC.",3520,"TRAVIS BODY & TRAILER, INC.",7868,"TRAVIS BODY & TRAILER, INC.",2017,,,6,UNITED STATES (USA),TEXAS,HOUSTON,,,,,61,Trailer,,,,,4,Dump Trailer/Dumping Trailer,30,Other,37.000,Tumer ARx43,2,,
48,Texas,483532,1,1,1JJV532D*NL******,2024-03-19 01:32:13,0,6,TRAILER,14508,WABASH NATIONAL CORPORATION,12319,WABASH VANS,10942,Dry Van Duraplate,2022,,,6,UNITED STATES (USA),INDIANA,LAFAYETTE,,,,,61,Trailer,,,,,36,Van Trailer,6,Kingpin,53.000,,2,,
48,Texas,483532,3,1,1UYVS253*J6******,2024-03-19 01:32:13,0,6,TRAILER,10289,UTILITY TRAILER MANUFACTURING COMPANY,10138,UTILITY TRAILER MANUFACTURER,26222,Utility Trailer Manufacturer,2018,,,6,UNITED STATES (USA),VIRGINIA,MARION,,,,,61,Trailer,,,,,36,Van Trailer,4,Straight Semi/Semi Trailer,53.000,,2,,
48,Texas,483539,1,1,1GRAA062*3D******,2024-03-19 01:32:13,0,6,TRAILER,1073,GREAT DANE TRAILERS,520,GREAT DANE TRAILERS,13436,Great Dane Trailers,2003,,,6,UNITED STATES (USA),PENNSYLVANIA,DANVILLE,,,,Effective 12/01/01,61,Trailer,,,,,36,Van Trailer,4,Straight Semi/Semi Trailer,6.000,Trailer Type = Dry Freight/ Reefer/ Insulated Van,2,,
48,Texas,483544,1,1,5RVSL101*CM******,2024-03-19 01:32:13,1,6,TRAILER,8916,LAMAR TRAILERS INC.,6413,LAMAR TRAILERS,17669,LAMAR TRAILERS,2012,,,6,UNITED STATES (USA),TEXAS,MAXEY,,,,,61,Trailer,,,,,16,Utility Trailer,,,10.000,,1,,
48,Texas,483544,4,1,13N24820*M1******,2024-03-19 01:32:13,1,6,TRAILER,12268,FONTAINE COMMERCIAL PLATFORM,1128,FONTAINE TRAILER CO.,4416,Fontaine Trailer Co.,1991,,,6,UNITED STATES (USA),ALABAMA,HALEYVILLE,,,,,61,Trailer,,,,,6,Flat Bed Trailer/Platform Trailer,,,48.000,Optional Features: none,2,,
48,Texas,483548,2,1,1JJV532W*6L******,2024-03-19 01:32:13,0,6,TRAILER,14508,WABASH NATIONAL CORPORATION,4847,WABASH,13327,Wabash National Corporation,2006,,,6,UNITED STATES (USA),INDIANA,LAFAYETTE,,,,,61,Trailer,,,,,36,Van Trailer,,,53.000,,2,,
48,Texas,483554,1,1,1TTE532A*B3******,2024-03-19 01:32:13,0,6,TRAILER,8231,TRANSCRAFT CORPORATION,12051,BENSON/WABASH,27664,Aluminium Flatbed,2011,,,6,UNITED STATES (USA),KENTUCKY,CADIZ,,,,,61,Trailer,,,,,61,Drop Deck Trailer,6,Kingpin,53.000,,2,,
48,Texas,483558,2,1,1PMKA442*L7******,2024-03-19 01:32:13,0,6,TRAILER,6179,"POLAR TANK TRAILER, LLC",2921,POLAR TANK TRAILER,6874,Polar Tank Trailer,2020,AL 306/406,,6,UNITED STATES (USA),TENNESSEE,ATHENS,,,,,61,Trailer,,,,,15,Tank Trailer,4,Straight Semi/Semi Trailer,44.000,,2,,
48,Texas,483563,2,1,56EA54H2*HA******,2024-03-19 01:32:13,0,6,TRAILER,12109,"ARMOR LITE TRAILER MFG, LLC",1161,ARMOR LITE TRAILER,4470,Armor Lite Trailer,2017,,,6,UNITED STATES (USA),MISSOURI,SIKESTON,,,,,61,Trailer,,,,,,,6,Kingpin,38.000,Steel Rectangle Tube Frame,2,,
48,Texas,483571,2,1,1UYVS257*EU******,2024-03-19 01:32:13,0,6,TRAILER,10289,UTILITY TRAILER MANUFACTURING COMPANY,10138,UTILITY TRAILER MANUFACTURER,26222,Utility Trailer Manufacturer,2014,,,6,UNITED STATES (USA),UTAH,CLEARFIELD,,,,,61,Trailer,,,,,36,Van Trailer,4,Straight Semi/Semi Trailer,57.000,,2,,
48,Texas,483582,2,1,1JJV532D*LL******,2024-03-19 01:32:13,0,6,TRAILER,14508,WABASH NATIONAL CORPORATION,12319,WABASH VANS,10942,Dry Van Duraplate,2020,,,6,UNITED STATES (USA),INDIANA,LAFAYETTE,,,,,61,Trailer,,,,,36,Van Trailer,,,53.000,,2,,
48,Texas,483593,1,1,1UYVS253*K2******,2024-03-19 01:32:13,0,6,TRAILER,10289,UTILITY TRAILER MANUFACTURING COMPANY,10138,UTILITY TRAILER MANUFACTURER,26222,Utility Trailer Manufacturer,2019,,,6,UNITED STATES (USA),UTAH,CLEARFIELD,,,,,61,Trailer,,,,,36,Van Trailer,4,Straight Semi/Semi Trailer,53.000,,2,,
48,Texas,483597,1,1,3UTVS253*N8******,2024-03-19 01:32:13,0,6,TRAILER,10289,UTILITY TRAILER MANUFACTURING COMPANY,10138,UTILITY TRAILER MANUFACTURER,26222,Utility Trailer Manufacturer,2022,,,12,MEXICO,,PIEDRAS NEGRAS,,,,,61,Trailer,,,,,36,Van Trailer,4,Straight Semi/Semi Trailer,53.000,,2,,
48,Texas,483614,1,1,1S12E953*6E******,2024-03-19 01:32:13,0,6,TRAILER,14956,"STRICK TRAILERS, LLC",4977,STRICK COMMERCIAL TRAILER,12176,Strick Commercial Trailer,2006,Smooth Side,,6,UNITED STATES (USA),,MONROE,,,,,61,Trailer,,,,,,,4,Straight Semi/Semi Trailer,53.000,Dry Freight Van,2,3,Tandem
48,Texas,483630,1,1,1DW1A532*KS******,2024-03-19 01:32:13,0,6,TRAILER,13506,"STOUGHTON TRAILERS, INC.",3414,STOUGHTON TRAILERS,7701,Stoughton trailers,2019,,,6,UNITED STATES (USA),WISCONSIN,STOUGHTON,"Stoughton Trailers, INC",,,,61,Trailer,,,,,36,Van Trailer,4,Straight Semi/Semi Trailer,53.000,,2,,
48,Texas,483636,2,1,1JJV532W*7L******,2024-03-19 01:32:13,0,6,TRAILER,14508,WABASH NATIONAL CORPORATION,4847,WABASH,13327,Wabash National Corporation,2007,,,6,UNITED STATES (USA),INDIANA,LAFAYETTE,,,,,61,Trailer,,,,,36,Van Trailer,,,53.000,,2,,
48,Texas,483658,1,1,1UYVS253*FM******,2024-03-19 01:32:13,0,6,TRAILER,10289,UTILITY TRAILER MANUFACTURING COMPANY,10138,UTILITY TRAILER MANUFACTURER,26222,Utility Trailer Manufacturer,2015,,,6,UNITED STATES (USA),VIRGINIA,MARION,,,,,61,Trailer,,,,,36,Van Trailer,4,Straight Semi/Semi Trailer,53.000,,2,,
48,Texas,483665,1,1,3H3V532C*LT******,2024-03-19 01:32:13,0,6,TRAILER,14282,"HYUNDAI DE MEXICO, S.A. DE C.V.",4876,HYUNDAI TRANSLEAD TRAILERS,11496,Hyundai Translead Trailers,2020,,,12,MEXICO,BAJA CALIFORNIA,TIJUANA,,,,,61,Trailer,,,,,36,Van Trailer,,,53.000,Material: Aluminum/Steel,2,,
48,Texas,483671,1,1,3H3V532C*JT******,2024-03-19 01:32:13,0,6,TRAILER,14282,"HYUNDAI DE MEXICO, S.A. DE C.V.",4876,HYUNDAI TRANSLEAD TRAILERS,11496,Hyundai Translead Trailers,2018,,,12,MEXICO,BAJA CALIFORNIA,TIJUANA,,,,,61,Trailer,,,,,36,Van Trailer,,,53.000,Material: Aluminum/Steel,2,,
48,Texas,483671,2,1,527SR532*MM******,2024-03-19 01:32:13,0,6,TRAILER,6703,CIMC REEFER TRAILER INC.,1561,"CIMC REEFER TRAILER,INC",4978,"CIMC REEFER TRAILER,INC.",2021,,,6,UNITED STATES (USA),INDIANA,MONON,"CIMC Reefer Trailer,Inc",,,,61,Trailer,,,,,36,Van Trailer,4,Straight Semi/Semi Trailer,53.000,Trailer Body Type: Reefer Van Trailer,2,,
48,Texas,483702,2,1,4E7AA263*FA******,2024-03-19 01:32:13,1,6,TRAILER,10534,VANTAGE TRAILERS INC,3363,VANTAGE TRAILERS,,,2015,,,6,UNITED STATES (USA),TEXAS,KATHY,Vantage Trailers Inc,,,,,,,,,,,,30,Other,26.000,Trailer Type - End Dump Frameless,3,,
48,Texas,483713,1,1,3H4SS422*K3******,2024-03-19 01:32:13,0,6,TRAILER,5564,"HEIL TRAILER INTERNATIONAL, CO",2365,"HEIL TRAILER INTERNATIONAL, CO.",6142,"Heil Trailer International, Co.",2019,,,12,MEXICO,,JUAREZ,,,,,61,Trailer,,,,,174,Dry Bulk Trailer,4,Straight Semi/Semi Trailer,42.000,AL. PNEUMATIC,2,,
48,Texas,483728,1,1,1TTF4820*32******,2024-03-19 01:32:13,0,6,TRAILER,8231,TRANSCRAFT CORPORATION,10511,TRANSCRAFT,28401,Transcraft,2003,,,6,UNITED STATES (USA),KENTUCKY,MOUNT STERLING,,,,,61,Trailer,,,,,6,Flat Bed Trailer/Platform Trailer,6,Kingpin,48.000,Platform,2,,
48,Texas,483752,1,1,1UNST422*KL******,2024-03-19 01:32:13,0,6,TRAILER,1739,"DRAGON PRODUCTS, LLC",1415,DRAGON ESP,4763,Dragon ESP,2019,,,6,UNITED STATES (USA),TEXAS,LA PORTE,,,,,61,Trailer,,,,,15,Tank Trailer,4,Straight Semi/Semi Trailer,42.000,,2,,
48,Texas,483752,2,1,1GRAP561*9K******,2024-03-19 01:32:13,0,6,TRAILER,1073,GREAT DANE TRAILERS,520,GREAT DANE TRAILERS,13436,Great Dane Trailers,2009,,,6,UNITED STATES (USA),ILLINOIS,KEWANEE,,,,Effective 01/01/00,61,Trailer,,,,,36,Van Trailer,4,Straight Semi/Semi Trailer,28.000,Trailer Type = Dry Freight/ Reefer/ Insulated Van,1,,
48,Texas,483752,2,2,1JJV281W*6L******,2024-03-19 01:32:13,0,6,TRAILER,14508,WABASH NATIONAL CORPORATION,4847,WABASH,13327,Wabash National Corporation,2006,,,6,UNITED STATES (USA),INDIANA,LAFAYETTE,,,,,61,Trailer,,,,,36,Van Trailer,,,28.000,,1,,
48,Texas,483779,2,1,1UYVS253*L2******,2024-03-19 01:32:13,0,6,TRAILER,10289,UTILITY TRAILER MANUFACTURING COMPANY,10138,UTILITY TRAILER MANUFACTURER,26222,Utility Trailer Manufacturer,2020,,,6,UNITED STATES (USA),UTAH,CLEARFIELD,,,,,61,Trailer,,,,,36,Van Trailer,4,Straight Semi/Semi Trailer,53.000,,2,,
48,Texas,483790,1,1,1DW1A532*NS******,2024-03-19 01:32:13,0,6,TRAILER,13506,"STOUGHTON TRAILERS, INC.",3414,STOUGHTON TRAILERS,7701,Stoughton trailers,2022,,,6,UNITED STATES (USA),WISCONSIN,STOUGHTON,"Stoughton Trailers, INC",,,,61,Trailer,,,,,36,Van Trailer,4,Straight Semi/Semi Trailer,53.000,,2,,
48,Texas,483798,1,1,1W92M482*HS077***,2024-03-19 01:32:13,0,6,TRAILER,1379,WILKENS MANUFACTURING,4447,WILKENS MANUFACTURING,9273,Wilkens Manufacturing,1987,,,6,UNITED STATES (USA),KANSAS,STACKTON,Wilkens Manufacturing Inc,,,,61,Trailer,,,,,132,Open Top Trailer,4,Straight Semi/Semi Trailer,48.000,,2,,
48,Texas,483814,2,1,5E0AA164*LG******,2024-03-19 01:32:13,0,6,TRAILER,20895,"COTTRELL, INC.",12482,COTTRELL,32567,"C-09, C-11, CS-10, CS-12M3, CX-09, CX-5LSCH, CX-AK7, CX-LSFA-TRI",2020,,,6,UNITED STATES (USA),GEORGIA,GAINESVILLE,,,,,61,Trailer,,,,,3,Car Hauler Trailer,5,Fifth Wheel,,Trailer Length (feet): 48-50,2,3,Tandem
48,Texas,483815,2,1,1UYVS248*CM******,2024-03-19 01:32:13,0,6,TRAILER,10289,UTILITY TRAILER MANUFACTURING COMPANY,10138,UTILITY TRAILER MANUFACTURER,26222,Utility Trailer Manufacturer,2012,,,6,UNITED STATES (USA),VIRGINIA,MARION,,,,,61,Trailer,,,,,36,Van Trailer,4,Straight Semi/Semi Trailer,48.000,,2,,
48,Texas,483844,2,1,56EA53K2*NA******,2024-03-19 01:32:13,0,6,TRAILER,12109,"ARMOR LITE TRAILER MFG, LLC",1161,ARMOR LITE TRAILER,4470,Armor Lite Trailer,2022,,,6,UNITED STATES (USA),MISSOURI,SIKESTON,,,,,61,Trailer,,,,,,,6,Kingpin,40.000,Steel Rectangle Tube Frame,2,,
48,Texas,483852,1,1,1M91H432*JA211***,2024-03-19 01:32:13,0,6,TRAILER,8901,"MERTZ MANUFACTURING, INC.",2354,MERTZ MANUFACTURING,6130,"Mertz Manufacturing, LLC",2018,,,6,UNITED STATES (USA),OKLAHOMA,PONCA CITY,"Mertz Manufacturing, LLC",,,,61,Trailer,,,,,129,Custom Trailer,30,Other,43.000,Trailer Type - Energy Industries Equipment,2,,
48,Texas,483888,1,1,1JJV532W*3L******,2024-03-19 01:32:13,0,6,TRAILER,14508,WABASH NATIONAL CORPORATION,4847,WABASH,13327,Wabash National Corporation,2003,,,6,UNITED STATES (USA),INDIANA,LAFAYETTE,,,,,61,Trailer,,,,,36,Van Trailer,,,53.000,,2,,
48,Texas,483924,4,1,1JJV532W*4L******,2024-03-19 01:32:13,0,6,TRAILER,14508,WABASH NATIONAL CORPORATION,4847,WABASH,13327,Wabash National Corporation,2004,,,6,UNITED STATES (USA),INDIANA,LAFAYETTE,,,,,61,Trailer,,,,,36,Van Trailer,,,53.000,,2,,
48,Texas,483924,5,1,1JJV532D*NL******,2024-03-19 01:32:13,0,6,TRAILER,14508,WABASH NATIONAL CORPORATION,12319,WABASH VANS,10942,Dry Van Duraplate,2022,,,6,UNITED STATES (USA),INDIANA,LAFAYETTE,,,,,61,Trailer,,,,,36,Van Trailer,6,Kingpin,53.000,,2,,
48,Texas,483936,2,1,56EA54H2*GA******,2024-03-19 01:32:13,0,6,TRAILER,12109,"ARMOR LITE TRAILER MFG, LLC",1161,ARMOR LITE TRAILER,4470,Armor Lite Trailer,2016,,,6,UNITED STATES (USA),MISSOURI,SIKESTON,,,,,61,Trailer,,,,,,,6,Kingpin,38.000,Steel Rectangle Tube Frame,2,,
48,Texas,483940,2,1,3M9KS402*KL084***,2024-03-19 01:32:13,0,6,TRAILER,15203,MAXXIM INDUSTRIES S.A. DE C.V.,9593,MAXXIM INDUSTRIES,23998,Maxxim Industries,2019,,,12,MEXICO,CHIHUAHUA,CUAUHTEMOC,,,,,61,Trailer,,,,,180,Hopper,6,Kingpin,40.000,Sand Hopper Trailer,2,,
48,Texas,483966,1,1,1UYVS253*7P******,2024-03-19 01:32:13,0,6,TRAILER,10289,UTILITY TRAILER MANUFACTURING COMPANY,10138,UTILITY TRAILER MANUFACTURER,26222,Utility Trailer Manufacturer,2007,,,6,UNITED STATES (USA),ARKANSAS,PARAGOULD,,,,,61,Trailer,,,,,36,Van Trailer,4,Straight Semi/Semi Trailer,53.000,,2,,
48,Texas,483967,2,1,13N14820*K1******,2024-03-19 01:32:13,0,6,TRAILER,12268,FONTAINE COMMERCIAL PLATFORM,1128,FONTAINE TRAILER CO.,4416,Fontaine Trailer Co.,2019,,,6,UNITED STATES (USA),ALABAMA,HALEYVILLE,,,,Optional Features: None,61,Trailer,,,,,6,Flat Bed Trailer/Platform Trailer,,,48.000,,2,,
48,Texas,483977,1,1,1JJV532W*3L******,2024-03-19 01:32:13,0,6,TRAILER,14508,WABASH NATIONAL CORPORATION,4847,WABASH,13327,Wabash National Corporation,2003,,,6,UNITED STATES (USA),INDIANA,LAFAYETTE,,,,,61,Trailer,,,,,36,Van Trailer,,,53.000,,2,,
48,Texas,483985,2,1,5LKL5856*F1******,2024-03-19 01:32:13,0,6,TRAILER,3083,LOAD KING LLC,8486,LOAD KING,22419,Load King,2015,,,6,UNITED STATES (USA),SOUTH DAKOTA,ELK POINT,,,,,61,Trailer,,,,,11,Lowboy/Low bed Trailer,,,58.000,Frame Capacity of Trailer: 56-65 US tons,5,,
48,Texas,483991,1,1,1GRAP062*KJ******,2024-03-19 01:32:13,0,6,TRAILER,1073,GREAT DANE TRAILERS,520,GREAT DANE TRAILERS,13436,Great Dane Trailers,2019,,,6,UNITED STATES (USA),ARKANSAS,JONESBORO,,,,,61,Trailer,,,,,36,Van Trailer,4,Straight Semi/Semi Trailer,53.000,"Semitrailer - Dry Freight Van, Reefer Van, Insulated Van",2,,
48,Texas,484007,2,1,5HTPL442*E5******,2024-03-19 01:32:13,1,6,TRAILER,5564,"HEIL TRAILER INTERNATIONAL, CO",2365,"HEIL TRAILER INTERNATIONAL, CO.",6142,"Heil Trailer International, Co.",2014,,,6,UNITED STATES (USA),TEXAS,ROME,,,,Production ceased in 2016,61,Trailer,,,,,15,Tank Trailer,2,Pintle Hitch/Hook,44.000,AL ASPHALT,2,,
48,Texas,484010,2,1,1JJV532D*GL******,2024-03-19 01:32:13,0,6,TRAILER,14508,WABASH NATIONAL CORPORATION,12319,WABASH VANS,10942,Dry Van Duraplate,2016,,,6,UNITED STATES (USA),INDIANA,LAFAYETTE,,,,,61,Trailer,,,,,36,Van Trailer,,,53.000,,2,,
48,Texas,484016,2,1,1JJV532D*ML******,2024-03-19 01:32:13,0,6,TRAILER,14508,WABASH NATIONAL CORPORATION,12319,WABASH VANS,10942,Dry Van Duraplate,2021,,,6,UNITED STATES (USA),INDIANA,LAFAYETTE,,,,,61,Trailer,,,,,36,Van Trailer,,,53.000,,2,,
48,Texas,484018,3,1,7KYFB452*PE******,2024-03-19 01:32:13,0,6,TRAILER,5550,DORSEY TRAILER LLC,11972,DORSEY,30932,Dorsey,2023,,,6,UNITED STATES (USA),ALABAMA,ELBA,,,,Label of the trailer: DORSEY,61,Trailer,,,,,6,Flat Bed Trailer/Platform Trailer,6,Kingpin,45.000,,2,,
48,Texas,484021,1,1,1JJV532W*1L******,2024-03-19 01:32:13,0,6,TRAILER,14508,WABASH NATIONAL CORPORATION,4847,WABASH,13327,Wabash National Corporation,2001,,,6,UNITED STATES (USA),INDIANA,LAFAYETTE,,,,,61,Trailer,,,,,36,Van Trailer,,,53.000,,2,,
48,Texas,484045,2,1,5C2BF37B*PM******,2024-03-19 01:32:13,0,6,TRAILER,15683,"CLEMENT INDUSTRIES, INC.",5405,CLEMENT INDUSTRIES,13961,Clement,2023,,,6,UNITED STATES (USA),LOUISIANA,MINDEN,"Clement Industries, Inc",,,,61,Trailer,,,,,177,Flat Floor,4,Straight Semi/Semi Trailer,37.000,Frameless Semi End Dump,2,,
48,Texas,484046,1,1,3BZJN382*JC******,2024-03-19 01:32:13,0,6,TRAILER,13368,"GRUPO REMOLQUES DEL NORTE, S.A. DE C.V.",1539,GRUPO REMOLQUES DEL NORTE,4947,GRUPO REMOLQUES del NORTE,2018,,,12,MEXICO,CHIHUAHUA,CD. CUAUHTEMOC,,,,,61,Trailer,,,,,15,Tank Trailer,,,38.000,Type of Material = Steel,2,,
48,Texas,484049,1,1,12HMD615*8N******,2024-03-19 01:32:13,0,6,TRAILER,17090,"HOLDEN INDUSTRIES, INC",7447,"HOLDEN INDUSTRIES, INC",19840,Holden Trailers,2008,,,6,UNITED STATES (USA),MISSOURI,NEOSHO,,,,,61,Trailer,,,,,26,Fifth Wheel,,,61.000,Mechanical detachable neck,5,,
48,Texas,484088,1,1,3DG1S435*LG******,2024-03-19 01:32:13,0,6,TRAILER,11177,CARROCERIAS GALLEGOS S.A. DE C.V.,10449,C.GALLEGOS,27560,C.Gallegos,2020,,,12,MEXICO,,GOMEZ PALACIO,,,,Axles Air,61,Trailer,,,,,109,Container Chassis/Container Trailer,6,Kingpin,43.000,,2,,
48,Texas,484100,1,1,1UNSD342*9R******,2024-03-19 01:32:13,0,6,TRAILER,1739,"DRAGON PRODUCTS, LLC",956,DRAGON PRODUCTS,4976,Dragon Products,2009,,,6,UNITED STATES (USA),COLORADO,LAMAR,,,,,61,Trailer,,,,,4,Dump Trailer/Dumping Trailer,4,Straight Semi/Semi Trailer,34.000,,2,,
48,Texas,484101,1,1,1DW1A532*CS******,2024-03-19 01:32:13,0,6,TRAILER,13506,"STOUGHTON TRAILERS, INC.",3414,STOUGHTON TRAILERS,7701,Stoughton trailers,2012,,,6,UNITED STATES (USA),WISCONSIN,STOUGHTON,"Stoughton Trailers, INC",,,,61,Trailer,,,,,36,Van Trailer,4,Straight Semi/Semi Trailer,53.000,,2,,
49,Utah,490113,1,1,1GRAA902*GB******,2024-03-15 02:12:38,0,6,TRAILER,1073,GREAT DANE TRAILERS,520,GREAT DANE TRAILERS,13436,Great Dane Trailers,2016,,,6,UNITED STATES (USA),INDIANA,BRAZIL,,,,,61,Trailer,,,,,,,4,Straight Semi/Semi Trailer,45.000,Dry Freight Van / Reefer Van / Insulated Van,2,,
49,Utah,490148,4,1,4Z1GF402*GS******,2024-03-15 02:12:38,0,6,TRAILER,9165,GATOR MADE INC.,4039,GATOR MADE,8711,Gator Made Inc.,2016,,,6,UNITED STATES (USA),,SOMERSET,Gator Made Inc.,,,,61,Trailer,,,,,,,3,Gooseneck,40.000,"Hitch Type - Gooseneck FlatBed 2 5/16"" Ball",2,,
49,Utah,490236,3,1,16VFX182*F4******,2024-03-15 02:12:38,0,6,TRAILER,9132,"BIG TEX TRAILER MANUFACTURING, LLC",1136,BIG TEX,5625,Big Tex,2015,,,6,UNITED STATES (USA),IDAHO,CALDWELL,"Big Tex Trailer Manufacturing, Inc.",,,,61,Trailer,,,,,16,Utility Trailer,,,18.000,Flatbed Trailer,2,,
49,Utah,490243,2,1,46UFU142*M1******,2024-03-15 02:12:38,0,6,TRAILER,16231,"ROADCLIPPER ENTERPRISES, INC.",6469,DIAMOND C TRAILER MFG.,17772,Diamond C Trailer Mfg.,1991,,,6,UNITED STATES (USA),TEXAS,MT. PLEASANT,,,,,61,Trailer,,,,,16,Utility Trailer,,,14.000,Flatbed,2,,
49,Utah,490288,2,1,5DN15534*KB******,2024-03-15 02:12:38,0,6,TRAILER,8543,WESTERN TRAILER COMPANY,3808,WESTERN TRAILER COMPANY,8295,Western Trailer Company,2019,,,6,UNITED STATES (USA),IDAHO,BOISE,Western Trailer Company,,,,61,Trailer,,,,,,,4,Straight Semi/Semi Trailer,53.000,Transfer (Express Belt),4,,
50,Vermont,500012,2,1,1E1F9T38*FR******,2024-03-15 02:12:38,0,6,TRAILER,5338,EAST MANUFACTURING CORP.,1334,EAST MANUFACTURING CORP.,4686,East Manufacturing Corp,2015,,,6,UNITED STATES (USA),OHIO,RANDOLPH,,,,,61,Trailer,9,"Class 8: 33,001 lb and above (14,969 kg and above)",,,,,,,38.000,Frameless Trailer,3,,
50,Vermont,500020,2,1,2TLPB8P3*NB******,2024-03-15 02:12:38,0,6,TRAILER,19927,TREMCAR INC.,10984,TREMCAR,22049,Farm-Pick Up,2022,,,1,CANADA,,,TREMCAR INC.,,,,61,Trailer,,,,,15,Tank Trailer,4,Straight Semi/Semi Trailer,45.000,STAINLESS,3,,
50,Vermont,500028,1,1,1GRDM962*1M******,2024-03-15 02:12:38,0,6,TRAILER,1073,GREAT DANE TRAILERS,520,GREAT DANE TRAILERS,13436,Great Dane Trailers,2001,,,6,UNITED STATES (USA),TENNESSEE,MEMPHIS,,,,,61,Trailer,,,,,61,Drop Deck Trailer,4,Straight Semi/Semi Trailer,96.000,Body Type = Straight Deck/ Extendable,2,,
50,Vermont,500057,2,1,5HTAB432*17******,2024-03-15 02:12:38,0,6,TRAILER,5564,"HEIL TRAILER INTERNATIONAL, CO",2365,"HEIL TRAILER INTERNATIONAL, CO.",6142,"Heil Trailer International, Co.",2001,,,6,UNITED STATES (USA),TENNESSEE,ATHENS,,,,Body Shape: Straight Elliptical,61,Trailer,,,,,15,Tank Trailer,,,43.000,AL 306/406,2,,
50,Vermont,500070,2,1,1TTF482S*G3******,2024-03-15 02:12:38,0,6,TRAILER,8231,TRANSCRAFT CORPORATION,12050,TRANSCRAFT/WABASH,27662,Steel Flatbed,2016,,,6,UNITED STATES (USA),KENTUCKY,CADIZ,,,,,61,Trailer,,,,,6,Flat Bed Trailer/Platform Trailer,6,Kingpin,48.000,,2,,
51,Virginia,510034,1,1,1JJV532D*JL******,2024-03-19 01:32:13,0,6,TRAILER,14508,WABASH NATIONAL CORPORATION,12319,WABASH VANS,10942,Dry Van Duraplate,2018,,,6,UNITED STATES (USA),INDIANA,LAFAYETTE,,,,,61,Trailer,,,,,36,Van Trailer,,,53.000,,2,,
51,Virginia,510037,1,1,1GRAA062*FE******,2024-03-19 01:32:13,0,6,TRAILER,1073,GREAT DANE TRAILERS,520,GREAT DANE TRAILERS,13436,Great Dane Trailers,2015,,,6,UNITED STATES (USA),GEORGIA,STATESBORO,,,,,61,Trailer,,,,,,,4,Straight Semi/Semi Trailer,53.000,Dry Freight Van / Reefer Van / Insulated Van,2,,
51,Virginia,510037,2,1,1UYVS253*GM******,2024-03-19 01:32:13,0,6,TRAILER,10289,UTILITY TRAILER MANUFACTURING COMPANY,10138,UTILITY TRAILER MANUFACTURER,26222,Utility Trailer Manufacturer,2016,,,6,UNITED STATES (USA),VIRGINIA,MARION,,,,,61,Trailer,,,,,36,Van Trailer,4,Straight Semi/Semi Trailer,53.000,,2,,
51,Virginia,510096,2,1,1GRAP062*ET******,2024-03-19 01:32:13,0,6,TRAILER,1073,GREAT DANE TRAILERS,520,GREAT DANE TRAILERS,13436,Great Dane Trailers,2014,,,6,UNITED STATES (USA),INDIANA,TERRE HAUTE,,,,,61,Trailer,,,,,,,4,Straight Semi/Semi Trailer,53.000,Dry Freight Van / Reefer Van / Insulated Van,2,,
51,Virginia,510150,2,1,1JJV532B*FL******,2024-03-19 01:32:13,0,6,TRAILER,14508,WABASH NATIONAL CORPORATION,12319,WABASH VANS,10945,Refrigerated Van,2015,,,6,UNITED STATES (USA),INDIANA,LAFAYETTE,,,,,61,Trailer,,,,,36,Van Trailer,,,53.000,,2,,
51,Virginia,510150,3,1,1GRAA062*JT******,2024-03-19 01:32:13,0,6,TRAILER,1073,GREAT DANE TRAILERS,520,GREAT DANE TRAILERS,13436,Great Dane Trailers,2018,,,6,UNITED STATES (USA),INDIANA,TERRE HAUTE,,,,,61,Trailer,,,,,36,Van Trailer,4,Straight Semi/Semi Trailer,53.000,"Semitrailer - Dry Freight Van, Reefer Van, Insulated Van",2,,
51,Virginia,510209,3,1,1JJV532D*CL******,2024-03-19 01:32:13,0,6,TRAILER,14508,WABASH NATIONAL CORPORATION,12319,WABASH VANS,10942,Dry Van Duraplate,2012,,,6,UNITED STATES (USA),INDIANA,LAFAYETTE,,,,,61,Trailer,,,,,36,Van Trailer,,,53.000,,2,,
51,Virginia,510262,2,1,1GRAA062*8G******,2024-03-19 01:32:13,0,6,TRAILER,1073,GREAT DANE TRAILERS,520,GREAT DANE TRAILERS,13436,Great Dane Trailers,2008,,,6,UNITED STATES (USA),MISSISSIPPI,GREENVILLE,,,,Effective 01/01/00,61,Trailer,,,,,36,Van Trailer,4,Straight Semi/Semi Trailer,53.000,Trailer Type = Dry Freight/ Reefer/ Insulated Van,2,,
51,Virginia,510510,1,1,5HTAB442*17******,2024-03-19 01:32:13,0,6,TRAILER,5564,"HEIL TRAILER INTERNATIONAL, CO",2365,"HEIL TRAILER INTERNATIONAL, CO.",6142,"Heil Trailer International, Co.",2001,,,6,UNITED STATES (USA),TENNESSEE,ATHENS,,,,Body Shape: Straight Elliptical,61,Trailer,,,,,15,Tank Trailer,,,44.000,AL 306/406,2,,
51,Virginia,510541,1,1,1M9BA422*X1435***,2024-03-19 01:32:13,0,6,TRAILER,22478,"MAGNOLIA TRAILERS, INC.",12332,"MAGNOLIA TRAILERS, INC.",32132,"MAGNOLIA TRAILERS, INC.",1999,,,6,UNITED STATES (USA),MISSISSIPPI,LUCEDALE,,,,,61,Trailer,,,,,101,Other,5,Fifth Wheel,42.000,Bolster Trailer,2,,
51,Virginia,510588,1,1,1UYVS253*6U******,2024-03-19 01:32:13,0,6,TRAILER,10289,UTILITY TRAILER MANUFACTURING COMPANY,10138,UTILITY TRAILER MANUFACTURER,26222,Utility Trailer Manufacturer,2006,,,6,UNITED STATES (USA),UTAH,CLEARFIELD,,,,,61,Trailer,,,,,36,Van Trailer,4,Straight Semi/Semi Trailer,53.000,,2,,
51,Virginia,510682,2,1,1JJV532B*BL******,2024-03-19 01:32:13,0,6,TRAILER,14508,WABASH NATIONAL CORPORATION,12319,WABASH VANS,10945,Refrigerated Van,2011,,,6,UNITED STATES (USA),INDIANA,LAFAYETTE,,,,,61,Trailer,,,,,36,Van Trailer,,,53.000,,2,,
51,Virginia,510744,1,1,1JJV532D*KL******,2024-03-19 01:32:13,0,6,TRAILER,14508,WABASH NATIONAL CORPORATION,12319,WABASH VANS,10942,Dry Van Duraplate,2019,,,6,UNITED STATES (USA),INDIANA,LAFAYETTE,,,,,61,Trailer,,,,,36,Van Trailer,,,53.000,,2,,
51,Virginia,510815,1,1,5C2BR40B*PM******,2024-03-19 01:32:13,0,6,TRAILER,15683,"CLEMENT INDUSTRIES, INC.",5405,CLEMENT INDUSTRIES,13961,Clement,2023,,,6,UNITED STATES (USA),LOUISIANA,MINDEN,"Clement Industries, Inc",,,,61,Trailer,,,,,179,Round Floor,4,Straight Semi/Semi Trailer,40.000,Frameless Semi End Dump,2,,
53,Washington,530005,2,1,1JJV482W*4L******,2024-03-15 02:12:38,0,6,TRAILER,14508,WABASH NATIONAL CORPORATION,4847,WABASH,13327,Wabash National Corporation,2004,,,6,UNITED STATES (USA),INDIANA,LAFAYETTE,,,,,61,Trailer,,,,,36,Van Trailer,,,48.000,,2,,
53,Washington,530022,1,2,3H3V281C*JT******,2024-03-15 02:12:38,0,6,TRAILER,14282,"HYUNDAI DE MEXICO, S.A. DE C.V.",4876,HYUNDAI TRANSLEAD TRAILERS,11496,Hyundai Translead Trailers,2018,,,12,MEXICO,BAJA CALIFORNIA,TIJUANA,,,,,61,Trailer,,,,,36,Van Trailer,,,28.000,Material: Aluminum/Steel,1,,
53,Washington,530034,2,1,1GRAA962*3W******,2024-03-15 02:12:38,0,6,TRAILER,1073,GREAT DANE TRAILERS,520,GREAT DANE TRAILERS,13436,Great Dane Trailers,2003,,,6,UNITED STATES (USA),NEBRASKA,WAYNE,,,,,61,Trailer,,,,,36,Van Trailer,4,Straight Semi/Semi Trailer,96.000,Trailer Type = Dry Freight/ Reefer/ Insulated Van,2,,
53,Washington,530040,2,1,13N1482C*G1******,2024-03-15 02:12:38,0,6,TRAILER,12268,FONTAINE COMMERCIAL PLATFORM,1128,FONTAINE TRAILER CO.,4416,Fontaine Trailer Co.,2016,,,6,UNITED STATES (USA),ALABAMA,HALEYVILLE,,,,Optional Features: Sliding Suspension,61,Trailer,,,,,6,Flat Bed Trailer/Platform Trailer,,,48.000,,2,,
53,Washington,530102,2,1,1UYVS253*BU******,2024-03-15 02:12:38,0,6,TRAILER,10289,UTILITY TRAILER MANUFACTURING COMPANY,10138,UTILITY TRAILER MANUFACTURER,26222,Utility Trailer Manufacturer,2011,,,6,UNITED STATES (USA),UTAH,CLEARFIELD,,,,,61,Trailer,,,,,36,Van Trailer,4,Straight Semi/Semi Trailer,53.000,,2,,
53,Washington,530111,1,1,1JJV281D*CL******,2024-03-15 02:12:38,0,6,TRAILER,14508,WABASH NATIONAL CORPORATION,12319,WABASH VANS,10942,Dry Van Duraplate,2012,,,6,UNITED STATES (USA),INDIANA,LAFAYETTE,,,,,61,Trailer,,,,,36,Van Trailer,,,28.000,,1,,
53,Washington,530111,1,2,1JJV281W*9L******,2024-03-15 02:12:38,0,6,TRAILER,14508,WABASH NATIONAL CORPORATION,4847,WABASH,13327,Wabash National Corporation,2009,,,6,UNITED STATES (USA),INDIANA,LAFAYETTE,,,,,61,Trailer,,,,,36,Van Trailer,,,28.000,,1,,
53,Washington,530138,2,1,1JJV532W*8L******,2024-03-15 02:12:38,0,6,TRAILER,14508,WABASH NATIONAL CORPORATION,4847,WABASH,13327,Wabash National Corporation,2008,,,6,UNITED STATES (USA),INDIANA,LAFAYETTE,,,,,61,Trailer,,,,,36,Van Trailer,,,53.000,,2,,
53,Washington,530146,1,1,5V8VC281*NM******,2024-03-15 02:12:38,0,6,TRAILER,16522,VANGUARD NATIONAL TRAILER CORPORTATION,6474,VANGUARD NATIONAL TRAILER CORPORATION (VNTC),17782,VANGUARD NATIONAL TRAILER CORPORATION (VNTC),2022,,,6,UNITED STATES (USA),INDIANA,MONON,,,,,61,Trailer,,,,,186,Dry Freight,6,Kingpin,28.000,Composite Plate Semitrailer (VXP),,5,Single
53,Washington,530149,3,1,LJRC5426*G1******,2024-03-15 02:12:38,0,6,TRAILER,9950,"CIMC VEHICLES GROUP CO., LTD.",4101,CIMC VEHICLES GROUP CO,8811,CIMC VEHICLES GROUP CO,2016,,,8,CHINA,,SHENZHEN,,,,"GVWR = 30,000-34,990kg",61,Trailer,9,"Class 8: 33,001 lb and above (14,969 kg and above)",,,109,Container Chassis/Container Trailer,,,54.000,,2,,
53,Washington,530155,2,1,5DN11402*CB******,2024-03-15 02:12:38,0,6,TRAILER,8543,WESTERN TRAILER COMPANY,3808,WESTERN TRAILER COMPANY,8295,Western Trailer Company,2012,,,6,UNITED STATES (USA),IDAHO,BOISE,Western Trailer Company,,,,61,Trailer,,,,,6,Flat Bed Trailer/Platform Trailer,4,Straight Semi/Semi Trailer,40.000,,2,,
53,Washington,530159,2,1,4WWBGB6B*7N******,2024-03-15 02:12:38,0,6,TRAILER,11681,WILSON TRAILER CO.,3855,WILSON TRAILER CO.,8390,Wilson Trailer Co.,2007,ALUMINUM CROSSBAR - 18 INCH CENTERS (CF-CFD),,6,UNITED STATES (USA),MISSOURI,MOBERLY,Plant 6,,,,61,Trailer,,,,,6,Flat Bed Trailer/Platform Trailer,,,48.000,Type of Trailer: CENTER FRAME FLATBED (CF) (CFBP),2,,
53,Washington,530217,1,1,4YDT29B2*BC******,2024-03-15 02:12:38,0,6,TRAILER,2347,KEYSTONE RV,7615,KEYSTONE,20555,Keystone,2011,,,6,UNITED STATES (USA),OREGON,PENDLETON,901,,,Arbitrary Final Digit,61,Trailer,,,,,21,Travel Trailer,14,Bumper Pull,29.000,Recreational Vehicle,2,,
53,Washington,530225,2,1,1GR1A062*NW******,2024-03-15 02:12:38,0,6,TRAILER,1073,GREAT DANE TRAILERS,520,GREAT DANE TRAILERS,13436,Great Dane Trailers,2022,,,6,UNITED STATES (USA),NEBRASKA,WAYNE,,,,,61,Trailer,,,,,,,6,Kingpin,53.000,"Semitrailer - dry freight, reefer, or insulated van",2,,
53,Washington,530251,2,1,1S9CA544*WL189***,2024-03-15 02:12:38,1,6,TRAILER,17979,"STURDYWELD EQUIPMENT & DESIGN, INC.",9232,"STURDYWELD EQUIPMENT & DESIGN, INC.",23469,"SturdyWeld Equipment & Design, Inc.",1998,Aluminum,,6,UNITED STATES (USA),WASHINGTON,LYNNWOOD,,,,,61,Trailer,,,,,4,Dump Trailer/Dumping Trailer,,,,Type of Trailer: Construction,4,,
53,Washington,530255,3,1,5RESX048*2S******,2024-03-15 02:12:38,0,6,TRAILER,3583,"RELIANCE TRAILER CO., LLC",11546,"RELIANCE, ALLOY, COMET, STURDYWELD",29820,"Reliance, Alloy, Comet, Sturdyweld",2002,,,6,UNITED STATES (USA),WASHINGTON,SPOKANE,,,,,61,Trailer,9,"Class 8: 33,001 lb and above (14,969 kg and above)",,,,,,,,Wood Chip,4,,
53,Washington,530257,2,1,7H2BE222*KD******,2024-03-15 02:12:38,0,6,TRAILER,17148,"TJCW, INC.",8360,ROCK SOLID CARGO,22203,Rock Solid Cargo,2019,,,6,UNITED STATES (USA),GEORGIA,DOUGLAS,,,,,61,Trailer,,,,,5,Enclosed Trailer,1,Ball Type Pull,22.000,,2,,
53,Washington,530292,1,1,1GRDM963*PM******,2024-03-15 02:12:38,0,6,TRAILER,1073,GREAT DANE TRAILERS,520,GREAT DANE TRAILERS,13436,Great Dane Trailers,1993,,,6,UNITED STATES (USA),TENNESSEE,MEMPHIS,,,,,61,Trailer,,,,,61,Drop Deck Trailer,4,Straight Semi/Semi Trailer,96.000,Body Type = Straight Deck/ Extendable,3,,
53,Washington,530310,2,1,1UYVS253*DM******,2024-03-15 02:12:38,0,6,TRAILER,10289,UTILITY TRAILER MANUFACTURING COMPANY,10138,UTILITY TRAILER MANUFACTURER,26222,Utility Trailer Manufacturer,2013,,,6,UNITED STATES (USA),VIRGINIA,MARION,,,,,61,Trailer,,,,,36,Van Trailer,4,Straight Semi/Semi Trailer,53.000,,2,,
53,Washington,530334,2,1,4WRBS212*71******,2024-03-15 02:12:38,0,6,TRAILER,11762,RANGER BOAT CO.,2839,RANGER BOAT,6783,Ranger Boat,2007,,,6,UNITED STATES (USA),ARKANSAS,FLIPPIN,,,,,61,Trailer,,,,,2,Boat Trailer,30,Other,21.000,Steel Frame,2,,
53,Washington,530371,1,1,16V1D192*M4******,2024-03-15 02:12:38,0,6,TRAILER,9132,"BIG TEX TRAILER MANUFACTURING, LLC",1136,BIG TEX,5625,Big Tex,2021,,,6,UNITED STATES (USA),IDAHO,CALDWELL,"Big Tex Trailer Manufacturing, Inc.",,,,61,Trailer,,,,,4,Dump Trailer/Dumping Trailer,14,Bumper Pull,19.000,,2,,
53,Washington,530386,2,1,1UYVS253*FU******,2024-03-15 02:12:38,0,6,TRAILER,10289,UTILITY TRAILER MANUFACTURING COMPANY,10138,UTILITY TRAILER MANUFACTURER,26222,Utility Trailer Manufacturer,2015,,,6,UNITED STATES (USA),UTAH,CLEARFIELD,,,,,61,Trailer,,,,,36,Van Trailer,4,Straight Semi/Semi Trailer,53.000,,2,,
53,Washington,530394,2,1,5DN12534*2B******,2024-03-15 02:12:38,0,6,TRAILER,8543,WESTERN TRAILER COMPANY,3808,WESTERN TRAILER COMPANY,8295,Western Trailer Company,2002,,,6,UNITED STATES (USA),IDAHO,BOISE,Western Trailer Company,,,,61,Trailer,,,,,34,Chipper Trailer,4,Straight Semi/Semi Trailer,53.000,,4,,
53,Washington,530403,1,1,5RESX048*3S******,2024-03-15 02:12:38,0,6,TRAILER,3583,"RELIANCE TRAILER CO., LLC",11546,"RELIANCE, ALLOY, COMET, STURDYWELD",29820,"Reliance, Alloy, Comet, Sturdyweld",2003,,,6,UNITED STATES (USA),WASHINGTON,SPOKANE,,,,,61,Trailer,9,"Class 8: 33,001 lb and above (14,969 kg and above)",,,,,,,,Wood Chip,4,,
53,Washington,530455,1,1,5A8UE112*52******,2024-03-15 02:12:38,0,6,TRAILER,3379,NEWMAN'S MANUFACTURING INCORPORATED,6262,NEWMAN'S MANUFACTURING INCORPORATED,17367,1STA812-321H1I,2005,,,6,UNITED STATES (USA),MINNESOTA,ROYALTON,,,,Highway 10 South,61,Trailer,,,,,16,Utility Trailer,,,11.000,,2,,
53,Washington,530516,2,1,10BFB723*BF******,2024-03-15 02:12:38,0,6,TRAILER,5083,BRENNER TANK LLC,1590,BRENNER TANK,5687,Brenner Tank,2011,,,6,UNITED STATES (USA),WISCONSIN,FOND DU LAC,Brenner Tank LLC.,,,,61,Trailer,,,,,172,Chemical Trailer,,,,Stainless Steel,2,3,Tandem
53,Washington,530518,2,1,1S9CS543*WL189***,2024-03-15 02:12:38,1,6,TRAILER,17979,"STURDYWELD EQUIPMENT & DESIGN, INC.",9232,"STURDYWELD EQUIPMENT & DESIGN, INC.",23469,"SturdyWeld Equipment & Design, Inc.",1998,Steel,,6,UNITED STATES (USA),WASHINGTON,LYNNWOOD,,,,,61,Trailer,,,,,4,Dump Trailer/Dumping Trailer,,,,Type of Trailer: Construction,3,,
53,Washington,530535,1,1,13N64820*M1******,2024-03-15 02:12:38,0,6,TRAILER,12268,FONTAINE COMMERCIAL PLATFORM,1128,FONTAINE TRAILER CO.,4416,Fontaine Trailer Co.,1991,,,6,UNITED STATES (USA),ALABAMA,HALEYVILLE,,,,,61,Trailer,,,,,6,Flat Bed Trailer/Platform Trailer,,,48.000,Telescopic double drop platform trailer,2,,
53,Washington,530541,2,1,5RETE038*7S******,2024-03-15 02:12:38,0,6,TRAILER,3583,"RELIANCE TRAILER CO., LLC",11546,"RELIANCE, ALLOY, COMET, STURDYWELD",29820,"Reliance, Alloy, Comet, Sturdyweld",2007,,,6,UNITED STATES (USA),WASHINGTON,SPOKANE,,,,,61,Trailer,9,"Class 8: 33,001 lb and above (14,969 kg and above)",,,,,,,,Tow Bar Trailer,3,,
53,Washington,530547,2,2,1E1H5X28*NR******,2024-03-15 02:12:38,0,6,TRAILER,5338,EAST MANUFACTURING CORP.,1334,EAST MANUFACTURING CORP.,4686,East Manufacturing Corp,2022,,,6,UNITED STATES (USA),OHIO,RANDOLPH,,,,,61,Trailer,9,"Class 8: 33,001 lb and above (14,969 kg and above)",,,6,Flat Bed Trailer/Platform Trailer,,,46.000,Standard Flat Bed Trailer,2,,
53,Washington,530601,2,1,1GRAA062*HW******,2024-03-15 02:12:38,0,6,TRAILER,1073,GREAT DANE TRAILERS,520,GREAT DANE TRAILERS,13436,Great Dane Trailers,2017,,,6,UNITED STATES (USA),NEBRASKA,WAYNE,,,,,61,Trailer,,,,,,,4,Straight Semi/Semi Trailer,53.000,Dry Freight Van / Reefer Van / Insulated Van,2,,
53,Washington,530642,2,1,4YDT2732*LX******,2024-03-15 02:12:38,0,6,TRAILER,2347,KEYSTONE RV,7615,KEYSTONE,20555,Keystone,2020,,,6,UNITED STATES (USA),OREGON,PENDLETON,921,,,Arbitrary Final Digit,61,Trailer,,,,,21,Travel Trailer,14,Bumper Pull,27.000,Recreational Vehicle,2,,
53,Washington,530648,2,1,1JJV532Y*TL******,2024-03-15 02:12:38,0,6,TRAILER,14508,WABASH NATIONAL CORPORATION,4847,WABASH,22482,Exterior Post Can,1996,,,6,UNITED STATES (USA),INDIANA,LAFAYETTE,,,,,61,Trailer,,,,,36,Van Trailer,,,53.000,,2,,
53,Washington,530657,3,1,5PDCP102*NR******,2024-03-15 02:12:38,0,6,TRAILER,9669,"INNOVATIVE TRAILER MFG., INC.",4204,INNOVATIVE TRAILER,8964,Innovative Trailer,2022,,,6,UNITED STATES (USA),UTAH,RICHFIELD,,,,,61,Trailer,,,,,4,Dump Trailer/Dumping Trailer,1,Ball Type Pull,10.000,C-Channel Frame,2,,
53,Washington,530666,4,1,1PMS5293*Y1******,2024-03-15 02:12:38,0,6,TRAILER,6179,"POLAR TANK TRAILER, LLC",2921,POLAR TANK TRAILER,6874,Polar Tank Trailer,2000,,,6,UNITED STATES (USA),MINNESOTA,OPOLE,,,,,61,Trailer,,,,,15,Tank Trailer,,,29.000,Vessel Code: Sanitary (3-A),3,,
53,Washington,530681,2,1,3H3V532C*LR******,2024-03-15 02:12:38,0,6,TRAILER,14282,"HYUNDAI DE MEXICO, S.A. DE C.V.",4876,HYUNDAI TRANSLEAD TRAILERS,11496,Hyundai Translead Trailers,2020,,,12,MEXICO,BAJA CALIFORNIA,ROSARITO,,,,,61,Trailer,,,,,36,Van Trailer,,,53.000,Material: Aluminum/Steel,2,,
54,West Virginia,540010,2,1,1W9FL482*GE285***,2024-03-15 02:12:38,0,6,TRAILER,10133,"WADE SERVICES, INC.",6961,"WADE SERVICES, INC.",18531,"WADE SERVICES, INC.",2016,,,6,UNITED STATES (USA),MISSISSIPPI,ELLISVILLE,,,,,61,Trailer,,,,,,,,,48.000,Trailer Type: LIVEHAUL,2,,
54,West Virginia,540020,1,1,5HTSN422*47******,2024-03-15 02:12:38,0,6,TRAILER,5564,"HEIL TRAILER INTERNATIONAL, CO",2365,"HEIL TRAILER INTERNATIONAL, CO.",6142,"Heil Trailer International, Co.",2004,,,6,UNITED STATES (USA),TENNESSEE,ATHENS,,,,Body Shape: Jet,61,Trailer,,,,,103,Bulk,,,42.000,Al Pneumatic,2,,
54,West Virginia,540040,1,1,1DW1A532*ES******,2024-03-15 02:12:38,0,6,TRAILER,13506,"STOUGHTON TRAILERS, INC.",3414,STOUGHTON TRAILERS,7701,Stoughton trailers,2014,,,6,UNITED STATES (USA),WISCONSIN,STOUGHTON,"Stoughton Trailers, INC",,,,61,Trailer,,,,,36,Van Trailer,4,Straight Semi/Semi Trailer,53.000,,2,,
54,West Virginia,540055,1,1,3H3V532C*MR******,2024-03-15 02:12:38,0,6,TRAILER,14282,"HYUNDAI DE MEXICO, S.A. DE C.V.",4876,HYUNDAI TRANSLEAD TRAILERS,11496,Hyundai Translead Trailers,2021,,,12,MEXICO,BAJA CALIFORNIA,ROSARITO,,,,Trailer Type: SEMITRAILER,61,Trailer,,,,,36,Van Trailer,6,Kingpin,53.000,Material: ALUMINUM/STEEL,2,,
54,West Virginia,540065,3,1,16V3D222*N5******,2024-03-15 02:12:38,0,6,TRAILER,9132,"BIG TEX TRAILER MANUFACTURING, LLC",1136,BIG TEX,5625,Big Tex,2022,,,6,UNITED STATES (USA),OKLAHOMA,MADILL,"Big Tex Trailer Manufacturing, Inc.",,,,61,Trailer,,,,,4,Dump Trailer/Dumping Trailer,3,Gooseneck,22.000,,2,,
54,West Virginia,540065,4,1,1UYVS253*EU******,2024-03-15 02:12:38,0,6,TRAILER,10289,UTILITY TRAILER MANUFACTURING COMPANY,10138,UTILITY TRAILER MANUFACTURER,26222,Utility Trailer Manufacturer,2014,,,6,UNITED STATES (USA),UTAH,CLEARFIELD,,,,,61,Trailer,,,,,36,Van Trailer,4,Straight Semi/Semi Trailer,53.000,,2,,
54,West Virginia,540069,1,1,1RNF48A2*5R******,2024-03-15 02:12:38,0,6,TRAILER,3579,"REITNOUER, INC.",5594,REITNOUER INC,14493,Reitnouer Inc Trailers,2005,,,6,UNITED STATES (USA),PENNSYLVANIA,READING,,,,,61,Trailer,9,"Class 8: 33,001 lb and above (14,969 kg and above)",,,6,Flat Bed Trailer/Platform Trailer,6,Kingpin,48.000,Airride,2,,
54,West Virginia,540076,3,1,1E1H5Y28*KR******,2024-03-15 02:12:38,0,6,TRAILER,5338,EAST MANUFACTURING CORP.,1334,EAST MANUFACTURING CORP.,4686,East Manufacturing Corp,2019,,,6,UNITED STATES (USA),OHIO,RANDOLPH,,,,,61,Trailer,9,"Class 8: 33,001 lb and above (14,969 kg and above)",,,6,Flat Bed Trailer/Platform Trailer,,,48.000,Standard Flat Bed Trailer,2,,
54,West Virginia,540089,1,1,1E9T6920*CE007***,2024-03-15 02:12:38,1,6,TRAILER,12434,E.D. ETNYRE & CO.,9133,ETNYRE,23367,Etnyre,2012,,,6,UNITED STATES (USA),ILLINOIS,OREGON,,,,,61,Trailer,,,,,15,Tank Trailer,,,69.000,,2,,
54,West Virginia,540100,2,1,5JW1U121*L1******,2024-03-15 02:12:38,0,6,TRAILER,9916,NOVAE LLC,2410,SURE-TRAC,6193,Sure-Trac Trailers,2020,,,6,UNITED STATES (USA),INDIANA,MARKLE,,,,,61,Trailer,,,,,16,Utility Trailer,1,Ball Type Pull,12.000,Open Body,1,,
54,West Virginia,540113,2,1,5HLUT122*2F******,2024-03-15 02:12:38,0,6,TRAILER,5891,TOP BRAND INC,5465,TOP BRAND,18966,"Top Brand, Inc",2002,Utility Series,,6,UNITED STATES (USA),WEST VIRGINIA,FAIRMONT,,,,,61,Trailer,,,,,101,Other,,,12.000,Top Rail,2,,
54,West Virginia,540118,2,1,40FG0422*K5******,2024-03-15 02:12:38,0,6,TRAILER,15360,TALBERT MANUFACTURING INC.,5932,TALBERT,18136,TALBERT,2019,,,6,UNITED STATES (USA),,,,,,,61,Trailer,,,,,129,Custom Trailer,6,Kingpin,42.000,Special Custom Trailer,2,,
54,West Virginia,540138,2,1,5MADS353*LC******,2024-03-15 02:12:38,0,6,TRAILER,5950,"MAC TRAILER MFG, INC.",6826,MAC TRAILER MANUFACTURING,18288,MAC TRAILER MANUFACTURING,2020,,,6,UNITED STATES (USA),,ALLIANCE,CORPORATE 10,,,,61,Trailer,,,,,4,Dump Trailer/Dumping Trailer,6,Kingpin,35.000,Body with Steel Frame,3,,
54,West Virginia,540165,2,1,16VDX142*K5******,2024-03-15 02:12:38,0,6,TRAILER,9132,"BIG TEX TRAILER MANUFACTURING, LLC",1136,BIG TEX,5625,Big Tex,2019,,,6,UNITED STATES (USA),OKLAHOMA,MADILL,"Big Tex Trailer Manufacturing, Inc.",,,,61,Trailer,,,,,16,Utility Trailer,,,14.000,Dump Trailer,2,,
54,West Virginia,540178,1,1,1GRAP062*MJ******,2024-03-15 02:12:38,0,6,TRAILER,1073,GREAT DANE TRAILERS,520,GREAT DANE TRAILERS,13436,Great Dane Trailers,2021,,,6,UNITED STATES (USA),ARKANSAS,JONESBORO,,,,,61,Trailer,,,,,36,Van Trailer,4,Straight Semi/Semi Trailer,53.000,"Semitrailer - Dry Freight Van, Reefer Van, Insulated Van",2,,
54,West Virginia,540215,1,1,1PLE0482*PP******,2024-03-15 02:12:38,0,6,TRAILER,18041,PEERLESS CORPORATION,9288,PEERLESS,23523,Peerless,2023,,,6,UNITED STATES (USA),ARKANSAS,PARAGOULD,,,,,61,Trailer,,,,,34,Chipper Trailer,,,48.000,,2,,
54,West Virginia,540226,1,1,5JYLT422*HP******,2024-03-15 02:12:38,0,6,TRAILER,2290,PITTS ENTERPRISES INC,2831,PITTS TRAILERS,6775,Pitts Trailers,2017,,,6,UNITED STATES (USA),ALABAMA,PITTSVIEW,,,,,61,Trailer,,,,,,,4,Straight Semi/Semi Trailer,42.000,,2,,
54,West Virginia,540233,2,1,5JYLB352*LP******,2024-03-15 02:12:38,0,6,TRAILER,2290,PITTS ENTERPRISES INC,2831,PITTS TRAILERS,6775,Pitts Trailers,2020,,,6,UNITED STATES (USA),ALABAMA,PITTSVIEW,,,,,61,Trailer,,,,,11,Lowboy/Low bed Trailer,,,,Trailer Capacity: 35 tons,2,,
54,West Virginia,540245,2,1,40FAK051*L1******,2024-03-15 02:12:38,0,6,TRAILER,15360,TALBERT MANUFACTURING INC.,5932,TALBERT,18136,TALBERT,2020,,,6,UNITED STATES (USA),INDIANA,RENSSELAER,,,,,61,Trailer,,,,,,,30,Other,5.000,"Pin,Axle Attachment",1,,
54,West Virginia,540252,3,1,4RAVS142*NG******,2024-03-15 02:12:38,0,6,TRAILER,16586,"INTERSTATE GROUP, LLC",7701,INTERSTATE WEST CORP,20698,Interstate West Corp,2022,Victory,,6,UNITED STATES (USA),VIRGINIA,GLEN LYN,,,,,61,Trailer,,,,,160,Cargo Trailer,1,Ball Type Pull,14.000,Enclosed general cargo,2,,
54,West Virginia,540253,1,1,1UYVS253*N6******,2024-03-15 02:12:38,0,6,TRAILER,10289,UTILITY TRAILER MANUFACTURING COMPANY,10138,UTILITY TRAILER MANUFACTURER,26222,Utility Trailer Manufacturer,2022,,,6,UNITED STATES (USA),VIRGINIA,MARION,,,,,61,Trailer,,,,,36,Van Trailer,4,Straight Semi/Semi Trailer,53.000,,2,,
54,West Virginia,540253,2,1,1UYVS248*M6******,2024-03-15 12:39:48,0,6,TRAILER,10289,UTILITY TRAILER MANUFACTURING COMPANY,10138,UTILITY TRAILER MANUFACTURER,26222,Utility Trailer Manufacturer,2021,,,6,UNITED STATES (USA),VIRGINIA,MARION,,,,,61,Trailer,,,,,36,Van Trailer,4,Straight Semi/Semi Trailer,48.000,,2,,
55,Wisconsin,550008,2,1,3H3V532C*LT******,2024-03-22 00:48:50,0,6,TRAILER,14282,"HYUNDAI DE MEXICO, S.A. DE C.V.",4876,HYUNDAI TRANSLEAD TRAILERS,11496,Hyundai Translead Trailers,2020,,,12,MEXICO,BAJA CALIFORNIA,TIJUANA,,,,,61,Trailer,,,,,36,Van Trailer,,,53.000,Material: Aluminum/Steel,2,,
55,Wisconsin,550010,1,1,1GRAA062*HB******,2024-03-22 00:48:50,0,6,TRAILER,1073,GREAT DANE TRAILERS,520,GREAT DANE TRAILERS,13436,Great Dane Trailers,2017,,,6,UNITED STATES (USA),INDIANA,BRAZIL,,,,,61,Trailer,,,,,,,4,Straight Semi/Semi Trailer,53.000,Dry Freight Van / Reefer Van / Insulated Van,2,,
55,Wisconsin,550014,2,1,1GR1P062*MJ******,2024-03-22 00:48:50,0,6,TRAILER,1073,GREAT DANE TRAILERS,520,GREAT DANE TRAILERS,13436,Great Dane Trailers,2021,,,6,UNITED STATES (USA),ARKANSAS,JONESBORO,,,,,61,Trailer,,,,,,,6,Kingpin,53.000,"Semitrailer - dry freight, reefer, or insulated van",2,,
55,Wisconsin,550018,2,1,101BK263*WG******,2024-03-22 00:48:50,1,6,TRAILER,11778,MO TRAILERS CORP.,2518,MO TRAILERS CORP.,6337,Mo Trailers Corp.,1998,,,6,UNITED STATES (USA),INDIANA,GOSHEN,Mo Trailers Corp.,,,,61,Trailer,,,,,,,1,Ball Type Pull,26.000,Body Type - Cap,3,,
55,Wisconsin,550018,3,1,1DW1A532*DS******,2024-03-22 00:48:50,0,6,TRAILER,13506,"STOUGHTON TRAILERS, INC.",3414,STOUGHTON TRAILERS,7701,Stoughton trailers,2013,,,6,UNITED STATES (USA),WISCONSIN,STOUGHTON,"Stoughton Trailers, INC",,,,61,Trailer,,,,,36,Van Trailer,4,Straight Semi/Semi Trailer,53.000,,2,,
55,Wisconsin,550068,1,1,1E1H5Y28*MR******,2024-03-22 00:48:50,0,6,TRAILER,5338,EAST MANUFACTURING CORP.,1334,EAST MANUFACTURING CORP.,4686,East Manufacturing Corp,2021,,,6,UNITED STATES (USA),OHIO,RANDOLPH,,,,,61,Trailer,9,"Class 8: 33,001 lb and above (14,969 kg and above)",,,6,Flat Bed Trailer/Platform Trailer,,,48.000,Standard Flat Bed Trailer,2,,
55,Wisconsin,550119,1,1,1UYVS253*K3******,2024-03-22 00:48:50,0,6,TRAILER,10289,UTILITY TRAILER MANUFACTURING COMPANY,10138,UTILITY TRAILER MANUFACTURER,26222,Utility Trailer Manufacturer,2019,,,6,UNITED STATES (USA),ARKANSAS,PARAGOULD,,,,,61,Trailer,,,,,36,Van Trailer,4,Straight Semi/Semi Trailer,53.000,,2,,
55,Wisconsin,550145,1,1,1UYVS253*WU******,2024-03-22 00:48:50,0,6,TRAILER,10289,UTILITY TRAILER MANUFACTURING COMPANY,10138,UTILITY TRAILER MANUFACTURER,26222,Utility Trailer Manufacturer,1998,,,6,UNITED STATES (USA),UTAH,CLEARFIELD,,,,,61,Trailer,,,,,36,Van Trailer,4,Straight Semi/Semi Trailer,53.000,,2,,
55,Wisconsin,550163,2,1,1DW1A532*2S******,2024-03-22 00:48:50,0,6,TRAILER,13506,"STOUGHTON TRAILERS, INC.",3414,STOUGHTON TRAILERS,7701,Stoughton trailers,2002,,,6,UNITED STATES (USA),WISCONSIN,STOUGHTON,"Stoughton Trailers, INC",,,,61,Trailer,,,,,36,Van Trailer,4,Straight Semi/Semi Trailer,53.000,,2,,
55,Wisconsin,550170,1,1,3H3V532C*LR******,2024-03-22 00:48:50,0,6,TRAILER,14282,"HYUNDAI DE MEXICO, S.A. DE C.V.",4876,HYUNDAI TRANSLEAD TRAILERS,11496,Hyundai Translead Trailers,2020,,,12,MEXICO,BAJA CALIFORNIA,ROSARITO,,,,,61,Trailer,,,,,36,Van Trailer,,,53.000,Material: Aluminum/Steel,2,,
55,Wisconsin,550198,2,1,10BDAB23*GF******,2024-03-22 00:48:50,0,6,TRAILER,5083,BRENNER TANK LLC,1590,BRENNER TANK,5687,Brenner Tank,1986,,,6,UNITED STATES (USA),WISCONSIN,FOND DU LAC,Brenner Tank Inc.,,,,61,Trailer,,,,,,,,,3.000,Vessel Capacity: greater than 10000 gallons,2,3,Tandem
55,Wisconsin,550205,1,1,1P9XT483*HB343***,2024-03-22 00:48:50,0,6,TRAILER,8027,PRATT INDUSTRIES (US) LLC,3015,PRATT INDUSTRIES,7027,Pratt Industries,2017,,,6,UNITED STATES (USA),MICHIGAN,BRIDGMAN,,,,,61,Trailer,,,,,101,Other,,,48.000,Type: Semitrailer,3,,
55,Wisconsin,550212,2,1,1JJV281D*HL******,2024-03-22 00:48:50,0,6,TRAILER,14508,WABASH NATIONAL CORPORATION,12319,WABASH VANS,10942,Dry Van Duraplate,2017,,,6,UNITED STATES (USA),INDIANA,LAFAYETTE,,,,,61,Trailer,,,,,36,Van Trailer,,,28.000,,1,,
55,Wisconsin,550212,2,2,1JJV281D*GL******,2024-03-22 00:48:50,0,6,TRAILER,14508,WABASH NATIONAL CORPORATION,12319,WABASH VANS,10942,Dry Van Duraplate,2016,,,6,UNITED STATES (USA),INDIANA,LAFAYETTE,,,,,61,Trailer,,,,,36,Van Trailer,,,28.000,,1,,
55,Wisconsin,550214,1,1,1JJV532D*KL******,2024-03-22 00:48:50,0,6,TRAILER,14508,WABASH NATIONAL CORPORATION,12319,WABASH VANS,10942,Dry Van Duraplate,2019,,,6,UNITED STATES (USA),INDIANA,LAFAYETTE,,,,,61,Trailer,,,,,36,Van Trailer,,,53.000,,2,,
55,Wisconsin,550222,2,1,1GR4M062*NH******,2024-03-22 00:48:50,0,6,TRAILER,1073,GREAT DANE TRAILERS,520,GREAT DANE TRAILERS,13436,Great Dane Trailers,2022,,,6,UNITED STATES (USA),TENNESSEE,HUNTSVILLE,,,,,61,Trailer,,,,,,,6,Kingpin,53.000,Semitrailer - platform,2,,
55,Wisconsin,550239,2,1,4X4TCKB2*KK******,2024-03-22 00:48:50,0,6,TRAILER,1084,"FOREST RIVER, INC.",531,FOREST RIVER,2393,Cherokee,2019,,,6,UNITED STATES (USA),INDIANA,TOPEKA,,,,Manufacturing Plant Address: 404 Lehman,61,Trailer,,,,,21,Travel Trailer,1,Ball Type Pull,26.000,,2,,
55,Wisconsin,550255,1,1,1GRAA962*4B******,2024-03-22 00:48:50,0,6,TRAILER,1073,GREAT DANE TRAILERS,520,GREAT DANE TRAILERS,13436,Great Dane Trailers,2004,,,6,UNITED STATES (USA),INDIANA,BRAZIL,,,,,61,Trailer,,,,,36,Van Trailer,4,Straight Semi/Semi Trailer,96.000,Trailer Type = Dry Freight/ Reefer/ Insulated Van,2,,
55,Wisconsin,550270,1,1,1PMA2442*T1******,2024-03-22 00:48:50,0,6,TRAILER,6179,"POLAR TANK TRAILER, LLC",2921,POLAR TANK TRAILER,6874,Polar Tank Trailer,1996,,,6,UNITED STATES (USA),MINNESOTA,OPOLE,,,,,61,Trailer,,,,,15,Tank Trailer,30,Other,44.000,Vessel Code: DOT 406,2,,
55,Wisconsin,550310,2,1,527SR532*HM******,2024-03-22 00:48:50,0,6,TRAILER,6703,CIMC REEFER TRAILER INC.,1561,"CIMC REEFER TRAILER,INC",4978,"CIMC REEFER TRAILER,INC.",2017,,,6,UNITED STATES (USA),INDIANA,MONON,"CIMC Reefer Trailer,Inc",,,,61,Trailer,,,,,36,Van Trailer,4,Straight Semi/Semi Trailer,53.000,Trailer Body Type: Reefer Van Trailer,2,,
55,Wisconsin,550332,1,1,1JJV532D*KL******,2024-03-22 00:48:50,0,6,TRAILER,14508,WABASH NATIONAL CORPORATION,12319,WABASH VANS,10942,Dry Van Duraplate,2019,,,6,UNITED STATES (USA),INDIANA,LAFAYETTE,,,,,61,Trailer,,,,,36,Van Trailer,,,53.000,,2,,
55,Wisconsin,550338,1,1,1B9AP383*NE601***,2024-03-22 00:48:50,0,6,TRAILER,13056,BLUEGRASS TANK & EQUIPMENT INC,7550,"BLUEGRASS TANK & EQUIPMENT CO, INC",20449,"Bluegrass Tank & Equipment Co, Inc Trailer",2022,,,6,UNITED STATES (USA),KENTUCKY,ELIZABETHTOWN,,,,,61,Trailer,,,,,15,Tank Trailer,,,38.000,Tanker Pick up,3,,
55,Wisconsin,550352,1,1,3H3V532C*MT******,2024-03-22 00:48:50,0,6,TRAILER,14282,"HYUNDAI DE MEXICO, S.A. DE C.V.",4876,HYUNDAI TRANSLEAD TRAILERS,11496,Hyundai Translead Trailers,2021,,,12,MEXICO,BAJA CALIFORNIA,TIJUANA,,,,Trailer Type: SEMITRAILER,61,Trailer,,,,,36,Van Trailer,6,Kingpin,53.000,Material: ALUMINUM/STEEL,2,,
55,Wisconsin,550363,2,1,1E1D2N38*8R******,2024-03-22 00:48:50,1,6,TRAILER,5338,EAST MANUFACTURING CORP.,1334,EAST MANUFACTURING CORP.,4686,East Manufacturing Corp,2008,,,6,UNITED STATES (USA),OHIO,RANDOLPH,,,,,61,Trailer,9,"Class 8: 33,001 lb and above (14,969 kg and above)",,,4,Dump Trailer/Dumping Trailer,,,30.000,Aluminum Body - Aluminum Frame,3,,
55,Wisconsin,550366,2,1,1NNVX532*2M******,2024-03-22 00:48:50,0,6,TRAILER,15472,EVANS PRODUCTS COMPANY,6021,MONON,29523,Monon,2002,,,6,UNITED STATES (USA),INDIANA,MONON,,,,,61,Trailer,,,,,101,Other,,,53.000,Exterior Post,2,3,Tandem
55,Wisconsin,550436,1,1,7FUBB242*LK******,2024-03-22 00:48:50,0,6,TRAILER,16249,SKEETER PRODUCTS INC.,6352,SKEETER PRODUCTS,17583,Skeeter Products,2020,,,6,UNITED STATES (USA),TEXAS,KILGORE,,,,,61,Trailer,,,,,2,Boat Trailer,14,Bumper Pull,24.000,Steel,2,,
55,Wisconsin,550448,1,1,1JJV532D*KL******,2024-03-22 00:48:50,0,6,TRAILER,14508,WABASH NATIONAL CORPORATION,12319,WABASH VANS,10942,Dry Van Duraplate,2019,,,6,UNITED STATES (USA),INDIANA,LAFAYETTE,,,,,61,Trailer,,,,,36,Van Trailer,,,53.000,,2,,
55,Wisconsin,550468,1,1,3H3V532C*FT******,2024-03-22 00:48:50,0,6,TRAILER,14282,"HYUNDAI DE MEXICO, S.A. DE C.V.",4876,HYUNDAI TRANSLEAD TRAILERS,11496,Hyundai Translead Trailers,2015,,,12,MEXICO,BAJA CALIFORNIA,TIJUANA,,,,,61,Trailer,,,,,36,Van Trailer,,,53.000,Material: Aluminum/Steel,2,,
55,Wisconsin,550520,1,1,1E1D1S28*XR******,2024-03-22 00:48:50,0,6,TRAILER,5338,EAST MANUFACTURING CORP.,1334,EAST MANUFACTURING CORP.,4686,East Manufacturing Corp,1999,,,6,UNITED STATES (USA),OHIO,RANDOLPH,,,,,61,Trailer,9,"Class 8: 33,001 lb and above (14,969 kg and above)",,,4,Dump Trailer/Dumping Trailer,,,36.000,Aluminum Body - Steel Frame,2,,
55,Wisconsin,550545,3,1,1DW1A482*KS******,2024-03-22 00:48:50,0,6,TRAILER,13506,"STOUGHTON TRAILERS, INC.",3414,STOUGHTON TRAILERS,7701,Stoughton trailers,2019,,,6,UNITED STATES (USA),WISCONSIN,STOUGHTON,"Stoughton Trailers, INC",,,,61,Trailer,,,,,36,Van Trailer,4,Straight Semi/Semi Trailer,48.000,,2,,
56,Wyoming,560011,2,1,1UYVS253*K6******,2024-03-15 02:12:38,0,6,TRAILER,10289,UTILITY TRAILER MANUFACTURING COMPANY,10138,UTILITY TRAILER MANUFACTURER,26222,Utility Trailer Manufacturer,2019,,,6,UNITED STATES (USA),VIRGINIA,MARION,,,,,61,Trailer,,,,,36,Van Trailer,4,Straight Semi/Semi Trailer,53.000,,2,,
56,Wyoming,560042,1,1,3H3V532C*MT******,2024-03-15 02:12:38,0,6,TRAILER,14282,"HYUNDAI DE MEXICO, S.A. DE C.V.",4876,HYUNDAI TRANSLEAD TRAILERS,11496,Hyundai Translead Trailers,2021,,,12,MEXICO,BAJA CALIFORNIA,TIJUANA,,,,Trailer Type: SEMITRAILER,61,Trailer,,,,,36,Van Trailer,6,Kingpin,53.000,Material: ALUMINUM/STEEL,2,,
56,Wyoming,560042,2,1,1UYVS253*J2******,2024-03-15 02:12:38,0,6,TRAILER,10289,UTILITY TRAILER MANUFACTURING COMPANY,10138,UTILITY TRAILER MANUFACTURER,26222,Utility Trailer Manufacturer,2018,,,6,UNITED STATES (USA),UTAH,CLEARFIELD,,,,,61,Trailer,,,,,36,Van Trailer,4,Straight Semi/Semi Trailer,53.000,,2,,
56,Wyoming,560051,1,1,1C9SS562*5H473***,2024-03-15 02:12:38,0,6,TRAILER,17904,COMPETITION TRAILERS,9112,COMPETITION TRAILERS,23345,Competition Trailers,2005,,,6,UNITED STATES (USA),TEXAS,HENDERSON,,,,,61,Trailer,,,,,102,Standard,4,Straight Semi/Semi Trailer,56.000,,2,,
56,Wyoming,560073,1,1,1JJV532D*NL******,2024-03-15 02:12:38,0,6,TRAILER,14508,WABASH NATIONAL CORPORATION,12319,WABASH VANS,10942,Dry Van Duraplate,2022,,,6,UNITED STATES (USA),INDIANA,LAFAYETTE,,,,,61,Trailer,,,,,36,Van Trailer,6,Kingpin,53.000,,2,,
56,Wyoming,560096,1,1,1JJV532D*ML******,2024-03-15 02:12:38,0,6,TRAILER,14508,WABASH NATIONAL CORPORATION,12319,WABASH VANS,10942,Dry Van Duraplate,2021,,,6,UNITED STATES (USA),INDIANA,LAFAYETTE,,,,,61,Trailer,,,,,36,Van Trailer,,,53.000,,2,,
56,Wyoming,560096,2,1,5JNDS532*KH******,2024-03-15 02:12:38,0,6,TRAILER,9287,"JET COMPANY, INC.",3052,JET COMPANY INC.,7075,Jet Company Inc.,2019,,,6,UNITED STATES (USA),IOWA,HUMBOLDT,,,,,61,Trailer,,,,,119,Steel Body/Frame,,,53.000,,2,,
56,Wyoming,560097,2,1,1UYVS253*BP******,2024-03-15 02:12:38,0,6,TRAILER,10289,UTILITY TRAILER MANUFACTURING COMPANY,10138,UTILITY TRAILER MANUFACTURER,26222,Utility Trailer Manufacturer,2011,,,6,UNITED STATES (USA),ARKANSAS,PARAGOULD,,,,,61,Trailer,,,,,36,Van Trailer,4,Straight Semi/Semi Trailer,53.000,,2,,
